sample_id	cell_id	ENSG00000228463	ENSG00000228327	ENSG00000237491	ENSG00000225880	ENSG00000230368	ENSG00000188976	ENSG00000187608	ENSG00000131591	ENSG00000186891	ENSG00000186827	ENSG00000078808	ENSG00000176022	ENSG00000160087	ENSG00000131584	ENSG00000169972	ENSG00000127054	ENSG00000224051	ENSG00000175756	ENSG00000221978	ENSG00000224870
682_683	TAAACCGAGGTGTGGT-1	0	0	0	0	0	0	0	0	0	0	0	0	0	0	0	0	0	0	0	0
682_683	AAACGGGCAGTTCATG-1	0	0	0	0	0	0	0	0	0	0	0	0	0	0	0	0	0	0	0	0
682_683	ATTATCCCAGCTATTG-1	0	0	0	0	0	0	0	0	0	0	0	0	0	0	0	0	0	0	1	0
682_683	CCAATCCTCGTTACAG-1	0	0	0	0	0	0	0	0	0	0	0	0	0	0	0	0	0	0	0	0
682_683	GTAGTCACAGTCTTCC-1	0	0	0	0	0	0	0	0	0	0	1	0	0	0	0	0	0	1	0	1
682_683	CATCAGAGTCAGCTAT-1	0	0	0	0	0	0	0	0	0	0	0	0	0	1	0	0	0	0	0	0
682_683	AGTGTCAAGGACTGGT-1	0	0	0	0	0	0	0	0	0	0	0	0	0	0	0	0	0	0	0	0
682_683	ATCACGAGTATATGAG-1	0	0	0	0	0	0	0	0	0	0	0	0	0	0	0	0	0	0	0	1
682_683	TTTGTCACACTCAGGC-1	0	0	0	0	1	0	0	0	0	0	0	0	0	0	0	0	0	0	0	0
682_683	TCGTAGAGTTCCACGG-1	0	0	0	0	0	0	0	0	0	0	0	0	0	0	0	0	0	0	0	0
682_683	CAACCTCGTATAGTAG-1	0	0	0	0	0	0	0	0	0	0	0	0	0	0	0	0	0	0	0	0
682_683	TAAGCGTGTACAAGTA-1	0	0	0	0	0	0	0	0	0	0	0	0	0	0	0	1	0	0	0	0
682_683	TCGTAGACACACGCTG-1	0	0	0	0	0	0	0	0	0	0	0	0	0	0	0	1	0	0	0	0
682_683	GCTGCTTGTAGCACGA-1	0	0	0	0	0	0	0	0	0	0	0	0	1	0	0	0	0	0	0	0
682_683	TAAGCGTAGTGCGATG-1	0	0	0	0	0	1	0	0	0	0	0	0	0	0	0	0	0	1	0	0
682_683	ATTGGACAGATCTGAA-1	0	0	0	0	0	0	0	0	0	0	0	0	1	0	0	0	0	1	0	0
682_683	GCTTCCACAACCGCCA-1	0	0	0	0	0	0	0	0	0	0	0	0	0	0	0	0	0	0	0	0
682_683	CAGCGACTCTGTTTGT-1	0	0	0	0	0	0	0	0	0	0	0	0	0	0	0	0	0	0	0	0
682_683	GTGAAGGAGTAGCCGA-1	0	0	0	0	0	0	0	0	0	0	0	0	0	0	0	0	0	1	0	0
682_683	GACACGCAGGGCATGT-1	0	0	0	0	0	0	0	0	0	0	0	0	0	0	0	0	0	0	1	0
682_683	CTAGCCTAGATCTGCT-1	0	0	0	0	0	0	1	0	0	0	1	0	0	0	0	0	0	2	0	0
682_683	GCATACAGTACTCGCG-1	0	0	0	0	0	0	0	0	0	0	0	0	0	0	0	0	0	0	0	0
682_683	CTTTGCGTCGTTGACA-1	0	0	0	0	0	0	1	0	0	0	1	0	0	0	0	1	0	1	0	0
682_683	TCAGATGCAGACAAGC-1	0	0	0	0	0	0	2	0	0	0	0	0	0	0	1	0	0	1	0	0
682_683	GACTAACCAACTGCTA-1	0	0	0	0	0	0	0	0	0	0	0	0	0	0	1	0	0	0	0	1
682_683	AAGGAGCCAGTCACTA-1	0	0	0	0	0	0	0	0	0	0	0	0	0	0	0	0	0	0	0	0
682_683	TGGCTGGAGGCCCTTG-1	0	0	0	0	0	0	0	0	0	0	0	0	0	0	0	1	0	1	0	0
682_683	TGAGGGACACAACTGT-1	0	0	0	0	0	0	0	0	0	0	0	0	0	0	0	0	0	0	0	0
682_683	GGGATGACAAACCCAT-1	0	0	0	0	0	0	0	0	0	0	0	0	0	0	0	0	0	0	0	0
682_683	GTTCATTAGAAGATTC-1	0	0	0	0	0	0	0	0	0	0	0	0	0	0	0	0	0	0	0	0
682_683	AGAGCTTCAAGGACTG-1	0	0	0	0	0	0	0	0	0	0	0	0	0	0	0	0	0	0	0	0
682_683	ACCCACTTCCGCATCT-1	0	0	0	0	0	0	0	0	0	0	0	0	1	0	0	0	0	0	0	0
682_683	ACGATACCACCATCCT-1	0	0	0	0	0	0	0	0	0	0	0	0	0	0	0	0	0	0	0	0
682_683	ACACCAAAGGATGCGT-1	0	0	0	0	0	0	0	0	0	0	0	0	1	0	0	0	1	0	0	0
682_683	TGCACCTAGCGTTGCC-1	0	0	0	0	0	1	0	0	0	0	0	0	0	0	0	0	0	0	0	0
682_683	CTCTACGAGTCAAGCG-1	0	0	0	0	0	1	0	0	0	0	0	0	0	0	0	0	0	0	0	0
682_683	ACGTCAAAGCCTCGTG-1	0	0	0	0	0	1	0	0	0	0	0	0	0	0	0	0	0	1	0	0
682_683	ACGGGTCGTCTCGTTC-1	0	0	0	0	0	0	0	0	0	0	0	0	0	0	0	0	0	0	1	0
682_683	TCACAAGAGACTACAA-1	0	0	0	0	1	1	0	0	0	0	0	0	0	0	0	0	0	0	0	0
682_683	CTGTTTATCACCACCT-1	0	0	0	0	0	1	0	0	0	1	0	0	0	0	0	0	1	0	0	0
682_683	CTGTTTATCATATCGG-1	0	0	0	0	0	0	0	0	0	0	0	0	0	0	0	0	0	0	0	0
682_683	CTAGCCTGTAATCGTC-1	0	0	0	0	0	0	1	0	0	0	0	0	0	0	0	0	0	0	0	0
682_683	GGGAGATGTCACACGC-1	0	0	0	0	0	0	0	0	0	0	0	0	0	0	0	0	0	0	0	0
682_683	CTTACCGAGACGACGT-1	0	0	0	0	0	0	0	0	0	0	0	0	0	0	0	0	0	0	0	0
682_683	CGCCAAGGTCCGTTAA-1	0	0	0	0	0	0	0	0	0	0	0	0	0	1	0	0	0	0	0	0
682_683	GGTGTTAAGGACTGGT-1	0	0	0	0	0	0	0	0	0	0	0	0	0	0	0	0	0	0	0	0
682_683	AGGTCATGTGAGTGAC-1	0	0	0	0	0	0	0	0	0	0	0	0	0	0	0	0	0	0	0	0
682_683	AGGTCATCATGTAGTC-1	0	0	0	0	0	0	0	0	0	0	0	0	0	0	0	0	0	0	0	0
682_683	TGGTTAGTCTGTCTCG-1	0	0	0	0	0	0	0	0	0	0	0	0	0	0	0	0	0	0	0	0
682_683	GAATAAGGTTAAGTAG-1	0	0	0	0	0	0	0	0	0	0	0	0	0	0	0	0	0	0	0	0
682_683	CCTAGCTTCTTTACAC-1	0	0	0	0	0	0	0	0	0	0	0	0	0	0	0	0	0	0	0	0
682_683	AGCGTCGAGATCGATA-1	0	0	0	0	0	0	2	0	0	0	1	0	0	0	0	0	0	0	0	0
682_683	AGCGTATAGCAGCGTA-1	0	0	0	0	0	0	0	0	0	0	0	0	0	0	0	0	0	0	0	0
682_683	TACGGGCTCGCATGAT-1	0	0	0	0	0	0	0	0	0	0	0	0	0	0	0	0	0	0	0	0
682_683	ACAGCTACAGATGGGT-1	0	0	0	0	0	0	0	0	0	0	0	0	0	0	0	0	0	0	0	0
682_683	CCTTCGAGTATGCTTG-1	0	0	0	0	0	1	0	0	0	0	0	0	1	0	0	0	0	0	0	0
682_683	GCCAAATTCTGGTATG-1	0	0	0	0	0	0	0	0	0	0	0	0	1	0	0	1	0	1	0	0
682_683	TCTTTCCTCCACGTTC-1	0	0	0	0	0	0	0	0	0	0	0	0	0	0	0	0	0	0	0	0
682_683	GAAACTCTCCAAACTG-1	0	0	0	0	0	0	0	0	0	0	0	0	0	0	0	0	0	1	0	0
682_683	GCGCAACTCGTGTAGT-1	0	0	0	0	0	0	0	0	0	0	0	0	0	0	0	0	0	0	0	0
682_683	AACTGGTTCCTGTACC-1	0	0	0	0	0	0	1	0	0	0	0	0	1	0	0	0	0	0	0	0
683_684	TGTCCCACAATGGATA-1	0	0	0	0	0	0	0	0	0	0	0	0	0	0	0	0	0	0	0	0
683_684	TTAGGACCATCACGTA-1	0	0	0	0	0	0	0	0	0	0	0	0	0	0	0	0	0	0	0	1
683_684	CAGCGACCAACACGCC-1	0	0	0	0	0	0	0	0	0	0	1	0	0	0	0	0	0	0	0	0
683_684	CAGCTAATCTACCAGA-1	0	0	0	0	0	0	0	0	0	0	1	0	0	0	0	0	0	0	0	0
683_684	CAGCGACTCCAGAGGA-1	0	0	0	0	0	0	1	0	0	0	0	0	0	0	0	0	0	0	0	0
683_684	TGGCCAGGTCGAGATG-1	0	0	0	0	0	0	0	0	0	0	0	0	0	0	0	0	0	0	0	0
683_684	TGGGAAGCATCCGTGG-1	0	0	0	0	0	0	0	0	0	0	0	0	1	0	0	0	0	0	0	0
683_684	TTAACTCCAGCGTTCG-1	1	0	0	0	0	0	0	0	0	0	0	0	1	0	0	0	0	0	0	0
683_684	TTGTAGGCAGGTCGTC-1	0	0	0	0	0	0	0	0	0	0	0	0	0	0	0	0	0	1	0	0
683_684	TGGTTCCTCCCAGGTG-1	0	0	0	0	0	0	0	0	0	0	0	0	0	0	0	0	0	0	0	0
683_684	CAGCATAGTAGAGCTG-1	0	0	0	0	0	0	0	0	0	0	0	0	0	0	0	1	0	0	0	0
683_684	TGGGCGTAGCGTTCCG-1	0	0	0	0	0	0	0	0	0	0	0	0	0	0	0	0	0	1	0	0
683_684	TTCTCCTAGGCCCTCA-1	0	0	0	0	0	0	0	0	0	0	0	0	0	0	0	0	0	0	0	0
683_684	CATCCACAGTAGATGT-1	0	0	0	0	0	0	0	0	0	0	0	0	0	0	0	0	0	0	0	0
683_684	CCGGTAGTCTTGAGGT-1	0	0	0	0	0	0	0	0	0	0	0	0	0	0	0	1	0	1	0	0
683_684	CCGTTCATCAAGCCTA-1	0	0	0	0	0	0	0	0	0	0	0	0	0	0	0	0	1	0	0	0
683_684	TCTTCGGCACGGCTAC-1	0	0	0	0	0	0	0	0	0	0	0	0	0	0	0	1	0	0	0	0
683_684	CGAATGTGTGCATCTA-1	0	0	0	0	0	0	0	0	0	0	0	0	0	0	0	0	0	0	0	0
683_684	CCACCTAGTTTAGGAA-1	0	0	0	0	0	0	0	0	0	0	0	0	0	0	0	0	0	0	0	0
683_684	CCACCTACAGACGCAA-1	0	0	0	1	0	0	0	0	0	0	0	0	0	0	0	0	0	1	0	0
683_684	CGAGCACGTTCCCTTG-1	0	0	0	0	0	0	0	0	0	0	0	0	0	0	0	0	0	0	0	0
683_684	CGATGGCGTCAAAGCG-1	0	0	0	0	0	0	0	0	0	0	0	0	0	0	0	0	0	0	0	0
683_684	TGACAACTCGCCGTGA-1	0	0	0	0	0	0	0	0	0	0	0	0	1	0	0	0	0	0	0	0
683_684	TGAGAGGGTCGATTGT-1	0	0	0	0	0	0	0	0	0	0	0	0	0	0	0	0	0	0	0	0
683_684	TTCTACATCGTAGGAG-1	0	0	0	0	0	0	1	0	0	0	0	1	0	0	0	0	0	1	0	0
683_684	CATCGAATCGCATGGC-1	0	0	0	0	0	0	0	0	0	0	0	0	0	0	0	0	0	0	0	0
683_684	TTCTTAGCAGAGTGTG-1	0	0	0	0	0	0	0	0	0	0	0	0	0	0	0	0	0	0	0	0
683_684	TTTGGTTAGTCTCAAC-1	0	0	0	0	0	0	1	0	0	0	0	0	0	0	0	0	0	0	0	0
683_684	TGAGGGAAGTGGGCTA-1	0	0	0	0	0	0	0	0	0	0	0	0	0	0	0	0	0	0	0	0
683_684	TTCTACACAAAGTCAA-1	0	0	0	0	0	0	0	0	0	0	0	0	0	0	0	0	0	0	0	0
683_684	TTTACTGAGTACATGA-1	0	0	0	0	0	0	0	0	0	0	0	0	0	0	0	0	0	0	0	0
683_684	CCATTCGGTGCCTTGG-1	0	0	0	0	0	0	0	0	0	0	0	0	0	0	0	0	0	0	0	0
683_684	TTTGGTTGTGTTGAGG-1	0	0	0	0	0	0	0	0	0	0	0	0	0	0	0	0	0	1	0	0
683_684	TTATGCTAGACTTTCG-1	0	0	0	0	0	0	0	0	0	0	0	0	0	0	0	0	0	0	0	0
683_684	TTTCCTCTCACTATTC-1	0	0	0	0	0	0	0	0	0	0	0	0	1	0	0	0	0	0	0	0
683_684	TGCACCTTCTAACTTC-1	0	0	0	0	0	0	0	0	0	0	0	0	0	0	0	0	0	0	0	0
683_684	TGCACCTTCTTGTTTG-1	0	0	0	0	0	0	0	0	0	0	0	0	0	0	0	0	0	0	0	0
683_684	ATCCGAACATCGACGC-1	0	0	0	0	0	0	0	0	0	0	0	0	0	0	0	0	0	1	0	0
683_684	ACCTTTATCAATCACG-1	0	0	0	0	0	0	0	0	0	0	0	0	0	0	0	0	0	0	0	0
683_684	ACGCCGAGTCGATTGT-1	0	0	0	0	0	0	0	0	0	0	0	0	0	0	0	0	0	1	0	0
683_684	ACGGCCAGTCTTCGTC-1	0	0	0	0	0	0	1	0	0	0	0	0	0	0	0	0	0	0	0	1
683_684	CTCTGGTCAGGTCTCG-1	0	0	0	0	0	0	0	0	0	0	0	0	0	0	0	0	0	1	0	0
683_684	CTCTACGAGTCAATAG-1	0	0	0	0	0	0	0	0	0	0	1	0	1	0	0	0	0	0	0	0
683_684	TAAGAGATCTCCGGTT-1	0	0	0	0	0	0	0	0	0	0	0	0	0	0	0	0	0	0	0	0
683_684	CTCGGGAGTAGGGACT-1	0	0	0	0	0	0	0	0	0	0	0	0	0	1	0	0	0	0	0	1
683_684	CTCGGGAAGTATGACA-1	0	0	0	0	0	0	0	0	0	0	1	0	0	0	0	0	0	0	0	0
683_684	CTCGAGGGTTCCCTTG-1	0	0	0	0	0	0	0	0	0	0	0	0	0	0	0	0	0	0	0	0
683_684	GGAATAAAGGGATACC-1	0	0	0	0	0	0	0	0	0	0	0	0	0	0	0	0	0	0	1	0
683_684	GGAATAACAACGATCT-1	0	0	0	0	0	0	0	0	0	0	0	0	1	0	0	0	0	0	0	0
683_684	CTCGAAACATGTCGAT-1	0	0	0	0	0	0	0	0	0	0	0	0	0	0	0	0	0	0	0	0
683_684	GTTTCTATCTGAGTGT-1	0	0	0	0	0	0	0	0	0	0	0	0	0	0	0	0	0	0	0	0
683_684	ACTGATGAGCCGTCGT-1	0	0	0	0	0	1	1	0	0	0	0	0	0	0	0	0	0	0	0	0
683_684	TCAGATGAGCTCCTTC-1	0	0	0	0	0	0	0	0	0	0	0	0	0	0	0	0	0	1	0	0
683_684	CTAGAGTGTCAAAGCG-1	0	0	0	0	0	0	0	0	0	0	0	0	0	0	0	0	0	0	0	0
683_684	CTACGTCGTGAAATCA-1	0	0	0	0	0	0	0	0	0	0	0	0	0	0	0	0	0	0	0	0
683_684	CTAATGGGTCAAAGCG-1	0	0	0	0	0	0	0	0	0	0	0	0	0	0	0	0	0	0	0	0
683_684	GGCTCGACAGGTCTCG-1	0	0	0	0	0	0	0	0	0	0	0	0	0	0	0	0	0	1	0	0
683_684	CGTAGCGCATCGACGC-1	0	0	0	0	0	0	0	0	0	0	0	0	0	0	0	0	0	0	0	0
683_684	TCCACACTCTCAAGTG-1	0	0	0	0	0	0	0	0	2	0	0	0	0	0	0	0	0	1	0	0
683_684	CGTCACTCAACACGCC-1	0	1	0	0	0	0	0	0	0	0	0	0	0	0	0	0	0	0	0	0
683_684	GGATTACGTTTAGCTG-1	0	0	0	0	0	0	0	0	0	0	0	0	0	0	0	0	0	0	0	0
683_684	CGTCCATGTTACCGAT-1	0	0	0	0	0	0	0	0	0	0	0	0	0	0	0	0	0	0	0	0
683_684	TACCTTACACCACGTG-1	0	0	0	0	0	0	0	0	0	0	0	0	0	0	0	0	0	0	0	0
683_684	CGTCTACCACGTAAGG-1	0	0	0	0	0	0	0	0	0	0	1	0	0	0	0	0	0	1	0	1
683_684	GTTCTCGCACTTGGAT-1	0	0	0	0	0	0	0	0	0	0	0	0	0	0	0	0	0	0	0	0
683_684	TCAGGATGTACTTGAC-1	0	0	0	0	0	0	0	0	0	0	0	0	1	0	0	0	0	0	0	0
683_684	GGACAAGTCAACTCTT-1	0	0	0	0	0	0	0	0	0	0	0	0	0	0	0	0	0	0	0	0
683_684	GGAATAATCACCCTCA-1	0	0	0	0	0	0	0	0	0	0	0	0	0	0	0	0	0	2	0	0
683_684	CTAATGGCACACTGCG-1	0	0	0	0	0	0	0	0	0	0	0	0	0	0	0	0	0	0	0	0
683_684	CTAATGGGTACGACCC-1	0	0	0	0	0	0	0	0	0	0	0	0	0	0	0	0	0	0	1	0
683_684	GGACGTCAGTTGAGAT-1	0	0	0	0	0	0	0	0	0	0	0	0	0	0	0	0	0	0	0	0
683_684	CGTAGCGAGGTGCAAC-1	0	0	0	0	0	0	0	0	0	0	0	0	0	0	0	0	0	0	0	0
683_684	ACGCCAGTCAGAAATG-1	0	0	0	0	0	0	0	0	0	0	0	0	0	0	0	0	0	1	1	0
683_684	GCTCCTAGTAGCTAAA-1	0	0	0	0	0	0	0	0	0	0	0	0	0	0	0	0	0	0	0	0
683_684	TACTCGCCAGCGTCCA-1	0	0	0	0	0	0	0	0	0	0	0	0	0	0	0	0	0	0	0	0
683_684	GCAGCCACAGTAACGG-1	0	0	0	0	0	0	1	0	0	0	0	0	0	0	0	0	0	0	0	0
683_684	AAGACCTGTTCCGGCA-1	0	0	0	0	0	0	0	0	0	0	0	0	0	0	0	0	0	0	0	0
683_684	TAGAGCTTCTCGGACG-1	0	0	0	0	0	0	0	0	0	0	0	0	0	0	0	0	0	1	0	0
683_684	GATGCTAGTACCTACA-1	0	0	0	0	0	0	1	0	0	0	0	0	0	0	0	0	0	1	0	0
683_684	AAGGTTCCATAAAGGT-1	0	0	0	0	0	0	1	0	0	0	0	0	0	0	0	0	0	0	0	0
683_684	GATCGCGCACGAAACG-1	0	0	0	1	0	0	0	0	0	1	0	0	0	0	0	0	0	0	0	0
683_684	ACACCGGAGAGGTACC-1	0	0	0	0	0	0	0	0	0	0	0	0	0	0	0	0	0	0	0	0
683_684	GCGACCAGTTAGAACA-1	0	0	0	0	0	0	0	0	0	0	0	0	0	0	0	0	0	0	0	0
683_684	GAGTCCGAGTGTACCT-1	0	0	0	0	0	0	0	0	0	0	0	0	0	0	0	0	0	0	0	0
683_684	GACTACAGTCATTAGC-1	0	0	0	0	0	0	0	0	0	0	0	0	0	0	0	0	0	1	0	0
683_684	GACTAACCATCGTCGG-1	0	0	0	0	0	0	0	0	0	0	0	0	0	0	0	0	0	1	0	0
683_684	GACGTGCTCACCACCT-1	0	0	0	1	0	0	0	0	0	0	0	0	1	0	0	0	0	0	0	0
683_684	AACTCCCCACAACGTT-1	0	0	0	0	0	0	0	0	0	0	1	0	0	0	0	0	0	0	0	0
683_684	GACACGCTCTGGCGAC-1	0	0	0	0	0	0	0	0	0	0	0	0	1	0	0	0	0	0	0	0
683_684	ACATACGGTTCAGACT-1	0	0	0	0	0	0	0	0	0	0	0	0	0	0	0	0	0	0	0	0
683_684	ACATCAGAGATGTGGC-1	0	0	0	0	0	0	0	0	0	0	0	0	0	0	0	0	0	0	0	0
683_684	AAACGGGGTTGCGCAC-1	0	0	0	0	0	0	0	0	0	0	0	0	0	0	0	0	0	0	0	0
683_684	CTTCTCTTCGTAGATC-1	0	0	0	0	0	0	0	0	0	1	0	0	0	0	0	0	0	0	0	0
683_684	CTTGGCTGTAAGTGTA-1	0	0	0	0	0	0	0	0	0	0	0	0	0	0	0	0	1	0	0	0
683_684	CACCAGGTCGCCCTTA-1	0	0	0	0	0	0	0	0	0	0	0	0	0	0	0	0	0	0	0	0
683_684	CTTGGCTGTACCTACA-1	0	0	0	0	0	0	0	0	0	0	0	0	0	0	0	0	0	0	0	0
683_684	ACCCACTGTTCAGGCC-1	0	0	0	0	0	0	0	0	0	0	0	0	0	0	0	0	0	0	0	0
683_684	ACGCCAGGTGGTAACG-1	0	0	0	1	0	0	0	0	0	0	0	0	0	0	0	0	0	0	0	0
683_684	CTTTGCGAGGCTACGA-1	0	0	0	0	0	0	1	0	0	0	1	0	0	0	0	0	0	2	0	0
683_684	ACATCAGTCTCGCATC-1	0	0	0	0	0	0	0	0	0	0	0	0	0	0	0	0	0	0	0	0
683_684	ACATCAGGTGGTCTCG-1	0	0	0	0	0	0	0	0	0	0	0	0	0	0	0	0	0	0	0	0
683_684	GAAATGATCTTACCGC-1	0	0	0	0	0	0	0	0	0	0	0	0	0	0	0	0	0	1	0	0
683_684	GAACCTAGTTCCACAA-1	0	0	0	0	0	0	0	0	0	0	0	0	0	0	0	0	0	0	0	0
683_684	TATTACCCAACCGCCA-1	0	0	0	0	0	1	1	0	0	0	1	0	0	0	0	1	0	0	0	0
683_684	GAACGGACACTCAGGC-1	0	0	0	0	0	0	1	0	0	0	0	0	0	0	0	0	0	0	0	0
683_684	ACATGGTTCCAGAGGA-1	0	0	0	0	0	0	0	0	0	0	0	0	0	0	0	0	0	1	0	0
683_684	AGAGTGGAGCGATAGC-1	1	0	0	0	0	0	0	0	0	0	0	0	0	0	0	0	0	0	0	0
683_684	CTACCCAGTTGAGTTC-1	0	0	0	0	0	0	0	0	0	0	0	0	0	0	0	0	0	0	0	0
683_684	ATAGACCAGTGCAAGC-1	0	0	0	0	0	0	0	0	0	0	0	0	0	0	0	0	0	0	0	0
683_684	GTCTTCGGTCATTAGC-1	0	0	0	0	0	0	0	0	0	0	0	0	0	0	0	0	0	0	0	0
683_684	GTTAAGCTCAGATAAG-1	0	0	0	0	0	0	0	0	0	0	0	0	0	0	0	0	0	0	0	0
683_684	TCGCGTTCAGACGCCT-1	0	0	0	0	0	0	0	0	0	0	0	0	0	0	0	0	0	0	0	0
683_684	AGCTTGACACAAGCCC-1	0	0	0	0	0	0	0	0	0	0	0	0	0	0	0	0	0	1	0	0
683_684	GTAGGCCCAGGCTGAA-1	0	0	0	0	0	0	0	0	0	0	0	0	0	0	0	0	0	0	0	0
683_684	ATGAGGGTCGCATGAT-1	0	0	0	0	0	0	0	0	0	0	0	0	1	0	0	0	0	0	0	0
683_684	GTCGGGTGTCTGATCA-1	0	0	0	0	0	0	0	0	0	0	0	0	0	0	0	0	0	0	0	0
683_684	AGTGGGATCTGCTTGC-1	0	0	0	0	0	0	0	0	0	0	0	0	0	0	0	0	0	0	0	0
683_684	GGGCACTAGATTACCC-1	0	0	0	0	0	0	0	0	0	0	1	0	2	0	0	1	1	1	1	1
683_684	GTAACTGAGCTAACTC-1	0	0	0	0	0	0	1	0	0	0	0	0	0	0	0	0	0	1	0	0
683_684	AGGTCATTCCATGCTC-1	0	0	0	0	0	0	0	0	0	0	0	0	0	0	0	0	0	0	0	0
683_684	AGGTCATTCTGCTTGC-1	0	0	0	0	0	0	0	0	0	0	0	0	0	0	0	0	0	0	0	0
683_684	GTAACGTGTGTGACCC-1	0	0	0	0	0	1	0	0	0	0	1	0	0	0	0	0	0	0	0	0
683_684	CAAGAAATCCCACTTG-1	0	0	0	0	0	0	0	0	0	0	0	0	0	0	0	0	0	0	0	0
683_684	GGGCACTGTGGACGAT-1	0	0	0	0	0	0	0	0	0	0	1	0	0	0	0	0	0	0	0	0
683_684	AGTCTTTGTTCCATGA-1	0	0	0	0	0	0	1	0	0	0	0	0	0	0	0	0	0	1	0	0
683_684	AGTGGGACAGGGTACA-1	0	0	0	0	0	0	0	0	0	0	0	0	0	0	0	0	0	0	0	0
683_684	CGGACTGGTTCTGGTA-1	0	0	0	0	0	1	0	0	0	0	1	0	0	0	0	0	0	0	0	0
683_684	CGGACTGTCAACACTG-1	0	0	0	0	0	0	1	0	0	0	0	0	0	0	1	0	0	0	0	0
683_684	GTCATTTGTAGTAGTA-1	0	0	0	0	0	0	0	0	0	0	0	0	0	0	0	0	0	0	0	0
683_684	CACACCTTCGAGAGCA-1	0	0	0	0	0	0	0	0	0	0	0	0	0	0	0	1	0	0	0	1
683_684	AGCAGCCTCACCCGAG-1	0	0	0	0	0	0	0	0	0	0	0	0	0	0	0	0	0	0	0	0
683_684	CACCAGGCACCAGCAC-1	0	0	0	0	0	0	1	0	0	0	0	0	0	0	0	0	0	0	1	0
683_684	AGCAGCCTCCTAAGTG-1	0	0	0	0	0	0	0	0	0	0	0	0	0	0	0	0	0	0	0	0
683_684	AGCCTAAAGCTAGCCC-1	0	0	0	0	0	0	0	0	0	0	0	0	0	0	0	1	0	0	0	0
683_684	GTTCATTCAGGCTCAC-1	0	0	0	0	0	0	0	0	0	0	0	0	0	0	0	0	0	0	0	0
683_684	ATAAGAGCAAAGTGCG-1	0	0	0	0	0	1	0	0	0	0	0	0	0	0	0	1	0	0	0	0
683_684	CGGCTAGCAAACCCAT-1	0	0	0	0	0	0	0	0	0	1	0	0	0	0	0	0	0	1	0	0
683_684	TCCCGATCATCGGTTA-1	0	0	0	0	0	0	0	0	0	0	0	0	0	0	0	0	0	0	0	0
683_684	CGGAGCTTCCCTCTTT-1	0	0	0	0	0	0	1	0	0	0	0	0	0	0	0	0	0	0	0	0
683_684	GGTGAAGCAGTCCTTC-1	1	0	0	0	0	0	0	0	0	0	0	0	0	0	0	0	0	0	0	0
683_684	GTCACAACACCATGTA-1	0	0	0	0	0	0	0	0	0	0	0	0	0	0	0	0	0	0	0	0
683_684	GTCAAGTGTAGCAAAT-1	1	0	0	0	0	0	0	0	1	0	0	0	0	0	0	0	0	2	0	0
683_684	CACAGTACAATCGGTT-1	0	0	0	0	0	1	0	0	0	0	0	0	0	0	0	0	0	1	0	0
683_684	GGTGAAGTCCACTGGG-1	0	0	0	0	0	0	0	0	0	0	0	0	0	0	0	0	1	1	0	0
683_684	GGGAGATTCATAAAGG-1	0	0	0	0	0	0	0	0	0	0	0	0	0	0	0	0	0	1	1	0
683_684	GTCGGGTCAGACTCGC-1	0	0	0	0	0	0	0	0	0	0	1	0	0	0	0	0	0	0	0	0
683_684	CACATAGAGCTTTGGT-1	0	0	0	0	0	0	0	0	0	0	0	0	0	0	0	0	0	0	0	0
683_684	ATTTCTGGTTTGGGCC-1	0	0	0	0	0	0	0	0	0	0	0	0	0	0	0	0	0	1	0	0
684_685	CATGCCTAGTCTCGGC-1	0	0	0	0	0	0	0	0	0	0	0	0	0	0	0	0	0	0	0	0
684_685	GAAATGAAGGATTCGG-1	0	0	0	0	0	0	0	0	0	0	1	0	0	0	0	0	0	0	0	0
684_685	GGTGAAGTCTTTACAC-1	0	0	0	0	0	0	1	0	0	0	0	0	1	0	0	0	0	0	0	0
684_685	GCTCCTAAGCCAGTAG-1	0	0	0	0	0	0	0	0	0	0	0	0	0	0	0	0	0	0	0	0
684_685	CATGACATCTTTCCTC-1	0	0	0	0	0	0	0	0	0	0	0	0	0	0	0	0	0	0	0	0
684_685	TGGACGCAGTGGTCCC-1	0	0	0	0	0	0	0	0	0	0	0	0	1	0	0	0	0	0	0	0
684_685	CATTATCGTTCTGGTA-1	0	0	0	0	0	0	0	0	0	0	0	0	0	0	0	0	0	0	0	0
684_685	GGCTGGTTCCTCAACC-1	0	0	0	0	0	0	0	0	0	0	0	0	0	0	0	0	0	0	0	0
684_685	TGTCCCAGTAAGGATT-1	0	0	0	0	0	0	0	0	0	0	0	0	0	0	0	0	0	0	0	0
684_685	AACTCCCGTGCAACGA-1	0	0	0	0	0	0	1	0	0	0	1	0	0	0	0	0	0	0	0	0
684_685	TACGGTACAGGTCCAC-1	0	0	0	0	0	0	0	0	0	0	0	0	0	0	0	0	0	0	0	0
684_685	TCAACGATCTTGTCAT-1	0	0	0	0	0	1	0	0	0	0	0	0	0	0	0	0	0	0	0	0
684_685	CACACAAAGAATGTGT-1	0	0	0	0	0	0	0	0	0	0	0	0	0	0	0	0	0	0	0	0
684_685	TATGCCCTCGTTTATC-1	0	0	0	0	0	0	0	0	0	0	0	0	0	0	0	0	0	0	0	0
684_685	CAGCTAATCACAGGCC-1	0	0	0	0	0	0	0	0	0	0	0	0	0	0	0	0	0	2	0	0
684_685	GATCAGTAGAAACGAG-1	1	0	0	0	0	0	0	0	0	0	0	0	0	0	0	0	0	1	0	1
684_685	AACTGGTTCTTGCAAG-1	0	0	0	0	0	0	0	0	0	0	0	0	0	0	0	0	0	1	0	0
684_685	GATCGCGGTCCTCTTG-1	0	0	0	0	0	0	0	0	0	0	0	0	0	0	0	0	0	0	0	0
684_685	TAGCCGGAGGGATGGG-1	0	0	0	0	0	0	0	0	0	0	0	0	0	0	0	0	0	0	0	0
684_685	TCGGTAATCGCAGGCT-1	0	0	0	0	0	1	1	0	0	0	2	0	0	0	0	0	0	2	0	0
684_685	GAATGAATCTGGGCCA-1	0	0	0	0	0	0	1	0	0	0	0	0	0	0	0	0	0	0	0	0
684_685	ACACCGGCACAGGAGT-1	0	0	0	0	0	1	0	0	0	0	0	0	0	0	0	0	0	0	0	0
684_685	TGCGGGTGTTCCCGAG-1	0	0	0	0	0	0	0	0	0	0	1	0	0	0	0	0	0	1	1	0
684_685	GCAAACTCATGGTCTA-1	0	0	0	0	0	0	0	0	0	0	1	0	0	0	0	0	0	1	0	0
684_685	TGATTTCAGGTTCCTA-1	0	0	0	0	0	1	0	0	0	0	0	0	0	1	0	0	0	0	0	0
684_685	CTCACACAGCGCTCCA-1	0	0	0	0	0	0	0	0	0	0	0	0	0	0	0	0	0	1	0	0
684_685	GGAATAACACCTATCC-1	0	0	0	0	0	0	0	0	0	0	0	0	0	0	0	0	0	1	0	0
684_685	CCCAATCCAGTTTACG-1	0	0	0	0	0	0	0	0	0	0	0	0	0	0	0	0	0	0	0	0
684_685	CGGAGCTAGCCAGTAG-1	0	0	0	0	0	1	1	0	0	0	0	0	0	0	0	0	0	0	0	0
684_685	TTGACTTGTTGGACCC-1	0	0	0	0	0	0	0	0	0	1	0	0	0	0	0	0	0	0	0	0
684_685	AGTAGTCCAGGTGCCT-1	0	0	0	0	0	0	0	0	0	0	0	0	0	0	0	0	0	0	0	0
684_685	GTTTCTACACATCCGG-1	0	0	0	0	0	0	0	0	0	0	0	0	1	0	0	0	0	0	0	0
684_685	CTGAAGTGTTGAACTC-1	0	0	0	0	0	0	0	0	0	0	0	0	0	0	0	0	0	0	0	0
684_685	GGGATGAGTGTGAAAT-1	0	0	0	0	0	0	0	0	0	0	0	0	0	0	0	0	0	0	0	0
684_685	GGACAGAAGGCGTACA-1	0	0	0	0	0	0	0	0	0	0	1	0	0	0	0	1	0	0	0	0
684_685	GTGGGTCTCGTTTATC-1	0	0	0	0	0	0	0	0	0	0	0	0	0	0	0	0	0	0	0	0
684_685	TGACTAGTCGCAAACT-1	0	0	0	0	0	0	0	0	0	0	0	0	0	0	0	0	0	0	0	0
684_685	CCTTACGTCACTCCTG-1	0	0	0	0	0	0	1	0	0	0	0	0	0	0	0	0	0	1	1	0
684_685	AAAGTAGAGAGGGATA-1	0	0	0	0	0	1	0	0	0	0	0	0	0	0	0	0	0	1	0	0
684_685	ATAACGCTCAAGAAGT-1	0	0	0	0	0	0	0	0	0	0	0	0	0	0	0	0	0	0	0	0
684_685	ACTGTCCGTCGACTGC-1	0	0	0	0	0	1	0	0	0	0	0	0	0	0	0	0	0	0	0	0
684_685	TCGAGGCTCTTGTACT-1	0	1	0	0	0	0	0	0	0	0	0	0	0	0	0	0	0	0	0	0
684_685	AGCGGTCCAACACGCC-1	0	0	0	0	0	0	0	0	0	0	0	0	0	0	0	0	0	0	0	0
684_685	CTGATCCGTAAAGGAG-1	0	0	0	0	0	0	0	0	0	0	1	0	0	0	1	0	0	1	0	0
685_686	TACGGTATCGGATGTT-1	0	0	0	0	0	0	0	0	0	0	0	0	0	0	0	0	0	1	0	0
685_686	GGCTGGTTCTGCGGCA-1	0	0	0	0	0	0	0	0	0	0	0	0	0	0	0	0	0	0	0	0
685_686	GCACTCTAGGAGTAGA-1	0	1	0	0	0	0	1	0	0	0	0	0	0	0	0	0	0	0	0	0
685_686	TTTCCTCCAAGCTGAG-1	1	0	0	0	0	0	0	0	0	0	0	0	0	1	0	0	0	0	0	0
685_686	TTCTACATCAGTTAGC-1	0	0	0	0	1	0	0	0	0	0	0	0	0	0	0	0	0	0	0	0
685_686	TTTACTGGTCGCTTTC-1	0	0	0	0	0	0	0	0	0	0	0	0	0	0	0	0	0	0	0	0
685_686	GCATGTAGTTCACCTC-1	0	0	0	0	0	0	0	0	0	0	0	0	1	0	0	1	0	0	0	0
685_686	GCATGCGTCCCTTGTG-1	0	0	0	0	0	0	0	0	0	0	0	0	0	0	0	0	0	0	0	0
685_686	AACTTTCTCACGCGGT-1	0	0	0	0	0	0	0	0	0	0	0	0	0	0	0	0	0	0	0	0
685_686	GGGAGATGTTTGGCGC-1	0	0	0	0	0	0	0	0	0	0	0	0	0	0	0	0	0	0	0	0
685_686	GCAGTTAAGCAACGGT-1	0	0	0	0	0	0	0	0	0	0	0	0	0	0	0	0	0	0	0	0
685_686	GTTCTCGCACCAGATT-1	0	1	0	0	0	0	0	0	0	0	0	0	0	0	0	0	0	1	0	0
685_686	AAATGCCCACGTGAGA-1	0	0	0	0	0	0	1	0	0	0	0	0	0	0	0	0	0	0	0	0
685_686	TACGGATTCAACACTG-1	0	0	0	0	0	0	1	0	0	0	0	0	0	0	0	0	0	0	0	0
685_686	GGGCACTTCCAAAGTC-1	0	0	0	0	0	0	0	0	0	0	0	0	0	0	0	0	0	0	0	0
685_686	AACACGTGTACAGACG-1	1	0	0	0	0	0	0	0	0	0	0	0	0	0	0	0	0	0	0	0
685_686	TACCTTAGTACCGCTG-1	0	0	0	0	0	0	0	0	0	0	0	0	0	0	0	0	0	0	0	0
685_686	GCTGCAGTCCTCCTAG-1	0	0	0	0	0	0	0	0	0	0	0	0	0	0	0	0	0	0	1	0
685_686	TTTGGTTAGGCCCTCA-1	0	0	0	0	0	0	0	0	0	0	0	0	0	0	0	0	0	0	0	0
685_686	GTGAAGGGTAAAGGAG-1	0	0	0	0	0	0	0	0	0	0	0	0	1	0	0	0	0	0	0	0
685_686	AACTCAGCAACGATGG-1	0	0	0	0	0	0	0	0	0	0	0	0	0	0	0	0	0	0	0	0
685_686	GTGTTAGTCAGGTTCA-1	0	0	0	0	0	0	0	0	0	0	0	0	0	0	0	0	0	1	0	0
685_686	GCTGCTTTCACCAGGC-1	0	0	0	0	0	0	0	0	0	0	0	0	0	0	0	0	0	0	0	0
685_686	GGTGTTAAGGAGTCTG-1	0	0	0	0	0	0	0	0	0	0	0	0	0	0	0	0	0	0	0	0
685_686	GGAAAGCGTGTGAATA-1	0	0	0	0	0	0	0	0	0	0	0	0	0	0	0	0	0	0	0	0
685_686	GGAACTTAGTCGTACT-1	0	0	0	0	0	0	0	0	0	0	0	0	0	0	0	0	0	0	0	0
685_686	GGAACTTGTGACCAAG-1	0	0	0	0	0	0	0	0	0	0	0	0	0	0	0	0	0	0	0	0
685_686	GTCTCGTCAAAGTCAA-1	0	0	0	0	0	0	0	0	0	0	0	0	0	0	0	0	0	0	0	0
685_686	GCGGGTTCACTAGTAC-1	0	0	0	0	0	0	0	0	0	0	0	0	0	0	0	0	0	0	0	0
685_686	GGGCACTGTCTGGTCG-1	0	0	0	0	1	0	0	0	0	0	0	0	0	0	0	0	0	0	0	0
685_686	TAAACCGTCTACCAGA-1	0	0	0	0	0	0	0	0	0	0	0	0	0	0	0	1	2	0	0	0
685_686	TTCTCAATCAGTCCCT-1	0	0	0	0	0	0	0	0	0	0	0	0	0	0	0	1	0	1	1	0
685_686	TTTGCGCCAATAGAGT-1	0	0	0	0	0	0	0	0	0	0	0	0	0	0	0	0	0	0	0	0
685_686	CACCAGGGTAATCGTC-1	0	0	0	0	0	0	0	0	0	0	0	0	0	0	0	0	0	1	0	0
685_686	AAGGCAGAGAGGACGG-1	0	0	0	0	0	0	0	0	0	0	0	0	0	0	0	0	0	1	0	0
685_686	AGGCCACCAAACGTGG-1	0	0	0	0	0	0	0	0	0	0	0	0	0	0	0	0	0	0	0	0
685_686	CGCTGGAAGAATTCCC-1	0	0	0	0	0	1	0	0	0	0	0	0	0	0	0	0	0	0	0	0
685_686	TCCCGATGTGCTAGCC-1	0	0	0	0	0	0	0	0	0	0	1	0	0	0	0	0	0	0	0	0
685_686	CGGACTGAGATCCTGT-1	0	0	0	0	0	0	0	0	0	0	0	0	0	1	0	0	0	0	0	0
685_686	AGCTCTCTCTTGCAAG-1	0	0	0	0	0	1	0	0	0	0	1	0	0	0	0	0	0	1	0	0
685_686	AGCGTCGTCCACGAAT-1	0	0	0	0	0	0	0	0	0	0	0	0	0	0	0	0	0	0	0	0
685_686	TCTTTCCAGGTGCAAC-1	0	0	0	0	0	1	0	0	0	0	0	0	0	0	0	0	0	0	0	0
685_686	TCGAGGCCACAACTGT-1	0	0	0	0	0	1	0	0	0	0	0	0	0	0	0	0	0	0	0	0
685_686	AGCGGTCAGTAGGCCA-1	0	0	0	0	0	0	0	0	0	0	0	0	0	0	0	0	0	0	0	0
685_686	CGAGCACAGACTTTCG-1	0	0	0	0	0	0	0	0	0	0	1	0	0	0	0	0	0	0	0	0
685_686	CGAGCCATCGATGAGG-1	0	0	0	0	0	0	0	0	0	0	0	0	0	0	0	0	0	0	0	0
685_686	AGCAGCCCATCCTAGA-1	0	0	0	0	0	0	0	0	0	0	0	0	0	0	0	0	0	0	0	0
685_686	TGACAACGTACAGACG-1	0	0	0	0	1	0	0	0	0	0	0	0	0	0	0	0	0	0	0	0
685_686	CGTCAGGGTGTGCCTG-1	0	0	0	0	1	0	0	0	0	0	0	0	0	0	0	0	0	0	0	0
685_686	AGAGCTTGTTCTCATT-1	0	0	0	0	1	0	0	0	0	0	0	0	0	0	0	0	0	0	0	0
685_686	CGCGGTAAGATCACGG-1	0	0	0	0	0	0	0	0	0	0	1	0	1	0	0	0	0	1	0	0
685_686	CGGCTAGTCTCTGCTG-1	0	0	0	0	0	1	0	0	2	0	1	0	0	1	0	0	0	0	0	0
685_686	CGTGTAAAGTTTCCTT-1	0	0	0	0	0	0	0	0	0	0	0	0	0	0	0	0	0	0	0	0
685_686	TCTGGAACATCTACGA-1	0	0	0	0	0	0	0	0	0	0	0	0	0	0	0	0	0	0	0	0
685_686	TCTGAGACACCATGTA-1	0	0	0	0	0	0	0	0	0	0	0	0	0	0	0	0	0	0	0	0
685_686	CACATAGGTCTCTTAT-1	0	0	0	0	0	0	0	0	0	0	0	0	0	0	0	1	0	0	0	0
685_686	CACAGTATCGTACGGC-1	0	0	0	0	0	0	0	0	0	0	0	0	0	0	0	0	0	1	0	0
685_686	TCGGGACAGCTTCGCG-1	0	0	0	0	0	0	0	0	0	0	0	0	0	0	0	0	0	0	0	0
685_686	CACAAACGTATTACCG-1	0	0	0	0	0	0	0	0	0	0	0	0	0	0	1	0	0	0	1	0
685_686	CATCAGATCCGAGCCA-1	0	0	0	0	0	1	0	0	0	0	0	0	1	0	0	0	0	1	1	0
685_686	CAAGTTGTCGCTGATA-1	0	0	0	0	0	0	0	0	0	0	0	0	0	0	0	0	0	0	0	0
685_686	CATCCACTCCCTCAGT-1	0	0	0	0	0	0	0	0	0	0	1	0	0	0	0	0	0	0	1	0
685_686	AGGTCATGTGTGGCTC-1	0	0	0	0	0	0	0	0	0	0	0	0	0	0	0	0	0	0	0	0
685_686	CAAGGCCGTCTGCAAT-1	0	0	0	0	0	0	1	0	0	0	0	0	0	0	0	0	0	1	0	0
685_686	ATTCTACAGTCAATAG-1	0	0	0	0	0	0	0	0	0	0	1	0	0	0	0	0	0	0	0	0
685_686	ATGCGATTCTAACTCT-1	0	0	0	0	0	0	0	0	0	0	0	0	1	0	0	0	0	0	0	0
685_686	ATCTGCCAGTAGCGGT-1	0	0	0	0	0	0	0	0	0	0	0	0	0	0	0	0	0	0	0	0
685_686	ATCCGAAAGCTAACTC-1	0	0	0	1	0	1	1	0	0	0	0	0	0	0	0	0	0	0	0	0
685_686	TCTATTGTCGTACCGG-1	0	0	0	0	1	0	0	0	0	0	0	0	0	0	0	0	0	1	1	0
685_686	CCAGCGACACAACGCC-1	0	0	0	0	0	0	0	0	0	0	0	0	0	0	0	0	0	1	0	0
685_686	TCTCATACAGGTCCAC-1	0	0	0	0	0	1	1	0	0	0	0	0	2	0	0	0	1	0	1	0
685_686	CAACCAATCGCACTCT-1	0	0	0	0	0	0	0	0	0	0	0	0	0	0	0	0	0	1	1	0
685_686	TTCGAAGAGAATCTCC-1	0	0	0	0	0	0	1	0	0	0	1	0	1	0	0	0	0	2	0	0
685_686	CGTGTCTTCTGCCCTA-1	0	0	0	0	0	0	1	0	0	0	0	0	0	0	0	0	0	2	0	0
685_686	CTAAGACAGGCCGAAT-1	0	0	0	0	0	0	1	0	0	0	0	0	0	0	0	0	0	2	0	0
685_686	CTTTGCGAGCTGGAAC-1	0	0	0	0	0	0	0	0	0	0	0	0	0	0	0	0	0	0	0	0
685_686	TGGTTAGCATGCAATC-1	0	0	0	0	0	0	0	0	0	0	0	0	0	0	0	0	0	1	0	0
685_686	GAACCTAGTGACCAAG-1	0	0	0	0	0	0	1	0	0	0	0	0	0	0	0	0	0	0	0	0
685_686	GACAGAGGTCTAGTGT-1	0	0	0	0	0	0	0	0	0	0	0	0	0	0	0	0	1	0	0	0
685_686	GACCAATAGATGTCGG-1	0	0	0	0	0	0	0	0	0	0	0	0	0	0	0	0	0	0	0	0
685_686	GACGGCTGTGTGAATA-1	0	0	0	0	0	0	1	0	0	0	0	0	0	0	0	0	0	0	0	0
685_686	ACAGCCGTCACTTCAT-1	0	0	0	0	0	0	2	0	0	0	0	0	0	0	0	0	0	0	0	0
685_686	CTTGGCTTCCGCAAGC-1	0	0	0	1	0	0	0	0	0	0	0	0	0	0	0	0	0	0	0	0
685_686	TTAACTCGTTCGGGCT-1	0	0	0	0	0	0	0	0	0	0	0	0	0	0	0	0	0	1	0	0
685_686	GATCGCGTCGGCGCTA-1	0	0	0	0	0	0	0	0	0	0	0	0	1	0	0	0	0	0	0	0
685_686	GATCGTATCAAACCGT-1	0	0	0	0	0	0	0	0	0	0	0	0	0	0	0	0	0	0	0	0
685_686	AAGTCTGGTCAATGTC-1	0	0	0	0	0	0	1	0	0	0	0	0	1	0	0	0	0	0	0	0
685_686	TTAGTTCGTCGCATAT-1	0	0	0	0	0	0	1	0	0	0	0	0	0	0	0	0	0	0	0	0
685_686	GATGAGGGTGCGATAG-1	0	0	0	0	0	0	0	0	0	0	1	0	0	0	0	0	0	1	0	0
685_686	TTCCCAGGTTCCCGAG-1	0	0	0	0	0	0	0	0	0	0	0	0	0	0	0	0	0	0	0	0
685_686	TAGAGCTCAGCTATTG-1	0	0	0	0	0	0	0	0	0	0	0	0	0	0	0	1	0	0	0	0
685_686	GATCAGTGTAGCTGCC-1	0	0	0	0	0	0	0	0	0	0	0	0	0	0	0	0	0	0	0	0
685_686	CGTTCTGTCACTATTC-1	0	0	0	0	0	0	0	0	0	0	0	0	0	0	0	1	0	0	0	0
685_686	ACCTTTAAGCGTTTAC-1	0	0	0	0	0	0	0	0	0	0	1	0	1	0	0	0	0	0	0	0
685_686	ACGAGGATCAACACAC-1	0	0	0	0	0	0	0	0	0	0	0	0	0	0	0	0	0	0	0	0
685_686	TGAGAGGTCCGAGCCA-1	0	0	0	0	0	0	0	0	0	0	0	0	1	0	0	0	0	0	0	0
685_686	CTAGTGACAAAGTGCG-1	0	0	0	0	0	0	0	0	0	0	0	0	0	0	0	0	0	1	0	0
685_686	CTCACACAGGAATTAC-1	0	0	0	0	0	0	0	0	0	0	0	0	0	0	0	0	0	0	0	0
685_686	CTCGAAATCTGGCGAC-1	0	0	0	0	0	0	0	0	0	0	0	0	0	0	0	0	0	0	0	0
685_686	CTCGAGGGTGGTAACG-1	0	0	0	0	0	1	0	0	0	0	0	0	0	0	0	0	0	0	0	1
685_686	TGATTTCCAGATTGCT-1	0	0	0	0	0	0	0	0	0	0	0	0	0	0	0	0	0	0	0	0
685_686	TCACGAAAGTTATCGC-1	0	0	0	0	0	0	0	0	0	0	0	0	0	1	0	1	0	1	0	0
685_686	CTTGGCTAGCGACGTA-1	0	0	0	0	0	0	0	0	0	0	0	0	0	0	0	0	0	0	0	0
685_686	CTCTAATTCATGTCTT-1	0	0	0	0	0	0	0	0	0	0	0	0	0	0	0	0	0	1	1	0
685_686	CTGAAACTCCCTAACC-1	0	0	0	0	0	1	0	0	0	0	0	0	0	0	0	0	0	1	0	0
685_686	TGCACCTGTGAGTATA-1	0	0	0	0	0	1	1	0	0	0	0	0	0	0	0	0	0	0	0	0
685_686	CTTACCGCAGGTTTCA-1	0	0	0	0	1	0	0	0	0	0	0	0	0	0	0	0	0	0	0	0
685_686	ACGCCGACACAGGAGT-1	0	0	0	0	1	0	0	0	0	0	0	0	0	0	0	0	0	0	0	0
685_686	CTTACCGTCACCCTCA-1	0	0	0	0	0	0	0	0	0	0	0	0	0	0	0	0	0	0	0	0
685_686	CTTAGGAAGCTAGTGG-1	0	0	0	0	0	0	0	0	0	0	0	0	0	1	0	0	0	1	0	0
685_686	ACGCAGCGTAACGACG-1	0	0	0	0	0	1	0	0	0	0	0	0	0	0	0	0	0	0	0	0
685_686	ACTGAGTCAGCCTTTC-1	0	0	0	0	1	1	0	0	0	0	0	0	0	0	0	0	0	1	0	1
685_686	GTCCTCAGTTTGCATG-1	0	0	0	0	0	1	0	0	0	0	0	0	0	0	0	0	0	1	0	0
686_687	AAACCTGCAACGATCT-1	0	0	0	0	0	0	0	0	0	0	0	0	0	0	0	0	0	0	0	0
686_687	CTCATTAGTTTCGCTC-1	0	0	0	0	0	0	1	0	0	0	0	0	0	0	0	0	0	0	0	0
686_687	CGAGCCAAGAAGGTTT-1	0	0	0	0	0	0	0	0	0	0	0	1	0	0	0	0	0	0	0	0
686_687	CGCGGTAAGGTGCTTT-1	0	0	0	0	0	0	0	0	0	0	0	0	0	0	0	0	0	1	0	0
686_687	CGCGTTTTCTTCTGGC-1	0	0	0	0	0	0	0	0	0	0	0	0	0	0	0	0	0	0	0	0
686_687	CGCTTCATCGAATCCA-1	1	0	0	0	0	0	0	0	0	0	0	0	0	0	0	0	0	0	0	0
686_687	CGGAGCTTCTGCCCTA-1	0	0	0	0	0	0	1	0	0	0	0	1	1	0	0	0	0	0	0	0
686_687	CGGTTAACATGAGCGA-1	0	0	0	0	0	0	0	0	0	1	0	0	0	0	0	0	0	0	0	0
686_687	CGTGAGCTCGTTGACA-1	0	0	0	0	0	0	0	0	0	0	0	0	0	0	0	0	0	0	0	0
686_687	CTAAGACCAAATACAG-1	0	0	0	0	0	0	0	0	0	0	0	0	0	0	0	0	0	0	0	0
686_687	CTACCCATCTTCTGGC-1	0	0	0	0	0	1	1	0	0	0	0	0	0	0	0	0	0	0	0	0
686_687	CTAGTGATCAGGCAAG-1	0	0	0	0	0	0	0	0	0	0	0	0	0	0	0	0	0	0	0	0
686_687	CTCACACTCGAACGGA-1	0	0	0	0	0	0	1	0	0	0	0	0	0	0	0	0	0	0	0	0
686_687	CTCCTAGTCCCTCTTT-1	0	0	0	0	0	0	0	0	0	0	0	0	0	0	0	0	0	0	0	0
686_687	CGAGAAGGTTCCACAA-1	1	0	0	0	0	0	0	0	0	0	0	0	0	0	0	0	0	0	0	0
686_687	CTCGGGAAGAGTAATC-1	0	0	0	0	0	0	0	0	0	0	1	0	0	0	0	0	0	0	1	0
686_687	TGACTTTTCATCACCC-1	0	0	0	1	0	1	0	0	0	0	0	0	0	0	0	0	0	0	0	0
686_687	CTGATCCAGTTGAGTA-1	0	0	0	0	0	1	0	0	0	0	0	0	0	0	0	0	0	2	0	0
686_687	CTGCCTAAGGAATGGA-1	0	0	0	0	0	0	0	0	0	0	1	0	0	0	0	0	0	2	0	0
686_687	CTGCCTACACGTGAGA-1	0	0	0	0	1	0	0	0	0	0	1	0	0	0	0	0	0	1	0	0
686_687	CTGCCTACAGGCAGTA-1	0	0	0	0	0	0	0	0	0	0	0	0	0	0	0	0	0	1	0	0
686_687	CTGGTCTGTCTAGTCA-1	0	0	0	0	0	0	0	0	0	0	0	0	0	0	0	0	0	1	0	0
686_687	CTTACCGGTTGTCTTT-1	0	0	0	0	0	0	0	0	0	0	0	1	0	0	0	0	0	0	0	0
686_687	TGAGCCGGTAAGTGTA-1	0	0	0	0	0	0	0	0	0	0	0	0	0	0	0	0	0	0	0	0
686_687	CTTTGCGTCACCGTAA-1	0	0	0	0	0	0	1	0	0	0	0	0	0	0	0	0	0	0	0	0
686_687	GACCAATAGATTACCC-1	0	0	0	0	0	0	0	0	0	0	0	0	0	0	0	0	0	1	0	0
686_687	GACCAATTCGAGCCCA-1	0	0	0	0	0	0	0	0	0	0	0	0	0	0	0	0	0	1	1	0
686_687	GACGTGCCATGCATGT-1	0	0	0	0	0	0	1	0	0	0	0	0	1	0	0	0	0	1	0	0
686_687	TGACTAGAGAGATGAG-1	0	0	0	0	0	1	0	0	0	0	0	0	1	0	0	0	0	1	0	0
686_687	GACTAACGTTATCCGA-1	1	0	0	0	0	0	0	0	0	0	0	0	0	0	0	0	0	0	0	0
686_687	CGAGAAGCATGTCGAT-1	0	0	0	0	0	0	0	0	0	0	2	0	0	0	0	0	0	1	0	0
686_687	CCTTCGAGTTGGTTTG-1	0	0	0	0	0	0	1	0	0	0	0	0	0	0	0	0	0	0	0	0
686_687	ATTATCCCACCTCGTT-1	0	0	0	0	0	0	0	0	0	0	0	0	0	0	0	0	0	1	0	0
686_687	ATTCTACTCTCTAGGA-1	0	0	0	0	0	0	0	0	0	0	0	0	0	0	0	0	0	0	0	0
686_687	ATTGGACTCATGCTCC-1	0	0	0	0	0	0	0	0	0	0	0	0	0	0	0	0	0	0	0	0
686_687	ATTGGTGAGGAGTACC-1	0	0	0	0	0	0	0	0	0	0	0	0	0	0	0	0	0	0	0	0
686_687	CAACCTCTCTTAGAGC-1	0	0	0	0	0	0	0	0	0	0	0	0	0	0	0	0	0	0	0	0
686_687	CAAGTTGGTTAAGGGC-1	0	0	0	0	0	0	1	0	0	0	0	0	0	0	0	0	0	0	0	0
686_687	CACAGGCCACCATCCT-1	0	0	0	0	0	0	0	0	1	0	0	0	0	0	0	0	0	0	1	0
686_687	CACCACTTCACTTCAT-1	0	0	0	0	0	0	0	0	0	0	0	0	0	0	0	0	0	0	0	0
686_687	CACTCCAGTAAACGCG-1	0	0	0	0	0	0	0	0	0	0	0	0	1	0	0	0	0	0	0	0
686_687	CAGATCACATGCCTTC-1	0	0	0	0	0	0	0	0	0	0	0	0	0	0	0	0	0	0	0	0
686_687	CAGTCCTCAAGAAAGG-1	0	0	0	0	0	0	0	0	0	0	0	0	0	0	0	0	0	0	0	0
686_687	CATATTCGTCTGCCAG-1	0	0	0	0	0	0	0	0	0	0	1	0	0	0	0	0	0	1	0	0
686_687	CCTTTCTTCGGTGTCG-1	0	0	0	0	0	0	0	0	0	0	0	0	1	1	0	0	0	1	0	0
686_687	CATATTCTCCCTTGCA-1	0	0	0	0	0	0	0	0	0	0	0	0	0	0	0	0	0	0	0	0
686_687	TCTCATACAGAGCCAA-1	0	0	0	0	0	0	0	0	0	0	0	0	0	0	0	0	0	0	0	0
686_687	CCAATCCCACATCTTT-1	0	0	0	0	0	0	0	0	0	0	1	0	0	0	0	0	0	0	0	0
686_687	TCTCATAGTTCGGGCT-1	0	0	0	0	0	0	0	0	0	0	0	0	0	0	0	0	0	0	0	0
686_687	CCATTCGTCCAGGGCT-1	0	0	0	0	0	0	0	0	0	0	1	0	0	0	0	0	0	0	0	0
686_687	CCTACACAGCACGCCT-1	0	0	0	0	0	0	1	0	0	0	0	1	0	0	0	0	0	0	0	0
686_687	CCTACACTCTCCGGTT-1	0	0	0	0	0	0	0	0	0	0	0	0	0	0	0	0	0	0	0	0
686_687	CCTACCAAGCAGGTCA-1	0	0	0	0	0	0	0	0	0	0	0	1	0	0	1	0	0	0	0	0
686_687	TCTTTCCGTATTCTCT-1	0	0	0	0	0	1	0	0	0	0	0	0	0	0	0	0	0	0	0	0
686_687	CCTAGCTAGGATCGCA-1	0	0	0	0	0	0	0	0	0	0	0	0	0	0	0	0	0	0	0	0
686_687	CCTAGCTCACACCGCA-1	0	0	0	0	0	1	0	0	0	0	0	0	0	0	0	0	0	1	0	0
686_687	CCTCTGACAGCTATTG-1	0	0	0	0	0	1	1	0	0	0	0	0	0	0	0	0	0	1	1	0
686_687	CCTTACGTCCTTAATC-1	1	0	0	0	0	0	0	0	0	0	0	0	1	1	0	0	0	0	0	0
686_687	TCTCATACACAGACAG-1	0	0	0	0	0	0	0	0	1	0	0	0	0	0	0	0	0	0	0	0
686_687	GACTGCGGTACGACCC-1	0	0	0	0	0	1	0	0	0	0	0	0	0	0	0	0	0	0	0	0
686_687	GAGCAGACATGAGCGA-1	0	0	0	0	0	1	0	0	0	0	0	0	0	0	0	0	0	0	0	0
686_687	GAGTCCGTCCGAAGAG-1	0	0	0	0	0	0	0	0	0	0	1	0	0	0	0	0	0	0	0	0
686_687	GTGGGTCAGTGTTAGA-1	0	0	0	0	0	0	0	0	0	0	0	0	0	0	0	0	0	1	0	0
686_687	GTTCATTCACTTACGA-1	0	0	0	0	0	0	0	0	0	0	0	0	0	0	0	0	0	0	0	0
686_687	GTTTCTAAGCGATATA-1	0	0	1	0	0	0	0	0	0	0	0	0	0	0	0	0	0	0	0	0
686_687	TAAGAGACACGCATCG-1	0	0	0	0	0	0	0	0	0	0	0	0	0	0	0	0	0	0	0	0
686_687	TACCTATGTATCGCAT-1	0	0	0	0	0	0	0	0	0	0	0	0	0	0	0	0	0	0	0	0
686_687	TGGTTCCTCCTTTCGG-1	0	0	0	0	0	0	0	0	0	0	0	0	0	0	0	0	0	0	0	0
686_687	TACGGTACACTTAACG-1	0	0	0	0	0	0	0	0	0	0	0	0	0	0	0	0	0	0	0	0
686_687	TACTCGCGTACGCACC-1	0	0	0	0	0	0	0	0	0	0	0	0	0	0	0	0	0	1	0	0
686_687	TACTTACCACCGAAAG-1	0	0	0	0	0	0	1	0	0	0	0	0	2	0	0	0	1	0	0	0
686_687	TACTTACTCAAACGGG-1	0	0	0	0	0	0	0	0	0	0	0	0	0	0	0	0	0	0	0	0
686_687	TACTTACTCTCTTATG-1	0	0	0	0	0	0	0	0	0	0	0	0	0	1	0	0	0	0	0	0
686_687	TAGAGCTTCTTACCTA-1	0	0	0	0	0	0	0	0	0	0	0	0	0	0	0	0	0	0	0	0
686_687	GTCAAGTTCTACTCAT-1	0	0	0	0	0	0	0	0	0	0	0	0	0	0	0	0	0	0	0	0
686_687	TATCTCACAGCGTTCG-1	0	0	0	0	0	0	0	0	0	0	0	0	0	0	0	0	0	0	0	0
686_687	TCACGAATCCGCGGTA-1	0	0	0	0	1	0	0	0	0	0	1	0	0	0	0	0	0	0	0	0
686_687	TCAGATGCAGTCAGAG-1	0	0	0	0	0	0	1	0	0	0	0	0	0	0	0	0	0	0	0	0
686_687	TCAGCTCTCATGCATG-1	0	0	0	0	0	0	1	0	0	0	0	0	0	0	0	0	0	1	1	0
686_687	TCAGGATTCGCTAGCG-1	0	0	0	0	0	1	0	0	0	0	0	0	0	0	0	1	0	1	0	0
686_687	TGTGTTTGTGCGGTAA-1	0	0	0	0	0	1	0	0	0	0	0	0	0	0	0	0	0	0	0	0
686_687	TGTGTTTTCTCTTATG-1	0	0	0	0	0	0	0	0	0	0	0	0	0	0	0	0	0	0	0	0
686_687	TGTTCCGAGTTAGGTA-1	0	0	0	0	0	0	0	0	0	0	0	0	0	0	0	0	0	0	0	0
686_687	TGTTCCGTCCTCATTA-1	0	0	0	0	0	0	0	0	0	0	0	0	0	1	0	0	0	0	0	0
686_687	TTAACTCCATACTCTT-1	0	0	0	0	0	0	0	0	0	0	0	0	0	0	0	0	0	0	0	0
686_687	TTCGAAGGTCTTCTCG-1	0	0	0	0	0	0	0	0	0	0	0	0	0	0	0	0	0	0	0	0
686_687	TTCGAAGGTGAAATCA-1	0	0	0	0	0	0	0	0	0	0	0	0	0	0	0	0	0	0	0	0
686_687	TTGGCAACAGGACCCT-1	0	0	0	0	0	0	0	0	0	0	0	0	0	0	0	0	0	0	0	0
686_687	TCAATCTAGTAGGCCA-1	0	0	0	0	0	1	0	0	0	0	0	0	0	0	0	0	0	1	0	1
686_687	GTATTCTGTCGCGTGT-1	0	0	0	0	0	0	0	0	0	0	0	0	0	0	0	0	0	0	0	0
686_687	GTATTCTAGTACGTTC-1	0	0	0	0	0	1	0	0	0	0	1	0	0	0	0	0	0	0	1	0
686_687	GTACTTTGTGCACGAA-1	0	0	0	0	0	0	0	0	0	0	0	0	0	0	0	0	0	0	0	0
686_687	GATCGCGTCGCGTTTC-1	0	0	0	0	0	0	0	0	0	0	0	0	0	0	0	0	0	0	0	0
686_687	GATGAAACAAACAACA-1	0	0	0	0	0	0	0	0	0	0	0	0	0	0	0	0	0	2	0	0
686_687	GATTCAGCAGTCGTGC-1	0	0	0	0	0	0	0	0	0	0	0	0	1	0	0	0	0	0	0	0
686_687	TGCCAAACATACGCCG-1	0	0	0	0	0	0	0	0	0	0	0	0	0	0	0	0	0	1	0	0
686_687	GCGCAACTCCTAGGGC-1	0	0	0	0	0	0	0	0	0	0	0	0	0	0	0	0	0	0	0	0
686_687	GCGCGATCAACCGCCA-1	0	0	0	0	0	0	0	0	1	0	1	0	0	0	0	0	0	1	0	0
686_687	GCGGGTTGTAAGTGTA-1	0	0	0	0	0	0	0	0	0	0	0	0	0	0	0	0	0	2	0	0
686_687	GCGGGTTTCGGAATCT-1	0	0	0	0	0	0	0	0	0	0	0	0	1	0	0	0	0	0	0	0
686_687	GGAAAGCAGTGACATA-1	0	0	0	0	0	0	0	0	0	0	0	0	0	0	0	0	0	0	1	0
686_687	TGCGGGTCACGTAAGG-1	0	0	0	0	0	0	1	0	0	0	0	0	0	0	0	0	0	0	0	0
686_687	TGCGGGTGTCTCCACT-1	0	0	0	0	0	0	0	0	0	0	0	0	0	0	0	0	0	0	0	0
686_687	GGACATTCATACGCTA-1	0	0	0	0	0	0	0	0	0	0	0	0	0	0	0	0	0	0	1	0
686_687	GGACATTTCTACGAGT-1	0	0	0	0	0	0	0	0	0	0	0	0	0	0	1	0	0	1	0	1
686_687	GGACGTCCAGCCTGTG-1	0	0	0	0	0	0	0	0	0	0	0	0	1	0	0	1	0	0	0	0
686_687	GGATGTTAGATAGTCA-1	0	0	0	0	0	1	0	0	2	0	0	0	0	0	0	0	0	1	0	0
686_687	GGATGTTTCCACGAAT-1	0	0	0	1	0	0	1	0	0	0	0	0	0	0	0	0	0	0	0	0
686_687	GGATTACTCGGAGCAA-1	0	0	0	0	0	0	0	0	0	0	0	0	0	0	0	0	0	0	0	0
686_687	GGCGTGTCAAGTAGTA-1	0	0	0	0	0	0	0	0	0	0	0	0	0	0	0	0	0	0	0	0
686_687	TGGACGCGTATAATGG-1	0	0	0	0	0	0	0	0	1	0	0	0	0	0	0	0	0	0	0	0
686_687	GGGAATGGTGGTTTCA-1	0	0	0	0	0	0	1	0	0	0	0	0	0	0	0	0	0	0	0	0
686_687	GGGAATGTCCTATGTT-1	0	0	0	0	0	0	1	0	0	0	1	0	0	0	0	0	0	1	2	0
686_687	GGGACCTTCAAGCCTA-1	0	0	0	0	0	0	0	0	0	0	0	0	0	1	0	0	0	0	0	0
686_687	GGGAGATAGAGCTGCA-1	0	0	0	0	0	0	0	0	0	0	0	0	0	0	0	0	0	0	0	0
686_687	GGGCATCGTCGAACAG-1	0	0	0	0	0	0	0	0	0	0	0	0	0	0	0	0	0	1	0	0
686_687	GGGTTGCGTGACGGTA-1	0	0	0	0	0	0	0	0	0	0	0	0	0	0	0	0	0	0	0	0
686_687	GTACGTATCACGACTA-1	0	0	0	0	0	0	0	0	0	0	0	0	0	0	0	0	0	0	0	0
686_687	GTACTTTAGTGCGATG-1	0	0	0	0	0	0	0	0	0	0	0	0	0	0	0	0	0	0	0	0
686_687	ATTACTCTCTCGCTTG-1	0	0	0	0	0	0	0	0	0	0	0	0	0	0	0	0	0	0	0	0
686_687	ATCGAGTAGTTAGGTA-1	0	0	0	0	0	0	0	0	0	0	0	0	0	0	0	0	0	0	0	0
686_687	TTTGGTTTCTCGAGTA-1	0	0	0	0	0	1	0	0	0	0	0	0	0	0	0	0	0	0	0	0
686_687	ATCCGAACAGAAGCAC-1	0	0	0	0	0	0	0	0	0	0	0	0	0	0	0	1	0	0	0	0
686_687	AAAGTAGGTGATGTCT-1	0	0	0	0	0	0	0	0	0	0	0	0	0	0	0	0	0	0	0	0
686_687	AACTCCCAGATGCCTT-1	0	0	0	0	0	0	0	0	0	0	0	0	0	0	0	0	0	1	0	0
686_687	AGCAGCCAGTCCAGGA-1	0	0	0	0	0	0	0	0	0	0	1	0	0	0	0	0	0	0	0	0
686_687	AGGGATGGTCCGAGTC-1	0	0	0	0	0	0	0	0	0	0	1	0	0	0	0	0	0	0	0	0
686_687	AGACGTTGTGCTAGCC-1	0	0	0	0	0	0	0	0	0	0	0	0	0	0	0	0	0	1	0	0
686_687	ACTTGTTGTGACTCAT-1	0	0	0	0	0	0	1	0	0	0	0	0	0	0	0	0	0	0	0	0
686_687	ATAACGCGTCTGATTG-1	0	0	0	0	0	0	1	0	0	0	0	0	0	0	0	0	1	0	0	0
686_687	ACTGTCCTCCGCAAGC-1	0	0	0	0	0	0	0	0	0	0	0	0	0	0	0	0	0	0	0	0
686_687	AACTGGTGTGTAACGG-1	0	0	0	0	0	0	0	0	0	0	0	0	0	0	0	0	0	0	0	0
686_687	ACTTACTGTCAATGTC-1	0	0	0	0	0	0	0	0	0	0	0	0	0	0	0	0	0	1	0	0
686_687	AGCATACAGTAGCGGT-1	0	0	0	0	0	0	0	0	0	0	0	0	0	0	0	0	0	0	0	0
686_687	ATAACGCCAGACAGGT-1	0	0	0	0	0	0	0	0	0	0	0	0	0	0	0	0	0	0	0	0
686_687	ACACCGGCACCCTATC-1	0	0	0	0	0	0	0	0	0	0	0	0	0	0	0	1	0	0	0	0
686_687	AAGTCTGTCGTACGGC-1	0	0	0	0	0	0	0	0	0	0	0	0	0	0	0	0	0	0	0	0
686_687	AACTCAGGTCCGCTGA-1	1	0	0	0	0	0	1	0	0	0	0	0	0	0	0	1	0	3	0	0
686_687	AGGGATGTCGTGGGAA-1	0	0	0	0	0	0	0	0	0	0	0	0	1	0	0	1	0	2	0	0
686_687	ACTGAACAGGGTCTCC-1	0	0	0	0	0	0	0	0	0	0	0	0	1	0	0	0	0	0	0	0
686_687	AACTCCCAGGACTGGT-1	0	0	0	0	0	1	0	0	0	0	1	0	0	0	0	0	0	1	0	0
686_687	AGCGTCGTCAACGGCC-1	0	0	0	0	0	0	0	0	0	0	0	0	0	0	0	0	0	0	1	0
686_687	AGCCTAAGTTAAGACA-1	0	0	0	0	0	0	0	0	0	0	0	0	0	0	0	0	0	0	0	0
686_687	ACTGAGTCAGGATCGA-1	0	0	0	0	0	0	0	0	0	0	0	0	0	0	0	0	0	0	0	0
686_687	ACGCCAGGTTTAGGAA-1	0	0	0	0	0	0	0	0	0	0	0	0	0	0	0	0	0	0	0	0
686_687	ACTGAGTTCAAGAAGT-1	0	0	0	0	0	1	0	0	0	0	0	0	0	0	0	0	1	1	0	0
686_687	AGCAGCCCACCAGTTA-1	0	0	0	0	0	0	0	0	0	0	0	0	0	0	0	0	0	1	0	0
686_687	AGCGGTCAGGGATCTG-1	0	0	0	0	0	0	0	0	0	0	0	0	0	0	0	0	0	0	1	0
686_687	AAAGATGGTTATGCGT-1	0	0	0	0	0	0	0	0	0	0	0	0	0	0	0	0	0	0	0	0
686_687	ACACCGGAGCCCAACC-1	0	0	0	0	0	0	1	0	0	0	0	0	0	0	0	0	0	0	0	0
687_688	TGACGGCGTCATGCCG-1	0	0	0	0	0	0	0	0	0	0	0	0	0	0	0	0	0	0	0	0
687_688	GGGAATGCAAGCCGTC-1	0	0	0	0	0	0	0	0	0	0	1	0	0	0	0	0	0	0	0	0
687_688	GGATGTTAGAATGTGT-1	0	0	0	0	0	1	0	0	0	0	1	0	0	0	0	0	0	1	0	0
687_688	GAAGCAGTCTAACTTC-1	0	0	0	0	0	0	0	0	0	0	0	0	0	0	0	0	0	0	0	0
687_688	CTTCTCTGTCCGACGT-1	0	0	0	0	0	0	0	0	0	0	0	0	1	0	0	0	0	0	0	0
687_688	GGATTACTCAGCGATT-1	0	0	0	0	0	0	0	0	0	0	1	0	0	0	0	0	0	0	0	0
687_688	GGTATTGGTTAAGATG-1	0	0	0	0	0	0	0	0	1	0	0	0	0	0	0	0	0	1	0	0
687_688	CGTCCATCAAGTCTGT-1	0	0	0	0	0	0	0	0	0	0	0	0	0	0	1	0	0	0	0	0
687_688	GGCTCGAAGGGTATCG-1	0	0	0	0	0	0	1	0	0	0	0	0	0	0	0	0	0	0	0	0
687_688	CCCATACAGCCCTAAT-1	0	0	0	0	0	0	1	0	0	0	0	0	0	0	0	0	0	1	0	0
687_688	GGTATTGAGGCAATTA-1	0	0	0	0	0	0	1	0	0	0	1	0	0	0	0	1	0	2	0	0
687_688	AATCCAGCATCCCATC-1	0	0	0	0	0	0	1	0	0	0	0	0	0	0	0	0	0	0	0	0
687_688	GGGTCTGAGATGAGAG-1	0	0	0	0	0	0	0	0	0	0	0	0	0	0	0	0	0	0	0	0
687_688	CGTGTAAAGTGTACTC-1	0	0	0	0	0	0	0	0	0	0	0	0	0	0	0	0	0	0	0	0
687_688	GTCAAGTGTAGCGTGA-1	0	0	0	0	0	0	0	0	0	0	0	0	0	0	0	0	0	0	0	0
687_688	CCTTCCCAGCTAGTTC-1	0	0	0	0	0	0	0	0	0	0	0	0	0	0	0	0	0	0	0	0
687_688	GGAACTTTCACCGGGT-1	0	0	0	0	0	0	0	0	0	0	0	0	0	0	0	0	0	0	0	0
687_688	CGCCAAGCAGTATGCT-1	0	0	0	0	0	0	0	0	0	0	0	0	0	0	0	0	0	1	0	1
687_688	GATCGCGAGGTGCACA-1	0	0	0	0	0	0	0	0	0	0	0	0	0	0	0	0	0	0	0	0
687_688	ACGCCAGAGACAATAC-1	0	0	0	0	0	0	0	0	0	0	0	0	0	0	0	0	0	0	0	0
687_688	GCAATCACAACCGCCA-1	0	0	0	0	0	0	0	0	0	0	0	0	0	0	0	0	0	2	0	0
687_688	GCAATCAGTAGAAAGG-1	0	0	0	0	0	0	0	0	0	0	0	0	0	0	0	0	0	0	0	0
687_688	ACGGAGAGTTACTGAC-1	0	0	0	0	0	0	0	0	0	0	0	0	0	0	0	0	0	0	0	0
687_688	GACTACAGTCATGCAT-1	0	0	0	0	0	0	0	0	0	0	0	0	0	0	0	1	0	0	0	0
687_688	CGCTGGATCACCCTCA-1	0	0	0	0	0	0	0	0	0	0	0	0	0	0	0	0	0	0	1	1
687_688	GCATGATTCTTGTCAT-1	0	0	0	0	0	0	0	0	0	0	0	0	0	0	0	0	0	1	0	0
687_688	CGAGCCAGTAGCGCTC-1	1	0	0	0	0	1	0	0	0	0	0	0	1	0	0	0	0	0	0	0
687_688	GCGAGAATCATAACCG-1	0	0	0	0	0	0	0	0	0	0	0	0	0	0	0	0	0	0	0	0
687_688	GGAGCAACACCCATTC-1	0	0	0	0	0	0	0	0	0	0	1	0	0	0	0	0	0	0	0	0
687_688	ACTGAACAGAGCCTAG-1	0	0	0	0	0	0	0	0	0	0	0	0	0	0	0	0	0	1	0	0
687_688	TGACGGCAGCCCGAAA-1	0	0	0	0	0	0	0	0	0	0	0	0	0	0	0	1	0	0	0	0
687_688	GCGCGATGTGTTCGAT-1	0	0	0	0	0	1	0	0	0	0	0	0	0	0	0	0	0	0	0	0
687_688	TGCGCAGGTATGAAAC-1	0	0	0	0	0	0	1	0	1	0	0	1	0	1	0	0	0	0	1	0
687_688	GACACGCGTCAAACTC-1	0	0	0	0	1	0	0	0	0	0	0	0	0	0	0	0	0	1	0	0
687_688	TGACGGCCAGGTCGTC-1	0	0	0	0	1	0	1	0	1	0	0	0	0	0	0	0	0	1	0	1
687_688	GCTGCGAGTACGCACC-1	0	0	0	0	0	1	0	0	0	0	0	0	0	0	0	0	0	0	0	0
687_688	GAATGAATCTGTCTAT-1	0	0	0	0	0	0	0	0	0	0	0	0	0	1	0	0	0	0	0	0
687_688	TGCGCAGTCCACGACG-1	0	0	0	0	0	0	0	0	0	0	0	0	0	0	0	0	0	0	0	0
687_688	ACCCACTGTTGGTTTG-1	0	0	0	0	0	0	0	0	0	0	0	0	0	0	0	0	0	1	0	0
687_688	GGAACTTGTTATTCTC-1	0	0	0	0	0	0	0	0	0	0	0	0	0	0	0	0	0	0	0	0
687_688	GGAACTTTCACAACGT-1	0	0	0	0	0	0	0	0	0	0	0	0	2	0	0	0	0	0	0	0
687_688	ACGATGTGTACGCTGC-1	0	0	0	0	1	0	0	0	0	0	0	0	0	0	0	0	0	1	0	0
687_688	GGTGCGTAGGCATGGT-1	0	0	0	0	0	0	0	0	0	0	1	0	0	0	0	0	0	0	0	0
687_688	CATCGAATCTATCCCG-1	0	0	0	0	0	0	0	0	0	0	0	0	0	0	0	1	0	0	0	0
687_688	CGTGTCTAGGAATGGA-1	0	0	0	0	0	0	0	0	0	0	0	1	1	1	0	0	0	0	0	0
687_688	GTAACTGAGAGATGAG-1	0	0	0	0	2	0	0	0	1	3	0	0	0	1	0	0	0	0	0	0
687_688	AACGTTGAGGGCTTCC-1	0	0	0	0	0	0	0	0	0	0	0	0	0	0	0	0	0	0	0	1
687_688	CTAGCCTCACTTCTGC-1	0	0	0	0	0	1	0	0	0	0	0	0	0	0	0	0	0	0	0	0
687_688	TCAGCAAAGTTAGCGG-1	0	0	0	0	0	0	0	0	0	0	0	0	0	0	0	0	0	0	0	0
687_688	CAAGTTGTCCTTGACC-1	0	0	0	0	0	0	0	0	0	0	0	0	0	0	0	0	0	0	0	0
687_688	ATAACGCTCACCCGAG-1	0	0	0	0	0	0	0	0	0	0	1	0	1	0	0	0	0	0	0	0
687_688	TGTGTTTCACTTGGAT-1	0	0	0	0	0	0	0	0	0	0	0	0	0	0	0	0	0	0	0	0
687_688	CAAGATCCAGGACGTA-1	0	0	0	0	0	0	0	0	0	0	0	0	0	0	0	0	0	0	1	0
687_688	CAAGAAAAGTGTCTCA-1	0	0	0	0	0	0	0	0	0	0	1	0	0	0	0	0	0	0	0	0
687_688	ATAAGAGCACATCTTT-1	0	0	0	0	0	0	0	0	0	0	0	0	0	0	0	0	0	1	0	0
687_688	AAAGCAAGTGTTCTTT-1	0	0	0	0	1	0	0	0	0	0	0	0	0	0	0	0	0	0	0	0
687_688	CTCTGGTAGCTGTCTA-1	0	0	0	0	0	0	0	0	0	0	0	0	0	0	0	0	0	0	0	0
687_688	ATTGGTGGTCTTGTCC-1	0	0	0	0	0	0	0	0	0	0	0	0	0	0	0	0	0	0	0	0
687_688	CTCGGGAGTAAACCTC-1	0	0	0	0	0	0	0	0	0	0	0	0	0	0	0	0	0	1	0	0
687_688	ATCACGAGTAAAGTCA-1	0	0	0	0	0	0	0	0	0	0	0	0	0	0	0	0	0	0	0	0
687_688	TTCGAAGGTTACGACT-1	0	0	0	0	0	0	0	0	0	0	0	0	0	0	0	0	0	0	0	0
687_688	ATTATCCCATGTCTCC-1	0	0	0	0	0	0	0	0	0	0	0	0	0	0	0	0	0	2	0	0
687_688	TTCTACATCATATCGG-1	0	0	0	0	0	0	2	0	0	0	0	0	0	0	0	0	0	1	0	0
687_688	TTCTCCTCAATTGCTG-1	0	0	0	0	0	1	0	0	0	0	0	0	0	0	0	0	0	0	0	0
687_688	TTCTCCTGTCCAAGTT-1	0	0	0	0	0	0	1	0	0	0	0	0	0	0	0	0	0	0	0	0
687_688	TTTACTGGTCCTCTTG-1	0	0	0	0	0	0	0	0	0	0	0	0	0	0	0	0	0	0	0	0
687_688	CTCGAGGTCATAACCG-1	0	0	0	0	0	0	0	0	0	0	0	0	1	0	0	0	0	0	0	0
687_688	ATGAGGGCAAAGGCGT-1	0	0	0	0	0	0	0	0	0	0	0	0	1	0	0	0	0	1	0	0
687_688	TTTCCTCTCATAAAGG-1	0	0	0	0	0	0	0	0	0	0	0	0	0	0	0	0	0	0	0	0
687_688	AAAGATGTCATGCATG-1	0	0	0	0	0	1	0	0	0	0	0	0	0	0	0	0	0	0	0	0
687_688	CACTCCAAGTCCGGTC-1	0	0	0	0	0	0	1	0	0	0	0	0	0	0	0	0	0	0	0	0
687_688	CTAGAGTTCTGCAAGT-1	0	0	0	0	0	0	0	0	0	0	0	0	0	0	0	0	0	1	0	0
687_688	TAGGCATCAAATCCGT-1	0	0	0	0	0	0	0	0	0	0	0	0	0	0	0	0	0	1	0	0
687_688	GTATTCTAGCGATCCC-1	0	0	0	0	0	0	0	0	0	0	0	0	1	0	0	0	0	0	0	0
687_688	CATCGAACATCCGCGA-1	0	0	0	0	0	0	0	0	0	0	0	0	0	1	0	0	0	1	0	0
687_688	CATCCACGTCATGCAT-1	0	0	0	0	0	0	0	0	0	0	0	0	0	0	0	0	0	1	0	0
687_688	TGGTTCCCAAGAGGCT-1	0	0	0	0	0	0	0	0	0	0	0	0	0	0	0	1	0	0	0	0
687_688	CATCAAGAGATCCCAT-1	0	0	0	0	0	0	0	1	0	0	0	0	0	0	0	0	0	0	0	0
687_688	CATATTCTCCGGGTGT-1	0	0	0	0	0	0	0	0	0	0	0	0	1	0	0	0	0	0	1	0
687_688	CTAACTTGTCAGTGGA-1	0	0	0	0	0	0	0	0	0	0	0	0	0	0	0	0	0	0	0	0
687_688	TGACTTTAGAGCTATA-1	0	0	0	0	0	0	0	0	0	0	0	0	0	0	0	0	0	0	0	0
687_688	ACTGCTCCACCAGGTC-1	0	0	0	0	0	0	0	0	0	0	0	0	0	0	0	0	0	0	1	0
687_688	CATATGGGTCTTTCAT-1	1	0	0	0	0	0	0	0	0	0	0	0	0	0	0	0	0	1	2	0
687_688	CGCGGTAAGTGCGATG-1	0	0	0	0	0	0	0	0	0	0	0	0	0	0	0	0	0	0	0	0
687_688	TCGCGTTGTGTCGCTG-1	0	0	0	0	0	0	0	0	0	0	0	0	0	0	0	0	0	0	0	0
687_688	AGAGTGGGTCCGTTAA-1	0	0	0	0	0	0	0	0	0	0	0	0	0	0	0	0	0	1	0	0
687_688	TGACGGCTCACCCGAG-1	0	0	0	0	0	0	0	0	0	0	0	0	0	0	1	0	0	0	0	1
687_688	TACTCGCAGCGATAGC-1	0	0	0	0	0	0	0	0	0	0	0	0	0	0	0	0	0	1	0	0
687_688	CAGCCGATCCATTCTA-1	0	0	0	0	0	0	0	0	0	0	0	0	0	0	0	0	0	0	0	0
687_688	CAGCCGAAGAAACCGC-1	0	0	0	0	0	0	0	0	0	0	2	0	0	0	0	0	0	0	0	0
688_689	CTTACCGGTCCATGAT-1	0	0	0	0	0	0	0	0	0	0	0	0	0	0	0	0	0	0	1	0
688_689	CTTAACTGTCCGAATT-1	1	0	2	0	0	0	1	0	0	0	1	0	0	0	0	1	0	1	0	0
688_689	CTGAAACAGGTGCTAG-1	0	0	0	0	0	0	1	0	0	0	0	0	0	0	0	0	0	0	0	0
688_689	GAATGAAAGTGCAAGC-1	0	0	0	0	0	0	0	0	0	0	0	0	0	0	0	0	0	1	1	0
688_689	CTGTTTACACCAGATT-1	0	0	0	0	0	0	0	0	0	0	0	0	1	0	0	0	0	0	0	0
688_689	CTGAAGTGTAAATGTG-1	0	0	0	0	0	0	0	0	0	0	0	0	0	0	0	0	0	0	0	0
688_689	CTGCCTATCGGCGCAT-1	0	0	0	0	0	0	1	0	0	0	0	0	0	0	0	0	0	1	0	0
688_689	ACTTGTTCAATGGAGC-1	0	0	0	0	0	0	0	0	0	0	0	0	1	0	0	0	0	0	1	0
688_689	GACTAACTCCGTTGTC-1	0	0	0	0	0	0	0	0	0	0	0	0	0	0	0	0	0	0	0	0
688_689	ACTTTCAGTAAGGGCT-1	0	0	0	0	0	0	0	0	0	0	0	0	1	0	0	0	0	0	0	0
688_689	CTTCTCTCACATAACC-1	0	0	0	0	0	0	0	0	0	0	0	0	0	1	0	0	0	0	0	0
688_689	CTCGGAGGTTCTCATT-1	0	0	0	0	0	0	0	0	0	0	0	0	0	0	0	0	0	0	0	0
688_689	GACCTGGAGTTACGGG-1	0	0	0	0	1	0	0	0	0	0	0	0	0	0	0	0	0	0	1	0
688_689	GGATGTTCACGTAAGG-1	0	0	0	0	0	0	0	0	0	0	0	0	0	0	0	0	0	0	0	0
688_689	ACGGAGAGTCATATCG-1	0	0	0	0	0	0	0	0	0	0	0	0	0	0	0	0	0	0	0	0
688_689	GTCACAATCAAACGGG-1	0	0	0	0	0	1	1	0	0	0	0	0	0	0	0	0	0	0	0	0
688_689	AAGACCTCATGGTTGT-1	0	0	0	0	0	0	0	0	0	0	0	0	0	0	0	0	0	0	0	0
688_689	GTTAAGCGTCGCATAT-1	0	0	0	0	0	0	1	0	0	0	0	0	0	0	0	0	0	0	0	1
688_689	TACACGACAGATGAGC-1	0	0	0	0	0	0	1	0	0	0	0	0	0	0	0	0	0	0	0	0
688_689	TACACGAGTAGAGTGC-1	0	0	0	0	0	0	0	0	0	0	0	0	0	0	0	0	0	1	0	0
688_689	TACAGTGTCTTCATGT-1	0	0	0	0	0	0	1	0	0	0	0	0	0	0	0	0	0	0	0	1
688_689	TACCTATGTGGTCCGT-1	0	0	0	0	0	0	0	0	0	0	1	0	0	0	0	1	0	0	0	0
688_689	TACCTTAGTTGATTCG-1	0	0	0	0	0	0	1	0	0	0	0	0	0	0	0	0	0	0	0	0
688_689	AACTCCCAGTGTTGAA-1	0	0	0	0	0	0	1	0	0	0	0	0	0	0	0	0	1	1	0	0
688_689	TAGACCAGTTATGCGT-1	0	0	0	0	0	0	0	0	0	0	0	0	0	0	0	0	0	0	0	0
688_689	TCCCGATAGTTACGGG-1	0	0	0	0	0	0	1	0	0	0	2	1	0	1	0	0	0	1	0	0
688_689	AACTCAGCACGCTTTC-1	0	0	0	0	0	0	1	0	0	0	0	0	0	0	0	0	0	0	0	0
688_689	TAGGCATTCCGAGCCA-1	0	0	0	0	0	0	0	0	0	0	0	0	0	0	0	0	0	0	0	0
688_689	TAGGCATTCTGCCCTA-1	0	0	0	0	0	0	0	0	0	0	0	0	0	0	0	0	0	0	1	0
688_689	TGTCCCAGTCTCTCTG-1	0	0	0	0	0	0	0	1	0	0	0	0	0	0	0	0	0	0	0	0
688_689	TCACGAAAGCGAAGGG-1	0	1	0	0	0	1	0	0	0	0	0	0	0	0	0	0	0	0	0	0
688_689	TCAGCTCGTCGCATAT-1	0	0	0	0	0	0	0	0	0	0	0	0	0	0	0	0	0	0	0	0
688_689	TCATTTGGTAGGCTGA-1	0	0	0	0	0	1	0	0	0	0	0	0	0	0	0	0	0	1	1	0
688_689	TTAACTCCATCTCCCA-1	0	0	0	0	0	0	0	0	0	0	0	0	0	0	0	0	0	0	0	0
688_689	TCGCGTTAGTGGGATC-1	0	0	0	0	0	0	0	0	0	0	0	0	1	0	0	0	0	0	0	0
688_689	TTCTCAAGTCCGAATT-1	0	0	0	0	0	1	0	0	0	0	0	0	0	0	0	0	0	1	0	0
688_689	TTTATGCTCTCTTATG-1	0	0	0	0	0	0	0	0	0	0	0	0	0	0	0	0	0	1	0	0
688_689	TAGGCATAGTTAAGTG-1	0	0	0	0	0	0	0	0	0	0	0	0	0	0	0	0	0	0	0	0
688_689	GAGTCCGGTAATAGCA-1	0	0	0	0	0	0	0	0	0	0	0	0	1	0	0	0	0	1	0	0
688_689	GTCAAGTCAAGTCTAC-1	0	0	0	0	0	0	0	0	0	0	0	0	0	0	0	0	0	0	0	0
688_689	AAGGTTCAGTATCTCG-1	0	0	0	0	0	0	4	0	0	0	0	0	1	0	0	0	0	0	0	0
688_689	GCAATCAGTCCGAATT-1	0	0	0	0	0	0	0	0	0	0	0	0	0	1	0	0	0	1	0	0
688_689	ACGATGTTCTTCATGT-1	0	0	0	0	0	0	0	0	0	0	0	0	1	0	0	0	0	0	0	0
688_689	GCAGCCAGTGCGAAAC-1	0	0	0	0	0	0	0	0	0	0	0	0	0	0	0	0	0	1	0	0
688_689	GCCTCTACACCAGATT-1	0	1	0	0	0	0	0	0	0	0	0	0	1	0	0	0	0	0	0	0
688_689	GCGACCAGTTAGATGA-1	0	0	0	0	0	0	0	0	0	0	0	0	1	0	0	0	0	0	0	0
688_689	GCGCAACCACAGGCCT-1	0	0	0	0	0	0	0	0	0	0	0	0	0	0	0	0	0	0	0	0
688_689	GCGCAGTAGCGATGAC-1	0	0	0	0	0	0	0	0	0	0	0	0	0	0	0	0	0	0	0	0
688_689	GCGCCAACACGCATCG-1	0	0	0	0	0	0	0	0	0	0	0	0	0	0	0	0	0	0	0	0
688_689	ACGATGTAGCAATATG-1	0	0	0	0	0	0	0	0	0	0	0	0	1	0	0	0	0	0	0	0
688_689	GCTCCTAGTTAGAACA-1	0	0	0	0	0	0	0	0	0	0	0	0	0	0	0	0	0	1	0	0
688_689	GTCAAGTAGCTGCGAA-1	0	0	0	0	0	0	0	0	0	0	0	0	0	0	1	0	0	0	0	0
688_689	GCTGCGACATGGTCTA-1	0	0	0	0	0	0	3	0	0	0	0	0	0	0	0	0	0	0	0	0
688_689	GCTGGGTCATTCCTGC-1	0	0	0	0	0	0	0	0	1	0	0	0	0	0	0	0	0	0	0	1
688_689	ACCAGTAAGTATTGGA-1	0	0	0	0	0	0	0	0	0	0	0	0	0	0	0	0	0	0	0	0
688_689	CTCCTAGCATCACGAT-1	0	0	0	0	0	0	0	0	0	0	0	0	0	0	0	0	0	0	0	0
688_689	ACATCAGAGAGGTTAT-1	0	0	0	0	0	0	0	0	0	0	0	0	0	0	0	0	0	1	0	0
688_689	GGCGTGTTCAGTTCGA-1	0	0	0	0	0	0	0	0	0	0	0	0	0	0	0	0	0	0	0	0
688_689	ACACCGGAGTCTCCTC-1	1	0	0	0	0	0	0	0	0	0	0	0	1	0	0	0	0	0	0	0
688_689	TGGACGCGTTCCCGAG-1	0	0	0	0	0	0	0	0	0	0	0	0	0	0	0	0	0	0	0	0
688_689	GGGACCTCAACTGCGC-1	0	0	0	0	0	0	0	0	0	0	0	0	0	0	0	0	0	0	0	0
688_689	TGGCGCAGTCCATGAT-1	0	0	0	0	0	0	0	0	0	0	0	0	0	0	0	0	0	0	0	0
688_689	GGTGAAGTCTTAGAGC-1	0	0	0	0	0	0	0	0	0	0	0	0	0	0	0	0	0	0	1	0
688_689	GCTGGGTAGAGGTACC-1	0	0	0	0	0	0	0	0	0	0	0	0	0	0	0	0	0	0	0	0
688_689	CTCATTATCTGTCAAG-1	0	0	0	0	0	0	0	0	0	0	0	0	0	0	0	0	0	0	0	0
688_689	GACAGAGAGTGTTAGA-1	0	0	0	0	0	0	0	0	0	0	0	0	0	0	0	0	0	0	0	0
688_689	CTCAGAAAGTATCTCG-1	0	0	0	0	0	0	0	0	0	0	0	0	0	0	0	0	0	0	0	0
688_689	CAGATCATCGGTGTTA-1	0	0	0	1	0	0	3	0	0	0	1	0	0	0	0	0	0	0	0	0
688_689	CGTTGGGTCGTGGACC-1	0	0	0	0	0	0	1	0	0	0	0	0	1	0	0	0	0	1	0	0
688_689	ATCCACCTCTCGTATT-1	0	0	0	0	0	0	0	0	0	0	0	0	0	0	0	0	0	1	0	0
688_689	TCTATTGGTTTAAGCC-1	0	0	0	0	0	0	0	0	0	0	0	0	0	0	0	0	0	0	0	0
688_689	AGGCCGTCACTCGACG-1	0	0	0	0	0	1	0	0	0	0	0	0	0	0	0	0	0	1	0	0
688_689	CGATTGACACAACGCC-1	0	0	0	0	0	0	0	0	0	0	0	0	0	0	0	0	0	0	0	0
688_689	ATCCACCTCCGCAAGC-1	0	0	0	0	0	0	0	0	0	0	0	0	0	0	0	0	0	1	0	0
688_689	CGTGAGCCAAGCTGAG-1	0	0	0	0	0	1	0	0	0	0	0	0	0	0	0	0	0	0	0	1
688_689	CCTACCATCCAGAAGG-1	0	0	0	0	0	1	0	0	0	0	0	0	0	0	0	0	0	0	0	0
688_689	TCGGTAACATGACATC-1	0	0	0	0	0	0	0	0	0	0	0	0	1	0	0	0	0	0	0	0
688_689	CACTCCAGTTCGTCTC-1	0	0	0	0	0	0	0	0	0	0	0	0	0	0	0	0	0	0	0	0
688_689	CCCAATCCAATCTGCA-1	0	0	0	0	0	0	0	0	0	0	0	0	0	0	0	0	0	0	0	0
688_689	AGTGTCACAGTCGATT-1	0	0	0	0	0	0	0	0	0	0	0	0	0	0	0	0	0	0	0	0
688_689	AGCTTGAAGACTGGGT-1	0	0	0	0	0	0	0	0	0	0	0	0	1	0	1	0	0	0	0	0
688_689	CGGTTAAAGTTTCCTT-1	0	0	0	0	0	0	0	0	0	0	0	0	0	0	0	0	0	1	1	0
688_689	CACCACTCATCCTAGA-1	0	0	0	0	0	0	0	0	0	0	0	0	0	0	0	0	0	0	0	0
688_689	AGCCTAAAGCTAAGAT-1	0	0	0	0	0	0	0	0	0	0	0	0	0	0	0	0	0	0	0	1
688_689	CGGACGTCAATGTAAG-1	0	0	0	0	0	1	0	0	0	0	0	0	0	0	0	0	1	0	0	0
688_689	CGCTTCATCGAGAACG-1	0	0	0	0	0	0	0	0	0	0	0	0	0	1	0	1	0	0	0	0
688_689	TGACAACCAAGGACTG-1	0	0	0	0	0	0	0	0	0	0	0	0	0	0	0	0	0	0	0	0
688_689	CAAGATCCAAGGTGTG-1	0	0	0	0	0	0	0	0	0	0	0	0	0	0	0	0	0	0	0	0
688_689	TGACAACTCAGGTAAA-1	0	0	0	0	0	0	0	0	0	0	0	0	0	0	0	0	0	1	0	0
688_689	CGATGTACATTCGACA-1	0	0	0	0	0	0	0	0	0	0	0	0	0	0	0	0	0	0	0	0
688_689	CGCGGTAGTTTGTGTG-1	0	0	0	0	0	1	3	0	0	0	0	0	0	0	0	0	0	0	0	0
688_689	CGTAGGCGTGGTTTCA-1	0	0	0	0	0	0	0	0	0	0	0	0	0	0	0	0	0	0	0	1
688_689	CCATGTCCACGACGAA-1	0	0	0	0	0	0	0	0	0	0	0	0	0	0	0	0	0	0	0	0
688_689	CCTACCACACGCATCG-1	0	0	0	0	0	0	0	0	0	0	0	0	0	0	0	0	0	0	0	0
688_689	CAAGTTGAGCGATATA-1	0	0	0	0	0	0	0	0	0	0	0	0	0	0	0	0	0	1	0	0
688_689	ATGCGATTCACGACTA-1	0	0	0	0	0	1	0	0	0	0	0	0	0	0	0	0	0	0	0	0
688_689	CTCACACTCAACCAAC-1	0	0	0	0	0	0	1	0	0	0	0	0	0	0	0	0	0	0	0	0
688_689	CAGTAACCAATGTAAG-1	0	0	0	0	0	0	0	0	0	0	0	0	1	0	0	0	0	1	0	0
688_689	CAGTAACGTACCATCA-1	0	0	0	0	0	0	0	0	0	0	0	0	0	0	0	0	0	0	0	0
688_689	AGGTCCGAGAAGGGTA-1	0	0	0	0	0	0	0	1	0	0	0	0	0	0	0	0	0	0	0	0
688_689	TCGTAGAGTTCAGCGC-1	0	0	0	0	0	0	1	0	0	0	0	0	0	0	0	0	1	0	0	0
688_689	TCTATTGTCTTCGGTC-1	0	0	0	0	0	0	0	0	0	0	0	0	0	0	0	0	0	0	0	0
689_690	AACTTTCAGACAAAGG-1	0	0	0	0	0	0	0	0	0	0	0	0	0	0	0	0	0	0	1	0
689_690	GCTTGAAGTTATGTGC-1	0	0	0	0	0	1	0	0	0	0	0	0	0	0	0	0	0	1	0	0
689_690	AACACGTAGCACGCCT-1	0	0	0	0	1	0	0	0	0	0	0	0	1	0	0	0	0	0	0	0
689_690	CCTTCGAGTAGGAGTC-1	0	0	0	0	0	0	0	0	0	0	0	0	0	0	0	1	0	0	0	0
689_690	GCTGCTTCACTGTGTA-1	0	0	0	0	0	0	0	0	0	0	0	0	0	0	0	0	0	1	0	1
689_690	GCTGCTTCAATTCCTT-1	0	0	0	0	0	0	1	0	0	0	0	0	0	0	0	0	0	1	0	0
689_690	TAAGAGAGTCCTAGCG-1	0	0	0	0	0	0	0	0	0	0	0	0	0	0	0	0	0	0	0	0
689_690	TACCTATTCATGTAGC-1	0	0	0	0	0	0	1	0	0	0	0	0	1	0	0	0	0	0	0	0
689_690	CAGGTGCAGAAGATTC-1	0	0	0	0	0	0	0	0	0	0	0	0	0	0	0	0	0	1	0	0
689_690	TGTGGTAAGCGATATA-1	0	0	0	0	0	0	0	0	0	0	0	0	0	0	0	0	0	0	0	0
689_690	GTTCATTCAATTGCTG-1	0	0	0	0	0	0	0	0	0	0	0	0	0	0	0	0	0	0	0	0
689_690	GCCAAATGTTAAGACA-1	0	0	0	0	0	0	0	0	0	0	0	0	0	0	0	0	0	0	0	0
689_690	GCATGATCAGCCAATT-1	0	0	0	0	0	0	0	0	0	0	0	0	0	0	0	0	0	0	1	0
689_690	GCATACATCTGCTGTC-1	0	0	0	0	0	0	0	0	0	0	0	0	0	0	0	1	0	0	0	0
689_690	GCATACAAGAGCTATA-1	0	0	0	0	0	0	0	0	0	0	1	0	0	1	0	0	0	0	0	0
689_690	CGATCGGGTCCGTCAG-1	0	0	0	0	0	0	0	0	0	0	1	0	0	0	0	0	0	0	0	0
689_690	TCAGCTCGTCGGCTCA-1	0	0	0	0	0	0	0	0	0	0	0	0	0	0	0	0	0	1	0	0
689_690	TCACGAAAGGCACATG-1	0	0	0	0	0	0	0	0	0	0	0	0	0	0	0	0	0	2	0	0
689_690	TCACGAACAATGGTCT-1	0	0	0	0	0	0	1	0	0	0	0	0	0	0	0	0	0	0	0	0
689_690	CAGCAGCTCCAGGGCT-1	0	0	0	0	0	0	0	0	0	0	1	0	0	0	0	1	0	0	1	0
689_690	TGCTGCTCAAGCCCAC-1	0	0	0	0	0	0	0	0	0	0	0	0	0	0	0	0	0	0	1	0
689_690	CCACCTAGTCCATGAT-1	0	0	0	0	0	0	1	0	0	0	0	0	1	0	0	0	0	1	0	0
689_690	TGGCTGGGTAATCACC-1	0	0	0	0	0	0	0	0	0	0	0	0	0	0	0	0	0	0	0	0
689_690	ACACCAAGTTATCCGA-1	0	0	0	0	0	0	1	0	0	0	0	0	0	0	0	0	0	0	0	0
689_690	CCCTCCTAGCCATCGC-1	0	0	0	0	0	0	0	0	0	0	0	0	0	0	0	0	0	0	0	0
689_690	TCTTCGGGTGAACCTT-1	0	0	0	0	0	0	1	0	1	0	0	0	0	0	0	0	0	1	0	0
689_690	GTAACTGCAATCCAAC-1	0	0	0	0	0	0	0	0	0	0	0	0	0	0	0	0	0	0	0	0
689_690	CCTACACCACAAGACG-1	0	0	0	0	0	0	2	0	0	0	0	0	1	0	0	0	0	0	0	0
689_690	GTACTCCGTCTAAACC-1	0	0	0	0	0	0	0	0	0	0	0	0	0	0	0	0	0	0	0	0
689_690	CAGCTGGAGGGAGTAA-1	0	0	0	0	0	0	0	0	0	0	0	0	0	0	0	0	0	0	0	0
689_690	AAGTCTGAGCTGAACG-1	0	0	0	0	0	0	0	0	0	0	1	0	0	1	0	0	0	0	0	0
689_690	TACTCATGTCCTCTTG-1	0	0	0	0	0	0	0	0	0	0	0	0	0	0	0	0	0	1	0	0
689_690	AACTCCCGTCTCATCC-1	0	0	0	0	0	0	0	0	0	0	0	0	0	0	0	0	0	0	0	0
689_690	CATCGAATCCTTGCCA-1	0	0	0	0	0	0	0	0	0	0	0	0	0	0	0	0	0	1	0	0
689_690	TAGCCGGAGTCAATAG-1	0	0	0	0	0	1	0	0	0	0	0	0	0	0	0	0	0	1	0	0
689_690	CATCGAAGTTCGTTGA-1	0	0	0	0	0	0	0	0	0	0	0	0	0	0	0	0	0	0	0	0
689_690	CACTCCATCATGCATG-1	0	0	0	0	0	0	1	0	0	0	0	0	0	0	0	0	0	1	0	0
689_690	TCGGGACCACTTACGA-1	0	0	0	0	0	0	0	1	0	0	0	0	0	0	0	1	0	0	0	0
689_690	CATCAAGCAAGAGGCT-1	0	0	0	0	0	0	0	0	0	0	0	0	0	0	0	0	0	1	0	0
689_690	GGACGTCTCTCCAGGG-1	0	0	0	0	0	0	0	0	0	0	1	0	1	0	0	0	0	0	0	0
689_690	GTGAAGGTCTAACTGG-1	0	0	0	0	0	0	0	0	0	0	0	0	0	0	0	0	0	0	0	0
689_690	TAGGCATCAAGTCTAC-1	0	0	0	0	0	0	0	0	0	0	0	0	0	0	0	1	0	0	0	0
689_690	TAGGCATCATAGACTC-1	0	0	0	0	0	0	0	0	0	0	0	0	0	0	0	0	0	0	0	0
689_690	GTGCATAGTCGAGATG-1	0	0	0	0	0	0	1	0	0	0	0	0	0	0	0	0	0	0	0	0
689_690	AGTGAGGGTGAGGCTA-1	0	0	0	0	0	0	0	0	0	0	0	0	0	0	0	0	0	0	0	0
689_690	GTGTTAGCACTGTGTA-1	0	0	0	0	0	0	0	0	0	0	0	0	0	0	0	0	0	1	0	0
689_690	CAGCTGGAGTCCGTAT-1	0	0	0	0	0	0	0	0	0	0	0	0	1	0	0	0	0	1	0	0
689_690	AACACGTAGATGCCTT-1	0	0	0	0	0	0	1	0	0	0	0	0	0	0	0	0	0	0	0	0
689_690	CTACATTGTCAAAGAT-1	0	0	0	0	0	0	0	0	0	0	0	0	0	0	0	0	0	0	0	0
689_690	TTGCCGTAGGACTGGT-1	0	1	0	0	0	0	0	0	0	0	0	0	0	0	0	0	0	0	0	0
689_690	GACAGAGCAGCATACT-1	0	0	0	0	0	0	0	0	0	0	0	0	0	0	0	0	0	0	0	0
689_690	CTACACCAGTTTCCTT-1	0	0	0	0	0	0	0	0	0	0	0	0	0	0	0	0	0	1	0	0
689_690	TTCCCAGCATTTGCTT-1	0	0	0	0	0	1	0	0	0	0	0	0	0	0	0	0	0	1	0	1
689_690	TGACGGCAGCTAACAA-1	0	0	0	0	0	1	0	0	0	0	0	0	0	0	0	0	0	0	0	0
689_690	ATGGGAGGTTTGCATG-1	0	0	0	0	0	0	0	0	0	0	0	0	0	0	0	0	0	0	0	0
689_690	GAAGCAGCAGAAGCAC-1	0	0	0	0	0	0	0	0	0	0	0	0	0	0	0	0	0	0	0	0
689_690	CTGCTGTCACATGGGA-1	0	0	0	0	0	0	0	0	0	0	0	0	0	0	0	0	0	0	0	0
689_690	CTAAGACAGTTCGCAT-1	0	0	0	0	0	0	1	0	0	0	0	0	0	0	0	0	0	0	0	0
689_690	ATTCTACAGTACGTTC-1	0	0	0	0	0	0	0	0	0	0	0	0	0	0	0	0	0	0	0	0
689_690	CTGGTCTTCGCCCTTA-1	0	0	0	0	0	1	0	0	0	0	0	0	0	1	0	0	1	0	0	0
689_690	CTTTGCGTCCAGTATG-1	0	0	0	0	0	1	0	0	2	0	0	0	0	0	0	0	0	0	0	0
689_690	TTCTCCTAGGGTCTCC-1	0	0	0	0	0	0	0	0	0	0	0	0	0	0	0	0	0	0	1	0
689_690	CGTCACTAGGGTTCCC-1	0	0	0	0	0	0	0	0	0	0	0	0	0	1	0	0	0	0	0	0
689_690	CTGTTTACACACAGAG-1	0	0	0	0	0	0	1	0	0	0	0	0	0	0	0	0	0	0	0	0
689_690	CACACAAGTTACGACT-1	0	0	0	0	0	0	0	0	0	0	0	0	0	0	0	0	0	0	0	0
689_690	ATTGGTGAGCTTCGCG-1	0	0	0	0	0	0	0	0	0	0	0	0	0	0	0	0	0	0	0	0
689_690	TTGCGTCGTTCTGGTA-1	0	0	0	0	0	0	0	0	0	0	2	0	0	0	0	0	0	0	0	0
689_690	CGTGTCTTCAACTCTT-1	0	0	0	0	1	0	0	0	0	0	0	0	0	0	0	1	0	1	0	0
689_690	CGCTATCTCTTTCCTC-1	0	0	0	1	0	0	0	0	0	0	0	0	2	0	0	0	0	0	0	0
689_690	ACTTTCATCTCCGGTT-1	0	0	0	0	0	0	0	0	0	0	0	0	1	0	0	2	1	3	0	0
689_690	CTAGAGTCAAGTACCT-1	0	0	0	0	0	0	0	0	0	0	0	0	0	0	0	0	0	0	0	0
689_690	CTCTAATGTTGGGACA-1	0	0	0	0	0	0	0	0	0	0	0	0	0	0	0	0	0	0	0	0
689_690	CTAGTGAAGAGACGAA-1	0	0	0	0	0	0	0	0	0	0	0	0	0	0	0	1	0	1	0	0
689_690	CTCGGGACAGTTCATG-1	0	0	0	0	0	0	0	0	0	0	0	0	0	0	0	0	0	0	0	0
689_690	AGAATAGCACAGGCCT-1	0	0	0	0	0	0	0	0	0	0	0	0	0	0	0	0	0	0	0	0
689_690	CTCTAATGTCTCGTTC-1	0	0	0	0	0	0	1	0	0	0	0	0	1	0	0	0	0	1	0	0
689_690	GAGCAGAAGGAATTAC-1	0	0	0	0	0	0	0	0	0	0	0	0	0	0	0	0	0	0	0	0
689_690	AAATGCCTCAGATAAG-1	0	0	0	0	0	0	0	0	0	0	0	0	0	0	0	0	0	0	0	0
690_691	GGTGAAGCACATTTCT-1	0	0	0	0	0	0	0	0	0	0	0	0	0	0	0	0	0	0	0	0
690_691	CTGCGGATCTCGTTTA-1	0	0	0	1	0	0	0	0	0	0	0	0	0	0	0	0	0	1	0	0
690_691	TCTCTAACACGAGGTA-1	0	0	0	0	0	1	0	0	0	0	0	0	0	0	0	0	0	0	0	0
690_691	TGAGAGGGTTACTGAC-1	0	0	0	0	0	0	0	0	0	0	0	0	0	0	0	0	0	0	0	0
690_691	TCGGTAAGTGTGGCTC-1	0	0	0	0	0	0	0	0	0	0	0	0	0	0	0	0	0	0	0	0
690_691	AATCCAGTCTTCGAGA-1	0	0	0	0	0	0	0	0	0	0	0	0	0	0	0	0	0	0	0	0
690_691	TACAGTGCAAACAACA-1	0	0	0	0	0	0	0	0	0	0	0	0	0	0	0	0	0	0	0	0
690_691	TACACGAGTCACTGGC-1	0	0	0	0	0	1	1	0	0	0	0	0	0	0	0	0	0	0	0	0
690_691	CTAAGACGTTTCGCTC-1	0	0	0	0	0	0	0	0	0	0	0	0	0	0	0	0	0	0	0	0
690_691	CTGTGCTAGGTGTGGT-1	0	0	0	0	0	0	0	0	0	0	0	0	0	0	0	0	0	0	0	0
690_691	CCCAGTTTCTAACTGG-1	0	0	0	0	0	0	0	0	0	0	0	0	0	0	0	0	0	1	0	0
690_691	TCGTACCGTATCGCAT-1	0	0	0	0	0	0	0	0	1	0	0	0	0	0	0	0	0	0	0	0
690_691	CTCAGAAAGATAGTCA-1	0	0	0	0	0	0	0	0	0	0	0	0	1	0	0	0	0	0	0	0
690_691	ATGAGGGGTATAGGTA-1	0	0	0	0	0	0	1	0	0	0	0	0	0	0	0	0	0	1	0	0
690_691	TAGAGCTAGTACTTGC-1	0	0	0	0	0	0	1	0	0	0	0	0	0	0	0	0	0	0	1	0
690_691	CCCAATCGTACGCACC-1	0	0	0	0	0	1	0	0	0	0	0	0	0	0	0	0	0	0	0	0
690_691	CTGCCTAGTTGAGGTG-1	0	0	0	0	0	0	0	0	0	0	0	0	0	0	0	0	0	1	0	0
690_691	AGTCTTTTCGTGGTCG-1	0	0	0	0	0	0	2	0	0	0	0	0	0	0	0	0	0	0	0	0
690_691	TGGCTGGGTTCTGTTT-1	0	0	0	0	0	0	0	0	0	0	0	0	0	0	0	0	0	0	0	0
690_691	AAACGGGAGGGAACGG-1	0	0	1	0	0	0	0	0	0	0	0	0	0	0	0	0	0	1	0	0
690_691	GTCTCGTCATTGGGCC-1	0	0	0	0	0	0	0	0	0	0	0	0	0	0	0	0	0	1	0	0
690_691	GTCCTCAAGCCACTAT-1	0	0	0	0	0	0	0	0	0	0	1	0	0	0	0	0	0	0	0	0
690_691	TACGGTACAATTCCTT-1	0	0	0	0	0	0	0	0	0	0	0	0	0	0	0	0	0	0	0	0
690_691	CTCTGGTGTCCGTCAG-1	0	0	0	0	0	1	1	0	0	0	0	0	0	0	0	0	0	0	0	0
690_691	AAGCCGCGTGGAAAGA-1	0	0	0	0	0	1	0	0	0	0	1	0	0	0	0	0	0	0	0	0
690_691	AACTTTCTCCATTCTA-1	0	0	0	0	0	0	0	0	0	0	0	0	1	0	0	0	0	1	1	0
690_691	AAGCCGCTCGGACAAG-1	0	0	0	0	0	0	0	0	0	0	0	0	0	0	0	0	1	0	0	0
690_691	TTGAACGTCTGCCAGG-1	0	0	0	0	0	0	0	0	0	0	0	0	0	0	0	0	0	1	0	0
690_691	CATGCCTAGAACTCGG-1	0	0	0	0	0	0	0	0	0	0	0	0	0	0	0	0	0	3	0	0
690_691	GTAGTCACAAGCCGTC-1	0	0	0	0	0	0	0	0	0	0	0	0	1	0	0	1	0	1	0	0
690_691	GGCTGGTGTTACCAGT-1	0	0	0	0	0	0	0	0	0	0	0	0	0	0	0	0	0	0	0	0
690_691	TGGTTCCCATGTCGAT-1	0	0	0	0	0	0	0	0	0	0	0	0	0	0	0	0	0	1	0	0
690_691	ACTTGTTAGCGCCTTG-1	0	0	0	0	0	0	0	0	0	0	0	0	0	0	0	0	0	0	0	0
690_691	CTACACCCAAGAGGCT-1	0	0	0	0	0	0	0	0	0	0	0	0	0	0	0	0	0	1	0	0
690_691	AACTTTCCAAGGTGTG-1	0	0	0	0	0	0	0	0	0	0	0	0	0	0	0	0	0	0	0	0
690_691	GTTTCTAGTACGACCC-1	0	0	0	0	0	0	1	0	0	0	1	0	0	0	0	0	0	0	1	0
690_691	CATTATCCAATTGCTG-1	0	0	0	0	0	0	0	0	0	0	0	0	0	1	0	0	0	0	0	0
690_691	ACTGTCCGTCCAGTAT-1	0	0	0	0	0	0	0	0	0	0	0	0	0	0	0	0	0	0	0	0
690_691	AGTAGTCCATGGTCTA-1	0	0	0	0	0	0	0	0	0	0	0	0	0	0	0	0	0	1	0	0
690_691	TACGGATGTTCCATGA-1	0	0	0	0	0	0	0	0	0	0	0	0	0	0	0	0	0	0	0	0
690_691	GGTGCGTCAAAGAATC-1	0	0	0	0	0	0	0	0	0	0	0	0	0	0	0	0	0	0	0	0
690_691	AGTCTTTCAATCTACG-1	0	0	0	0	0	0	0	0	0	0	0	0	0	0	0	0	0	0	0	0
690_691	CTTACCGTCTCAAGTG-1	0	0	0	0	0	0	2	0	0	0	0	0	0	1	0	0	0	1	0	0
690_691	CTTACCGTCCAGAGGA-1	0	0	0	0	0	0	0	0	0	0	0	0	0	0	0	0	2	2	0	0
690_691	GACCAATTCATCACCC-1	0	0	0	0	0	1	0	0	0	0	0	0	0	0	0	0	1	1	1	0
690_691	CGTTGGGTCGGAAATA-1	0	0	0	0	0	0	0	0	0	0	0	0	1	0	0	0	0	0	0	0
690_691	TCTATTGGTAGCGATG-1	0	0	0	0	0	0	1	0	0	0	0	0	0	0	0	0	0	1	0	0
690_691	ACGAGGAAGGTGCTTT-1	0	0	0	0	0	1	0	0	0	0	0	0	0	0	0	0	0	1	0	0
690_691	AGCTCCTTCGCACTCT-1	0	0	0	0	0	0	1	0	0	0	0	0	0	0	0	0	0	1	1	0
690_691	CGAATGTTCCTTGGTC-1	0	0	0	0	0	0	0	0	0	0	0	1	0	0	0	1	0	1	0	0
690_691	TTAACTCTCAAGAAGT-1	0	0	0	0	0	0	0	0	0	0	0	0	0	0	0	1	0	0	0	0
690_691	AACCATGTCATAACCG-1	0	0	0	0	0	0	0	0	0	0	0	0	0	0	0	0	0	0	0	0
690_691	AGCTCCTAGGAGTTTA-1	0	0	0	0	0	0	0	0	0	0	0	0	0	0	0	0	0	0	0	0
690_691	GACGGCTCAAGCTGTT-1	0	0	0	0	0	0	0	0	0	0	0	0	0	0	0	0	0	0	0	0
690_691	GACGTGCAGTGTACTC-1	0	0	0	0	0	0	1	0	0	0	0	0	0	0	0	0	0	1	1	0
690_691	CACAGTAGTGCATCTA-1	0	0	0	0	0	0	0	0	0	0	0	0	0	0	0	0	1	0	0	0
690_691	CGATCGGGTAGCCTAT-1	0	0	0	0	0	0	0	0	0	0	0	0	0	0	0	0	0	0	0	0
690_691	GCATGATCACTTACGA-1	0	0	0	0	0	0	0	0	0	0	0	0	0	0	0	1	0	0	0	0
690_691	ACGTCAAAGTACGACG-1	0	0	0	0	0	0	0	0	0	2	2	0	0	0	0	0	0	0	0	0
690_691	CACACCTAGTACTTGC-1	0	0	0	0	0	0	0	0	0	0	0	0	0	0	0	0	0	0	1	0
690_691	ACGGGCTAGTTAGGTA-1	0	0	0	0	0	0	0	0	0	0	0	0	0	0	0	0	0	0	0	0
690_691	CGCTATCGTGCAGACA-1	0	0	0	0	0	0	0	0	0	0	0	0	0	0	0	0	0	0	0	0
690_691	CGATGGCAGTAGGTGC-1	0	0	0	0	0	0	0	0	0	0	0	0	0	0	0	0	0	0	0	0
690_691	TCAGGATCACACAGAG-1	0	0	0	0	0	0	0	0	0	0	0	0	0	0	0	0	0	0	0	1
690_691	CGCCAAGCATCAGTCA-1	0	0	0	0	0	0	0	0	2	0	1	0	0	0	0	0	0	1	0	0
690_691	GATGCTAGTACAGTTC-1	0	1	0	0	0	0	0	0	0	0	0	0	0	0	0	0	0	0	0	0
690_691	GATGCTACACAGTCGC-1	0	1	0	0	0	0	1	0	0	0	2	0	0	0	0	0	0	1	0	0
690_691	AACGTTGAGAGGTTGC-1	0	0	0	0	0	1	0	0	0	0	0	0	0	0	0	0	0	0	0	1
690_691	TCAACGACAAAGAATC-1	0	0	0	0	0	0	0	0	0	0	0	0	0	0	0	0	0	0	0	0
690_691	CCTTTCTTCGCATGGC-1	0	0	0	0	0	0	0	0	0	0	0	0	0	0	0	0	0	0	0	0
690_691	CGAATGTAGTCACGCC-1	0	0	0	0	0	0	0	0	0	0	0	0	0	0	0	0	0	0	0	1
690_691	GAACCTAAGCCGGTAA-1	0	0	0	0	0	0	0	0	0	0	0	0	0	0	0	0	0	0	0	0
690_691	GAACGGAGTAATAGCA-1	0	0	0	0	0	1	0	0	0	0	0	0	0	0	0	0	0	0	1	0
690_691	GCTTGAATCATCTGCC-1	0	0	0	0	0	0	1	0	1	0	0	0	0	0	0	0	0	2	0	0
690_691	GGAGCAAAGCTCCCAG-1	0	0	0	0	0	1	0	0	0	0	0	0	0	0	0	0	0	0	0	0
690_691	AGGCCACTCCGTCATC-1	0	0	0	0	0	0	0	0	0	0	1	0	0	0	0	0	0	1	0	0
690_691	GGACAAGTCTCTGAGA-1	0	0	0	0	0	1	1	0	0	0	1	0	0	0	0	0	0	0	0	0
690_691	ACTGAGTAGTAAGTAC-1	0	0	0	0	0	1	1	0	0	0	0	0	0	0	0	0	0	0	0	0
690_691	GGAACTTTCTGTTTGT-1	0	0	0	0	0	0	0	0	0	0	0	0	0	0	0	0	0	0	0	0
690_691	CCTCAGTGTAAAGGAG-1	0	0	0	0	0	0	0	0	0	0	0	0	0	0	0	0	0	0	0	0
690_691	CCTTCCCCAAACGCGA-1	0	0	0	0	1	0	0	0	0	0	0	0	0	0	0	0	0	2	0	0
690_691	CTTTGCGAGACAGACC-1	0	0	0	0	0	0	0	0	0	0	0	0	0	0	0	0	0	0	0	0
690_691	GGAAAGCGTTACGTCA-1	0	0	0	0	0	0	0	0	0	0	0	0	0	0	0	0	0	0	0	0
690_691	AGGCCGTAGGTACTCT-1	0	0	0	0	0	0	0	0	0	0	0	0	0	0	0	0	0	1	0	0
690_691	TTTGCGCGTCTCACCT-1	0	0	0	0	0	1	0	0	0	0	1	0	0	0	0	0	0	0	0	0
690_691	CACCTTGCACGGTAAG-1	0	0	0	0	0	0	0	0	0	0	0	0	0	0	0	0	0	0	0	0
690_691	TTCTACACAAACCCAT-1	0	0	0	0	0	0	1	0	1	0	0	0	0	0	0	0	0	2	0	0
690_691	CACCACTGTGGCGAAT-1	0	0	0	0	0	0	0	0	0	0	0	0	0	0	0	0	0	0	0	0
690_691	AGCTCTCCACTATCTT-1	0	0	0	0	0	0	0	0	0	0	0	0	0	0	0	0	0	0	0	0
690_691	CCTCAGTCATCACAAC-1	0	0	0	0	0	1	0	0	0	0	0	0	0	0	0	0	0	1	0	0
691_692	AACACGTTCCACGCAG-1	0	0	0	0	0	0	2	0	0	0	0	0	0	0	0	0	0	0	0	0
691_692	TACTTGTGTTCGGGCT-1	0	0	0	0	0	1	0	0	0	0	0	0	1	0	0	0	0	0	0	0
691_692	CAACCTCCATTGGTAC-1	0	0	0	0	0	0	0	0	0	0	0	0	1	0	0	0	0	0	0	0
691_692	TGTATTCAGGAGCGAG-1	0	0	0	0	0	0	0	0	0	0	0	0	0	0	0	0	0	0	0	0
691_692	ATTGGACCAACCGCCA-1	0	0	0	0	0	0	0	0	0	0	0	0	0	0	0	0	0	0	0	0
691_692	TCAACGATCTAACTGG-1	0	0	0	0	0	0	0	0	0	0	1	0	0	0	0	1	0	0	1	0
691_692	TACGGATGTGTTAAGA-1	0	0	0	0	0	0	0	0	0	0	0	0	0	0	0	0	0	0	0	0
691_692	ATAAGAGTCCATGCTC-1	0	0	0	0	0	0	0	0	0	0	0	0	0	0	0	0	0	0	0	0
691_692	TCAGATGGTGCGGTAA-1	0	0	0	0	0	0	0	0	0	0	0	0	0	0	0	0	1	0	0	0
691_692	AACCATGCAATAAGCA-1	0	0	0	0	0	0	0	0	0	0	0	0	0	1	0	0	0	0	0	0
691_692	TACGGGCGTGGACGAT-1	0	0	0	0	0	1	1	0	0	0	0	0	0	0	0	0	0	0	0	0
691_692	TAGGCATTCGATCCCT-1	0	0	0	0	0	0	1	0	0	0	0	0	0	0	0	0	0	1	0	0
691_692	TGTATTCAGATCGGGT-1	0	0	0	0	0	0	0	0	0	0	0	0	0	0	0	0	0	0	0	0
691_692	TTCCCAGGTCATATCG-1	0	0	0	0	0	1	0	0	0	0	0	0	0	0	0	0	0	1	0	0
691_692	TTGACTTAGGTAGCCA-1	0	0	0	0	0	1	0	0	0	0	0	0	0	1	0	0	0	1	0	0
691_692	TCAATCTTCCTCATTA-1	0	0	0	0	0	0	0	0	0	0	0	0	1	0	0	0	0	1	0	0
691_692	TCAATCTTCATTGCGA-1	0	0	0	0	0	0	0	0	0	0	0	0	0	0	0	0	0	0	1	0
691_692	TTAGGACCAATAGCGG-1	0	0	0	0	0	0	0	0	0	0	0	0	0	0	0	0	0	0	0	0
691_692	TCGTACCTCAAACCAC-1	0	0	0	0	0	0	0	0	0	0	0	0	0	0	0	0	0	0	0	0
691_692	CAGCATAGTCAGAATA-1	0	0	0	0	0	0	0	0	0	0	0	0	0	0	0	0	0	0	0	0
691_692	CCTACCACAGCGTTCG-1	0	0	0	0	0	0	0	0	0	0	0	0	0	0	0	0	0	1	0	0
691_692	CATATGGAGGCCCTCA-1	0	0	0	0	0	1	0	0	0	0	0	0	1	0	0	0	0	0	0	0
691_692	GACGCGTCATCAGTCA-1	0	0	0	0	0	0	0	0	0	0	0	0	0	0	0	0	0	1	0	0
691_692	GACGCGTGTAGCTTGT-1	0	0	0	0	0	0	1	0	0	0	0	0	0	0	0	0	0	0	0	0
691_692	ACTATCTCACGAAAGC-1	0	0	0	0	0	0	0	0	0	0	0	0	0	0	0	0	0	0	0	0
691_692	GACTAACCACACGCTG-1	0	0	0	0	0	0	0	0	0	0	0	0	0	0	0	0	0	1	0	0
691_692	AGCCTAAGTGATAAAC-1	0	0	0	0	0	1	0	0	0	0	0	0	0	0	0	0	0	0	0	0
691_692	TGAGCCGTCCTGTACC-1	0	0	0	0	0	1	1	0	0	0	0	0	0	0	0	0	0	1	0	0
691_692	CGGACGTCATTTCACT-1	0	0	0	0	0	0	0	0	0	0	0	0	0	0	0	0	0	0	0	0
691_692	CGCCAAGAGGACGAAA-1	0	0	0	0	0	0	0	0	0	0	0	0	0	0	0	0	0	0	1	0
691_692	GATCTAGTCCGTAGGC-1	0	0	0	0	0	0	0	0	0	0	0	0	0	0	0	0	0	0	0	0
691_692	ACGCAGCCAGACAAGC-1	0	0	0	0	0	0	0	0	0	0	0	0	0	0	0	0	0	1	0	0
691_692	TGCACCTGTTTAAGCC-1	0	0	0	0	0	0	0	0	0	0	0	0	1	0	0	0	0	0	0	0
691_692	CGATGGCTCTGCGACG-1	0	0	0	0	0	0	0	0	0	0	0	0	0	0	0	0	0	0	0	0
691_692	GCACTCTCATTATCTC-1	0	0	0	0	0	0	0	0	0	0	0	0	0	0	0	0	0	0	0	0
691_692	CAGCTGGGTAGAAGGA-1	0	0	0	0	1	0	0	0	0	0	0	0	0	0	0	0	0	0	0	0
691_692	CGATTGAGTGGTGTAG-1	0	0	0	0	0	0	0	0	0	0	0	0	1	0	0	1	0	0	0	0
691_692	GACACGCGTTTGCATG-1	0	0	0	0	0	0	0	0	0	0	0	0	0	0	0	0	0	0	0	0
691_692	CGTAGCGGTAAGTGTA-1	0	0	0	0	0	0	0	0	0	0	0	0	0	0	0	0	0	1	0	0
691_692	GAACGGAAGCCGATTT-1	0	0	0	0	0	0	0	0	0	0	1	0	0	0	0	0	0	1	1	0
691_692	TGACGGCTCCAGATCA-1	0	0	0	0	0	1	1	0	0	0	0	0	0	0	0	0	0	1	0	0
691_692	CTCGAAATCTTCAACT-1	0	0	0	0	0	0	0	0	0	0	0	0	0	0	0	0	0	1	0	0
691_692	CTCACACAGTCGAGTG-1	0	0	0	0	0	0	0	0	0	0	0	0	0	0	0	0	0	0	0	0
691_692	CTCTGGTCAGATCCAT-1	0	0	0	0	0	0	0	0	0	0	0	0	0	0	0	0	0	0	0	0
691_692	CTACGTCTCACGGTTA-1	0	0	0	0	0	0	0	0	0	0	0	0	0	0	0	0	1	0	0	0
691_692	CTGAAACTCTCGAGTA-1	0	0	0	0	0	0	0	0	0	0	0	0	0	0	0	0	0	0	0	0
691_692	CTACACCTCGGAAACG-1	0	0	0	0	0	0	0	0	0	0	1	0	0	0	0	0	0	0	0	0
691_692	CTACACCGTACCGTAT-1	0	0	0	0	0	0	0	0	0	0	1	0	0	0	0	0	0	0	1	0
691_692	CTGCCTAGTAGCCTCG-1	0	0	0	0	0	0	0	0	0	0	0	0	0	0	0	0	0	1	0	0
691_692	CTGTTTACAATACGCT-1	0	0	0	0	1	0	1	0	0	0	0	0	0	0	0	0	0	1	0	0
691_692	CGTTAGATCAGTCCCT-1	0	0	0	0	0	1	0	0	0	0	0	0	0	0	0	0	0	1	1	0
691_692	CGTGTAACAGCATGAG-1	0	0	0	0	0	0	0	0	0	0	0	0	0	0	0	0	0	0	0	0
691_692	CTTCTCTCAGGACGTA-1	0	0	0	0	0	0	0	0	0	0	0	1	0	0	0	0	0	1	0	0
691_692	GAAATGACAAACTGCT-1	0	0	0	0	1	1	0	0	0	0	0	0	0	0	0	0	0	1	0	0
691_692	GAAATGACAAGCGCTC-1	0	0	0	0	0	0	0	0	0	0	0	0	0	0	0	0	0	0	0	0
691_692	CGAGCCAAGTGAAGTT-1	0	0	0	0	0	0	0	0	0	0	0	0	0	0	0	0	0	0	0	0
691_692	TCGGTAAAGTGTGGCA-1	0	0	0	0	0	0	0	0	0	0	0	0	0	0	0	0	0	0	0	0
691_692	TGCCCTATCGCATGAT-1	0	0	0	0	0	0	1	0	0	0	0	0	0	0	0	0	0	0	1	0
691_692	CGAGAAGCAATGGACG-1	0	0	0	0	1	0	0	0	0	0	0	0	0	0	0	0	0	0	0	0
691_692	CGAGCACCAGTTTACG-1	0	0	0	0	0	0	0	0	0	0	0	0	0	0	1	0	0	0	0	0
691_692	CCTACACGTTGCGCAC-1	0	0	0	0	0	0	0	0	0	0	0	0	0	0	0	0	0	0	1	0
691_692	GGCTGGTTCCGTACAA-1	0	0	0	0	0	0	0	0	0	0	0	0	0	0	0	0	0	0	0	0
691_692	ACACCCTGTTGTGGAG-1	0	0	0	0	0	0	0	0	0	0	1	0	0	0	0	0	0	0	0	0
691_692	ACACCCTGTGACTCAT-1	0	0	0	0	0	0	1	0	0	0	1	0	0	0	1	0	0	1	0	0
691_692	TGGCTGGGTGAGTGAC-1	0	0	0	0	0	0	0	0	0	0	0	0	0	0	0	0	0	1	0	0
691_692	GGATGTTCAACGATGG-1	0	0	0	0	0	0	0	0	0	0	0	0	0	0	0	0	0	0	1	0
691_692	AGGGATGTCTACTATC-1	0	0	0	0	0	0	1	0	0	0	1	0	0	0	0	0	0	0	0	0
691_692	GTACTCCTCATCATTC-1	0	0	0	0	0	0	0	0	0	0	0	0	0	0	0	0	0	1	0	0
691_692	TCGCGTTTCTTGAGGT-1	0	0	0	0	0	0	0	0	0	0	0	0	0	0	0	0	0	0	0	0
691_692	CATGACAAGTTACGGG-1	0	0	0	0	0	0	0	0	0	0	0	0	0	0	0	0	0	0	0	0
691_692	TGGCTGGTCTTACCTA-1	0	0	0	0	1	0	0	0	0	0	0	0	1	0	0	0	0	0	0	0
691_692	AGTGAGGAGAGTAATC-1	0	0	0	0	0	1	0	0	0	0	0	0	0	0	0	0	1	2	0	0
691_692	GTTACAGTCTCTAGGA-1	0	0	0	0	1	0	0	0	0	0	0	0	1	0	0	0	0	1	0	0
691_692	GTAACTGAGACTACAA-1	0	0	0	0	0	1	0	0	0	0	0	0	0	0	0	0	0	1	0	0
691_692	ACATGGTGTCTCACCT-1	0	0	0	1	0	0	1	0	0	0	0	0	0	0	0	0	0	0	0	2
691_692	TCGGGACAGGTAGCTG-1	0	0	0	0	0	0	0	0	0	0	0	0	0	0	0	0	0	0	0	0
691_692	TGCTGCTTCGCATGGC-1	1	0	0	0	0	0	0	0	0	0	0	0	0	0	0	0	0	1	0	0
691_692	GCGCCAAAGACACTAA-1	0	0	0	0	0	0	0	0	0	0	0	0	0	0	0	0	0	0	0	0
691_692	TGAAAGACACGGACAA-1	1	0	0	0	0	0	1	0	0	0	0	0	0	0	0	0	0	0	0	0
691_692	ACGAGGAAGAGCTTCT-1	0	0	0	0	0	0	0	0	0	0	0	0	0	0	0	0	0	0	1	0
691_692	CCTTTCTCATCACAAC-1	0	0	0	0	0	0	0	0	0	0	0	0	0	0	0	0	0	0	0	0
691_692	AGCTCTCAGCAACGGT-1	0	0	0	0	0	1	0	0	0	0	0	0	0	0	0	0	0	1	0	0
691_692	ACATGGTTCAACCATG-1	0	0	0	1	0	0	0	0	0	0	0	0	1	0	0	0	0	0	0	0
691_692	CCTTCCCTCCAGTATG-1	0	0	0	0	1	1	4	0	0	0	0	0	0	0	0	0	0	2	0	0
691_692	CCTTCGAAGCTGAAAT-1	0	0	0	0	0	0	0	0	0	0	0	0	0	0	0	0	0	0	0	0
691_692	TGCGGGTCAAACCTAC-1	0	0	0	0	0	0	0	0	0	0	0	0	0	1	0	0	0	1	0	0
691_692	ACCGTAAGTGAGGGAG-1	0	0	0	0	0	0	0	0	0	0	0	0	0	0	0	1	0	0	1	0
691_692	ACCCACTGTTTGCATG-1	0	0	0	0	0	0	0	0	0	0	0	0	0	0	0	0	0	0	0	0
691_692	GGAATAATCAGTTAGC-1	0	0	0	0	0	0	0	0	0	0	1	0	0	0	0	0	0	1	0	0
691_692	GGACAGAAGAAGGTGA-1	0	0	0	0	0	0	0	0	0	0	1	0	0	0	0	0	1	1	0	0
691_692	GCTTGAAAGTGCAAGC-1	0	0	0	0	0	0	1	0	0	0	0	0	0	0	0	0	0	1	0	0
691_692	ATCTACTCACAGCCCA-1	0	0	0	0	0	0	0	0	0	0	0	0	0	0	0	0	0	0	0	1
692_693	TCTATTGCAGTAACGG-1	0	0	0	0	0	0	0	0	0	0	0	0	0	0	0	0	0	0	0	0
692_693	TGTGTTTTCGAATGCT-1	0	0	0	0	0	0	1	0	0	0	0	0	0	0	0	0	0	0	0	1
692_693	TCTGGAAAGACGCACA-1	0	0	0	0	0	0	0	0	0	0	0	0	0	0	0	0	0	0	0	0
692_693	TTGCGTCTCTCGTTTA-1	0	1	0	0	0	1	0	0	0	0	0	0	0	0	0	0	0	1	0	0
692_693	TTGGAACCAAGACGTG-1	0	0	0	0	0	1	0	0	0	0	0	0	0	0	0	0	0	0	0	0
692_693	TGGTTAGTCCGCTGTT-1	2	0	0	0	0	0	0	0	0	0	0	0	0	0	0	1	1	1	0	0
692_693	TGCCCATGTGTTGGGA-1	0	0	0	0	0	0	0	0	0	0	0	0	0	1	0	0	0	0	0	0
692_693	TCCCGATAGACCACGA-1	0	0	0	0	0	1	0	0	0	0	0	0	0	0	0	0	0	0	0	0
692_693	GCAAACTAGCTAACAA-1	0	0	0	0	0	0	0	0	0	0	0	0	0	0	0	0	0	0	0	1
692_693	GCACATATCAAGCCTA-1	0	0	0	0	0	0	0	1	0	0	0	0	1	0	0	0	0	0	0	0
692_693	GAGCAGATCATTGCGA-1	0	0	0	0	0	0	0	0	0	0	2	0	0	0	0	0	0	0	0	1
692_693	CTTAGGAGTACGACCC-1	0	0	0	0	0	1	0	0	0	0	0	0	0	0	0	1	0	1	0	0
692_693	CTGCTGTGTCACCTAA-1	0	0	0	0	0	0	0	0	0	0	0	0	0	0	0	0	0	0	0	0
692_693	CTGATAGCACAGGTTT-1	0	0	0	0	0	2	0	0	0	0	0	0	1	0	0	0	0	0	0	0
692_693	CTCGGGAGTACTCAAC-1	0	0	0	0	0	1	0	0	0	0	0	0	0	0	0	0	1	0	0	1
692_693	GCCAAATCACTGAAGG-1	0	0	0	0	0	0	2	0	0	0	0	0	0	0	0	0	0	0	0	0
692_693	CTCGAAAAGGTGTTAA-1	0	0	0	0	0	0	0	0	0	0	0	0	0	0	0	0	0	0	0	0
692_693	CGTGTAACAACGCACC-1	0	0	0	0	0	0	0	0	0	0	0	0	0	0	0	1	0	1	0	0
692_693	CGGCTAGTCTTGGGTA-1	0	0	0	0	0	0	0	0	0	0	0	0	0	0	0	0	0	0	0	0
692_693	CGGAGTCGTTTACTCT-1	0	0	0	0	0	0	0	0	0	1	0	0	0	0	0	0	0	1	0	0
692_693	CGGAGCTCAATCCAAC-1	0	0	0	0	0	0	0	0	0	0	1	0	0	0	0	0	0	0	0	0
692_693	CGATCGGTCACTGGGC-1	0	0	0	0	0	0	0	0	0	0	0	0	0	0	0	0	0	0	0	0
692_693	CCTAGCTAGCCACCTG-1	0	0	0	0	0	0	0	0	0	0	0	0	0	0	0	0	0	0	0	0
692_693	CTACACCGTACCGCTG-1	0	0	0	0	0	0	0	0	0	0	0	0	0	0	0	0	0	0	1	0
692_693	CCGGTAGCAATCGGTT-1	0	0	0	0	0	0	0	0	1	0	0	0	0	0	0	0	0	0	0	0
692_693	GCGGGTTCAGCCTTTC-1	1	0	0	0	0	0	0	0	0	0	0	0	0	0	0	0	0	0	0	0
692_693	GGAAAGCAGTCGCCGT-1	0	0	0	0	0	0	0	0	0	0	0	0	0	0	0	0	0	1	0	0
692_693	TAGTTGGCAGTCGATT-1	0	0	0	0	0	0	0	0	0	0	1	0	1	0	0	0	0	1	0	0
692_693	TACCTTATCGGAGCAA-1	0	0	0	0	0	0	0	0	0	0	0	0	0	0	0	0	0	0	0	0
692_693	TACCTTAAGGACAGCT-1	0	0	0	0	0	0	0	0	0	0	0	0	0	0	0	0	0	0	0	0
692_693	GTTCGGGTCCTCAATT-1	0	0	0	0	0	0	0	0	0	0	0	0	0	0	0	0	0	0	0	0
692_693	GTGCAGCCACCTGGTG-1	0	0	0	0	0	0	0	0	0	0	0	0	0	0	0	0	0	0	0	1
692_693	GGTGCGTTCTGTTTGT-1	1	0	0	0	0	0	0	0	0	0	1	0	0	0	0	0	0	0	0	0
692_693	GCTTCCAGTCCATGAT-1	0	0	0	0	0	0	0	0	0	0	0	0	1	0	0	0	0	1	0	0
692_693	GGGTCTGTCAGCTCTC-1	0	0	0	0	0	0	0	0	0	0	0	0	0	0	0	0	0	0	0	0
692_693	GGCTGGTTCTTTACGT-1	0	0	0	0	0	0	0	0	0	0	0	0	0	0	0	1	0	0	0	0
692_693	GGCTCGACATCGATTG-1	0	0	0	0	0	0	0	0	0	0	0	0	0	0	1	0	0	0	0	0
692_693	GGACAGAAGTTGAGAT-1	0	0	0	0	0	0	0	0	0	0	0	0	0	0	0	0	0	0	0	0
692_693	GGACAAGCATATACGC-1	0	0	0	0	0	0	0	0	0	0	0	0	0	0	0	0	0	0	0	0
692_693	GGAACTTCAGGGTACA-1	0	0	0	1	0	0	0	0	0	0	0	0	1	0	0	0	0	0	1	1
692_693	GGAAAGCCACTGAAGG-1	0	0	0	0	0	0	0	0	0	0	0	0	0	0	0	0	1	0	0	0
692_693	GGGCATCTCTTGTATC-1	0	0	0	0	0	0	0	0	0	0	0	0	0	0	0	0	0	0	0	0
692_693	CCATTCGCAATAACGA-1	0	0	0	0	0	0	0	0	0	0	0	0	0	0	0	0	0	1	0	0
692_693	TCAGCAAAGAGTCGGT-1	0	0	0	0	0	0	0	0	0	0	1	0	0	0	0	0	1	0	0	0
692_693	AAGGAGCGTAGAAAGG-1	0	0	0	0	0	0	0	0	0	0	0	0	0	0	0	0	0	0	0	0
692_693	CCACTACGTTACTGAC-1	0	0	0	0	0	0	0	0	0	0	1	0	0	0	0	0	0	0	0	0
692_693	AGTGTCACAGGCAGTA-1	0	0	0	0	0	0	0	0	0	0	0	0	0	0	0	0	0	0	0	0
692_693	AGCGTATCAGGTCGTC-1	0	0	0	0	0	0	0	0	0	0	0	0	0	0	0	0	0	0	0	0
692_693	ATAAGAGTCTGCCCTA-1	0	0	0	0	0	0	0	0	0	0	0	0	0	0	0	0	0	0	1	0
692_693	ACATGGTCAGATCCAT-1	0	0	0	0	0	0	0	0	0	0	0	0	1	0	0	0	0	2	0	1
692_693	ACACTGATCGCCATAA-1	0	0	0	0	0	1	0	0	0	0	0	0	0	0	1	0	0	2	0	0
692_693	ATCTACTCAGATCCAT-1	0	0	0	0	0	0	0	0	0	0	0	0	0	0	0	0	0	0	0	0
692_693	AGTGAGGGTTTAGCTG-1	0	0	0	0	0	1	0	0	1	0	0	0	1	0	0	0	0	0	0	0
692_693	ATTACTCAGAGCTATA-1	0	0	0	0	0	0	0	0	0	0	0	1	0	0	0	0	0	0	0	0
692_693	CACTCCATCCTTTACA-1	0	0	0	0	0	0	0	0	0	0	0	0	0	0	0	0	0	0	0	0
692_693	AGGCCACGTAAATGTG-1	0	0	0	0	0	0	0	0	0	0	0	0	0	0	0	0	0	1	0	0
692_693	CAGCGACCATATGCTG-1	0	0	0	0	0	0	0	0	0	0	1	0	0	0	0	0	0	0	0	0
692_693	AAACGGGGTCCCTACT-1	0	0	0	0	0	1	0	0	0	0	3	0	0	0	0	0	0	0	0	0
692_693	CATCAAGAGGGATACC-1	1	0	0	0	0	0	0	0	0	0	0	1	0	0	0	0	0	0	1	0
693_694	CACATTTGTCATACTG-1	0	0	0	0	0	0	0	0	0	0	0	0	0	0	0	0	0	0	0	0
693_694	GCATACAGTAATTGGA-1	0	0	0	0	0	0	0	0	0	0	0	0	1	0	0	0	0	0	0	0
693_694	TACGGATGTGATGTGG-1	0	0	0	0	0	0	0	0	0	0	0	0	0	0	0	0	0	0	1	0
693_694	TGATTTCGTTCCCGAG-1	0	0	0	0	0	0	0	0	0	1	0	0	0	0	0	0	0	0	0	0
693_694	CATGGCGTCCCTCTTT-1	0	0	0	0	0	0	0	0	0	0	0	0	0	0	0	0	0	0	0	0
693_694	GGGATGAAGGGTCTCC-1	0	0	0	0	0	0	0	0	0	0	0	0	1	0	0	0	0	0	0	0
693_694	CGAGCCAGTTCGGCAC-1	0	0	0	0	0	0	0	0	0	0	0	0	0	0	0	0	0	0	0	0
693_694	GTCACAATCGTGGACC-1	0	0	0	0	0	0	0	0	0	0	0	0	0	0	0	1	0	1	0	0
693_694	CGACCTTGTCTAAAGA-1	0	0	0	0	0	0	1	0	0	0	0	0	2	0	0	0	0	0	0	0
693_694	AACTCCCTCCGTAGTA-1	0	0	0	0	0	0	0	0	0	0	0	0	0	0	0	0	0	0	0	0
693_694	GTGCTTCTCGGCATCG-1	0	0	0	0	0	0	0	0	0	0	0	0	1	0	0	0	0	1	0	0
693_694	CTCTGGTGTAGCGATG-1	0	0	0	0	0	0	0	0	0	0	0	0	0	0	0	0	0	0	0	0
693_694	CCGGGATCATCGGGTC-1	0	0	0	0	0	1	0	0	0	1	0	0	0	0	0	0	0	0	0	0
802_803	TTGAACGTCACAATGC-14	0	0	0	0	0	0	0	0	0	0	1	0	0	0	0	1	0	1	0	0
802_803	CTCGAAAGTCTAAACC-14	0	0	0	0	0	0	0	0	0	0	0	0	0	0	0	2	0	0	0	0
802_803	GACAGAGGTTGGACCC-14	0	0	0	0	0	0	0	0	0	0	0	0	0	0	0	0	1	0	0	0
802_803	TTCTCCTTCCGCATAA-14	0	0	0	0	0	0	0	0	0	0	0	0	0	0	0	0	0	0	0	0
802_803	TTTACTGAGTAACCCT-14	0	0	0	0	0	0	0	0	0	0	1	0	0	0	0	0	0	0	0	0
802_803	CGTTGGGAGCTGGAAC-14	0	0	0	0	0	1	0	0	0	0	0	0	0	0	0	1	0	0	0	0
802_803	TTGGCAATCGCCAGCA-14	0	0	0	0	0	0	0	0	0	0	0	0	0	0	0	0	0	0	0	0
802_803	CGTAGCGAGTATCGAA-14	0	0	0	0	0	0	0	0	0	0	0	0	1	0	0	0	0	0	1	0
802_803	TTCTCAAAGATGTGTA-14	0	0	0	0	0	0	0	0	0	0	0	0	0	1	0	0	0	1	0	0
802_803	TGAGCCGCAAGGTTCT-14	0	0	0	0	0	1	0	0	0	0	0	0	0	0	0	0	0	1	0	0
802_803	TTTCCTCCACGTCAGC-14	0	0	0	0	0	0	1	0	0	0	0	0	0	0	0	0	0	1	0	0
802_803	TGAGGGAAGATGAGAG-14	0	0	0	0	0	0	0	0	0	0	0	0	0	0	0	0	0	0	0	0
802_803	TGCTGCTTCGGATGGA-14	0	0	0	0	0	1	0	0	0	0	0	0	0	0	0	0	0	0	0	0
802_803	TTAACTCGTAGGCATG-14	0	0	0	0	0	1	0	0	0	0	0	0	0	0	0	0	0	0	0	0
802_803	CTTTGCGAGTCGTACT-14	0	0	0	0	0	0	0	0	0	0	0	0	0	0	0	1	0	0	0	0
802_803	TTGAACGTCATCGATG-14	0	0	0	0	0	0	0	0	0	0	0	0	0	0	0	0	0	0	0	0
802_803	TGGGAAGAGTGCGATG-14	0	0	0	0	0	1	0	0	0	0	0	0	0	0	0	0	0	0	0	0
802_803	TGCGCAGCACCCAGTG-14	0	0	0	0	0	0	0	0	0	0	1	0	0	0	0	0	0	1	0	0
802_803	TGTCCCAGTACTCTCC-14	0	0	0	0	0	0	0	0	0	0	0	0	0	0	0	0	0	0	0	0
802_803	TTAGGACGTGCACGAA-14	0	0	0	0	0	0	0	0	0	0	0	0	0	0	0	0	0	0	0	0
802_803	TGCCCTATCAACCATG-14	0	0	0	0	0	0	0	0	0	0	0	0	0	0	0	0	0	0	0	1
802_803	ACTGAACTCAGCTGGC-14	0	0	0	0	0	0	0	0	0	0	0	0	0	0	0	0	0	0	1	0
802_803	TGAAAGATCTCGGACG-14	0	0	0	0	0	1	0	0	0	0	0	0	0	0	0	0	0	0	0	0
802_803	AGGGAGTCACTTAACG-14	0	0	0	0	0	0	0	0	0	0	0	0	0	0	0	0	0	0	0	0
802_803	GTACGTACAAGCCGCT-14	0	0	0	0	0	0	0	0	0	0	1	0	0	1	0	0	0	0	0	0
802_803	GTACTCCGTGCTAGCC-14	0	0	0	0	0	0	0	0	0	0	1	0	0	0	0	0	0	0	0	0
802_803	GTACTTTTCGTGGGAA-14	0	0	0	0	0	0	0	0	0	0	0	0	0	0	0	0	0	0	0	0
802_803	GTCAAGTCATTAGCCA-14	0	0	0	0	0	0	0	0	0	0	0	0	1	0	0	0	0	0	0	1
802_803	GTCTCGTTCCCGACTT-14	0	0	0	0	0	0	0	0	0	0	0	0	0	0	0	0	1	0	0	0
802_803	GTGTGCGGTAGTAGTA-14	0	0	0	0	0	0	0	0	0	0	0	0	1	0	0	0	0	0	0	0
802_803	GTTACAGTCCAGGGCT-14	0	0	0	0	0	0	0	0	0	0	0	0	1	0	0	0	0	0	0	0
802_803	TAAACCGGTGACCAAG-14	0	0	1	0	0	0	0	0	0	0	0	0	1	0	0	0	0	0	0	0
802_803	ACTTACTTCTTGTCAT-14	0	0	0	0	0	0	0	0	0	0	0	0	0	1	0	0	0	0	0	0
802_803	TAAGTGCCACGCATCG-14	0	0	0	0	0	0	0	0	0	0	0	0	0	0	0	0	0	2	0	0
802_803	GGGACCTCAACTGCTA-14	0	0	0	0	0	0	0	0	0	0	0	0	0	0	1	1	0	0	0	0
802_803	ACTGAGTCAGCATACT-14	0	0	0	0	0	1	0	0	0	0	0	0	0	0	0	0	0	0	0	0
802_803	ACTATCTCACTGTCGG-14	0	0	0	0	0	0	0	0	0	0	0	0	1	0	0	0	0	0	0	0
802_803	CGGACACTCAACACTG-14	0	0	0	0	0	0	1	0	0	0	0	0	0	0	0	0	0	0	0	0
802_803	TATCAGGCATTACCTT-14	0	0	0	0	0	0	0	0	0	0	0	0	1	0	0	0	0	0	0	0
802_803	ACGGAGACACATAACC-14	1	0	0	0	0	1	0	0	0	0	0	0	0	0	0	0	0	0	0	1
802_803	ACGGAGAAGAGACTTA-14	0	0	0	0	0	0	0	0	0	0	0	0	1	0	0	0	0	0	0	0
802_803	ACGCCGAGTGACGGTA-14	0	0	0	0	0	0	1	0	0	0	0	0	1	0	0	1	0	1	0	0
802_803	TATCTCAAGATACACA-14	0	0	0	0	0	0	0	0	0	0	0	0	0	0	0	0	0	0	0	0
802_803	TATCTCAGTCAAACTC-14	0	0	0	0	0	0	0	0	0	0	0	0	0	0	0	0	0	0	0	0
802_803	TCAACGAAGCCCAACC-14	0	0	0	0	0	0	0	0	0	0	0	0	0	0	0	0	1	0	0	0
802_803	ACGAGCCGTAAGTGTA-14	0	0	0	0	0	0	0	0	0	0	1	0	0	0	0	0	0	0	0	0
802_803	ACCAGTATCCGTCATC-14	0	0	0	0	0	0	0	0	1	0	0	0	1	0	0	0	0	0	0	0
802_803	ACTATCTGTCGGATCC-14	1	0	0	0	0	0	0	0	0	0	0	0	1	0	0	1	0	0	0	0
802_803	GCTGGGTGTTCAGGCC-14	0	0	0	0	0	0	0	0	0	0	0	0	0	0	0	0	0	1	0	0
802_803	GCTGGGTCAGATCGGA-14	0	0	0	0	0	0	0	0	0	0	1	0	0	0	0	0	0	0	0	0
802_803	AGTGTCACATTGGCGC-14	0	0	0	0	0	1	0	0	0	0	0	0	0	0	0	0	0	0	0	0
802_803	CGACCTTTCGCTTAGA-14	0	0	0	1	0	0	0	0	0	0	1	0	0	0	0	0	0	0	0	0
802_803	CGACCTTCAGCTGCTG-14	0	0	0	0	0	0	0	0	0	0	0	0	0	0	0	0	0	0	0	0
802_803	CCTTCCCGTCAGTGGA-14	1	0	0	0	0	0	0	0	0	0	0	0	0	0	0	0	0	0	0	0
802_803	GATCAGTCATCACGTA-14	1	0	0	0	0	0	0	0	0	0	1	0	0	0	0	0	0	0	0	0
802_803	CGATCGGGTCATGCAT-14	0	0	0	0	0	0	0	0	0	0	0	0	0	0	0	0	0	1	0	0
802_803	GATGAAAGTGCAGACA-14	0	0	0	0	0	1	0	0	0	0	0	0	0	0	0	0	0	0	0	0
802_803	GCAATCATCCTTTACA-14	0	0	0	0	0	0	0	0	0	0	0	0	0	0	0	0	0	0	0	0
802_803	GCATGATCATCACAAC-14	0	0	0	1	0	1	0	0	0	0	1	0	0	0	0	0	0	1	0	0
802_803	CGCTTCATCATCATTC-14	0	0	0	0	0	0	0	0	0	0	1	0	0	0	0	0	0	0	0	0
802_803	CCACCTAGTCGGATCC-14	0	0	0	0	0	0	0	0	0	0	0	0	0	0	0	1	0	0	0	0
802_803	CATCGAAGTCTGATTG-14	0	0	0	0	0	0	0	0	0	0	0	0	1	0	0	0	0	0	0	0
802_803	CATCCACGTATGAAAC-14	0	0	1	0	0	0	0	0	0	0	0	0	0	0	0	0	0	0	0	0
802_803	GCGACCAGTAGGCTGA-14	0	0	0	0	0	0	0	0	0	0	0	0	0	0	0	0	0	1	0	0
802_803	CAGCTAACAGTCACTA-14	0	0	0	0	0	0	0	0	0	0	1	0	0	0	1	0	0	2	0	0
802_803	CAGATCACATCACAAC-14	0	0	1	0	0	0	0	0	0	0	0	0	0	0	0	0	0	1	0	0
802_803	CAGAGAGAGATAGCAT-14	0	0	0	0	0	0	0	0	0	0	0	0	0	0	0	0	0	0	0	0
802_803	GCGCAACTCTGCAAGT-14	0	0	0	0	0	1	0	0	0	0	0	0	0	0	0	1	0	1	0	0
802_803	GCGCGATAGACAGGCT-14	0	0	0	0	0	0	1	0	0	0	0	0	0	0	0	1	0	0	0	0
802_803	CACAAACGTGTATGGG-14	0	0	0	0	0	0	0	0	0	0	1	0	0	0	0	0	0	0	0	0
802_803	ATTTCTGCACAGCGTC-14	1	0	0	0	0	0	2	0	1	0	1	0	0	0	0	0	0	1	0	1
802_803	ATTACTCTCCTGCCAT-14	0	0	0	0	0	0	0	0	0	0	0	0	0	0	0	0	0	1	0	0
802_803	ATGCGATTCAATCACG-14	0	0	0	0	0	1	0	0	0	0	1	0	0	0	0	0	0	2	0	0
802_803	ATGCGATCACATGACT-14	1	0	0	0	0	0	0	0	0	0	0	0	0	0	0	0	0	1	0	0
802_803	ATCTACTAGAGCCCAA-14	0	0	0	0	0	0	0	0	0	0	0	0	0	0	0	0	2	0	0	0
802_803	GCTCTGTAGAAACCAT-14	0	0	0	0	0	0	2	0	0	0	0	0	0	0	0	0	0	1	1	0
802_803	ACATGGTTCCTAGAAC-14	0	0	0	0	0	0	0	0	0	0	0	0	0	0	0	0	0	0	0	0
802_803	ACAGCTACATGGGACA-14	0	0	0	0	0	1	0	0	0	0	0	0	0	0	0	0	0	1	0	0
802_803	GCGCGATTCTTTACAC-14	0	0	0	0	0	0	1	0	0	0	0	0	0	0	0	1	0	2	0	0
802_803	GGAATAAGTCCCTACT-14	0	0	0	0	0	0	0	0	0	0	0	0	0	0	0	0	0	1	0	0
802_803	AAACGGGTCCCTTGTG-14	0	0	0	0	0	0	1	0	0	0	0	0	0	0	0	0	0	0	0	0
802_803	AAAGTAGCAGGTCTCG-14	0	0	0	0	0	0	1	0	0	0	0	0	0	0	0	0	0	0	0	0
802_803	TCTGGAACAAGCCGCT-14	0	0	0	0	0	0	0	0	0	0	0	0	0	0	0	0	0	1	0	0
802_803	TCAGCTCTCGCCATAA-14	0	0	0	0	0	0	0	0	0	0	1	1	0	0	0	0	0	0	1	0
802_803	TCATTTGCACAGACAG-14	0	0	0	0	0	1	0	0	0	0	0	0	0	0	1	0	0	2	0	0
802_803	TCTGGAACAGTATAAG-14	0	0	0	0	0	0	0	0	0	0	0	0	0	0	0	0	0	0	0	0
802_803	TCCACACCACCAGGCT-14	0	0	0	0	0	0	0	0	0	0	0	0	1	1	0	0	0	0	0	0
802_803	AAACGGGTCGTCTGCT-14	0	0	0	0	0	0	0	0	0	0	1	0	0	0	0	0	1	0	0	0
802_803	TCTCATACACGTGAGA-14	0	0	0	0	0	0	0	0	0	0	0	0	0	0	0	0	0	0	0	0
802_803	TCGCGTTTCAAAGTAG-14	0	0	0	0	0	0	1	0	0	0	1	0	0	0	0	0	0	1	0	0
803_804	TGCTACCGTGATGATA-14	0	0	0	0	0	0	0	0	0	0	0	0	0	0	0	0	0	0	0	0
803_804	ATTTCTGGTCTCCATC-14	0	0	0	0	0	0	0	0	0	0	0	0	0	0	0	0	0	0	0	0
803_804	CAACCTCAGGGTGTGT-14	0	0	0	0	0	0	0	0	0	0	0	0	0	0	0	0	0	0	0	0
803_804	CAAGGCCCAGTCAGAG-14	0	0	0	0	0	1	0	0	0	0	0	0	0	0	0	0	0	1	0	0
803_804	GCGACCATCACGGTTA-14	0	0	0	0	0	1	0	0	0	0	0	0	1	0	0	0	0	1	0	0
803_804	CACACAACAATCTACG-14	0	0	0	0	0	0	0	0	0	0	0	0	0	0	0	0	0	0	0	0
803_804	CAGAATCAGTTCCACA-14	0	0	0	0	0	0	0	0	0	0	1	0	0	0	0	0	0	0	0	0
803_804	CAGCCGAAGTAGTGCG-14	0	0	0	0	0	0	0	0	0	0	0	0	0	0	0	0	0	0	0	0
803_804	GCGACCATCCCAAGAT-14	0	0	0	0	0	0	0	0	0	0	0	0	0	0	0	0	0	0	1	1
803_804	ATTGGTGGTATCACCA-14	0	0	0	0	0	0	0	0	0	0	0	0	0	0	0	0	0	0	0	0
803_804	TGCCAAATCACATAGC-14	0	0	0	0	0	0	0	0	0	0	0	0	0	0	0	0	0	0	0	0
803_804	GCGCCAAGTCGAGATG-14	1	0	0	0	0	1	0	0	0	0	0	0	0	0	0	0	0	0	0	0
803_804	CTCAGAACATTTCACT-14	0	0	0	0	0	0	1	0	0	0	0	0	0	0	0	0	0	0	0	0
803_804	GCGCAACCATTAGCCA-14	0	0	0	0	0	0	0	0	0	0	0	0	0	0	0	0	0	0	0	0
803_804	AAACGGGGTATGGTTC-14	0	0	0	0	0	0	0	0	0	0	0	0	0	0	0	0	0	0	0	0
803_804	CACACCTAGTGAACGC-14	0	0	0	0	0	1	2	0	0	0	0	0	2	0	0	0	0	0	0	1
803_804	CTCACACGTCATATCG-14	0	0	0	0	0	0	0	0	0	0	0	0	1	0	0	0	0	0	0	0
803_804	AAAGATGTCGAGAGCA-14	0	0	0	0	0	0	1	0	0	0	0	0	0	0	0	0	0	2	1	0
803_804	GGCCGATGTCTGCAAT-14	0	0	0	0	0	0	0	0	0	0	0	0	0	0	0	0	0	0	0	0
803_804	GGCCGATCACATTAGC-14	0	0	0	0	0	0	0	0	0	0	0	0	0	0	0	0	0	0	0	0
803_804	GGATTACTCTCAACTT-14	0	0	0	0	0	1	0	0	0	0	0	0	0	0	0	0	0	0	0	0
803_804	TTAGTTCTCAGGCAAG-14	0	0	0	0	0	0	0	0	0	0	0	0	0	0	0	0	0	0	0	0
803_804	GGATTACGTTCGCTAA-14	0	0	0	0	0	0	0	0	0	0	0	0	1	0	0	0	0	0	0	0
803_804	GGAGCAATCCCTCAGT-14	0	0	0	0	0	0	0	0	0	0	0	0	0	1	0	0	0	0	0	0
803_804	GGAGCAAGTTCCCTTG-14	0	0	0	0	0	1	0	0	0	0	0	0	0	0	0	0	0	1	0	0
803_804	CTACACCGTTACCGAT-14	0	0	0	0	0	0	0	0	0	0	0	0	0	1	0	0	0	0	0	1
803_804	AGTGAGGTCTACGAGT-14	0	0	0	0	0	0	1	0	0	0	0	0	1	0	0	1	0	0	0	0
803_804	TTCTACACACACGCTG-14	0	0	0	0	0	1	0	0	0	0	0	0	0	0	0	0	0	0	0	0
803_804	GCTTGAAAGTTGCAGG-14	0	0	0	0	0	0	0	0	0	0	0	0	1	0	0	0	0	0	0	0
803_804	AAATGCCGTCAACTGT-14	0	0	0	0	0	0	0	0	0	0	0	0	0	0	0	0	0	0	0	0
803_804	TGCGGGTTCCAAGTAC-14	0	0	0	0	0	0	0	0	2	0	0	0	0	0	0	0	0	1	0	0
803_804	CTACGTCTCTGTCAAG-14	0	0	0	0	0	0	0	0	0	0	0	0	0	0	0	0	0	1	0	0
803_804	AGTTGGTCACTTCTGC-14	0	0	0	0	1	0	0	0	0	0	0	0	1	0	0	0	0	0	0	0
803_804	CTAGAGTAGTCTCGGC-14	0	0	0	0	0	0	0	0	0	0	0	0	0	0	0	0	0	0	0	0
803_804	ATCTGCCAGAACTCGG-14	0	0	0	0	0	0	0	0	0	0	0	0	0	0	0	0	0	0	0	0
803_804	ATCTGCCGTATTACCG-14	0	0	0	0	0	0	1	0	0	0	0	0	0	0	0	0	0	1	0	0
803_804	CAGTAACTCATGCATG-14	0	0	0	0	0	0	2	0	0	0	0	0	0	0	0	0	0	0	0	0
803_804	GCGGGTTTCCCAAGAT-14	0	0	0	0	0	0	0	0	0	0	0	0	0	0	0	0	0	0	0	0
803_804	CATATGGTCCGAATGT-14	0	0	0	0	0	1	0	0	0	0	0	0	0	0	0	0	0	1	0	0
803_804	CATCGAATCACAGTAC-14	0	0	0	0	0	0	0	0	0	0	0	0	0	0	0	0	0	0	0	0
803_804	TGAGAGGGTTTGGCGC-14	0	0	0	0	0	0	0	0	1	0	0	0	1	0	0	0	0	0	0	0
803_804	GATGAGGGTGTTGGGA-14	0	0	0	0	0	0	1	0	0	0	2	0	0	0	0	0	0	1	0	0
803_804	TTGTAGGCACATGACT-14	0	0	0	0	0	0	0	0	0	0	0	0	0	0	0	0	0	1	0	0
803_804	GATGAAAGTCAATACC-14	0	0	0	0	0	0	0	0	0	0	0	0	0	0	0	0	0	0	0	0
803_804	GATCTAGTCTTGTACT-14	0	0	0	0	0	0	0	0	0	0	0	0	0	0	0	0	0	1	0	0
803_804	CTTAACTTCAGTGTTG-14	0	0	0	0	0	0	1	0	0	0	0	0	0	0	0	0	0	0	0	0
803_804	CGATGGCAGAAACGCC-14	0	0	0	0	0	0	0	0	0	0	0	0	0	0	0	0	0	0	0	0
803_804	TTTACTGGTCGACTGC-14	0	0	0	0	0	0	0	0	0	0	0	0	0	0	0	0	0	0	0	0
803_804	TCTTTCCAGGAGTACC-14	1	0	0	0	1	0	0	0	0	0	0	0	0	0	1	0	0	0	0	0
803_804	CTTTGCGAGTACGACG-14	0	0	0	0	0	0	1	0	0	0	0	0	1	0	0	0	0	0	0	0
803_804	CGATGTATCTTAGCCC-14	0	0	0	0	0	0	0	0	0	0	0	0	0	0	0	0	0	0	0	0
803_804	GATCAGTCAACACCCG-14	0	0	0	0	0	0	0	0	0	0	2	0	0	0	0	0	0	1	0	0
803_804	CGAGCCAGTCTTTCAT-14	0	0	0	0	0	0	0	0	0	0	0	0	0	0	0	0	0	0	0	0
803_804	GACTAACTCGCAAGCC-14	0	0	0	0	0	0	0	0	0	0	1	0	0	0	0	1	0	1	0	0
803_804	GACTAACCATCACCCT-14	0	0	0	0	0	0	0	0	0	0	0	0	0	0	1	0	0	0	0	0
803_804	CCTTCCCAGCTAACAA-14	0	0	0	0	0	0	1	0	0	0	1	0	0	0	0	0	0	1	0	0
803_804	CCTTTCTCACGGCGTT-14	0	0	0	0	0	0	2	0	0	0	0	0	0	0	0	1	0	0	0	0
803_804	CGACCTTGTGCCTGTG-14	0	0	0	0	0	0	0	0	0	0	0	0	0	0	0	0	0	1	0	0
803_804	CGACCTTGTGGACGAT-14	0	0	0	0	0	0	0	0	0	0	0	0	0	0	0	0	0	0	0	0
803_804	TGAAAGATCTTGGGTA-14	0	0	0	0	0	0	0	0	0	0	1	0	0	0	0	0	0	0	0	0
803_804	CGACTTCTCGTACGGC-14	0	0	0	0	0	0	0	0	0	0	0	0	0	0	0	0	0	0	0	0
803_804	GAACGGAGTCGGCTCA-14	0	0	0	0	0	0	0	0	0	0	0	0	0	0	0	0	0	0	0	0
803_804	CATCAAGCACCAACCG-14	0	0	0	0	0	0	0	0	0	0	0	0	0	0	0	0	0	0	0	0
803_804	CTGCTGTTCAGGCAAG-14	0	0	0	0	0	0	0	0	0	1	0	0	0	0	0	0	0	0	0	0
803_804	GCAATCACAAGCCCAC-14	0	0	0	0	0	1	0	1	0	0	0	0	0	0	0	0	0	0	0	0
803_804	AGTCTTTTCAGTCCCT-14	0	0	0	0	0	0	0	0	0	0	0	0	0	0	0	0	1	1	0	0
803_804	CATGGCGCACTCAGGC-14	0	0	0	0	0	0	0	0	0	0	1	0	0	0	0	0	0	0	0	0
803_804	CCAGCGACACCACGTG-14	0	0	0	0	0	0	0	0	0	0	0	0	0	0	0	0	0	1	0	0
803_804	CCCAGTTCAGGTCTCG-14	0	0	0	0	0	0	0	0	0	0	1	0	0	0	0	0	0	1	0	0
803_804	GCCAAATCATCCCACT-14	0	0	0	0	0	0	0	0	0	0	1	0	0	0	0	0	0	1	0	0
803_804	CCCATACGTCTGCAAT-14	0	0	0	0	0	0	1	0	0	0	1	0	0	0	0	1	0	1	0	0
803_804	CCGTGGAGTCCGAGTC-14	0	0	0	0	0	0	0	0	0	0	0	0	0	0	0	0	0	0	0	0
803_804	CTCGAGGAGTCATCCA-14	0	0	1	0	0	0	2	0	0	0	1	0	0	0	0	0	0	0	1	0
803_804	CCGTTCAAGATAGGAG-14	1	0	0	0	0	0	0	0	0	0	0	0	1	0	0	0	0	1	0	0
803_804	CGCGTTTAGGGCACTA-14	0	0	0	0	0	1	1	0	0	0	0	0	0	0	0	0	0	1	0	0
803_804	CCTACACGTATATGGA-14	0	0	1	0	0	0	1	0	0	0	0	0	0	0	0	0	0	0	0	0
803_804	CCTCAGTTCAGTGTTG-14	0	0	0	0	0	1	0	0	0	0	0	0	0	0	0	0	0	0	0	0
803_804	GCATGTACACTCTGTC-14	0	0	0	0	0	0	1	0	0	0	0	0	0	0	0	0	0	1	0	0
803_804	CTCGGGACATCCGCGA-14	0	0	0	0	0	0	0	0	0	0	1	0	0	0	0	0	0	1	0	0
803_804	GCATGCGTCATGCATG-14	0	0	0	0	0	0	0	0	0	0	0	0	0	1	0	0	0	0	1	0
803_804	TGAGAGGGTAAGTTCC-14	0	0	0	0	0	0	1	0	0	0	0	0	0	0	0	0	0	0	0	0
803_804	CTGAAACGTACCGTTA-14	0	0	0	0	0	0	0	0	0	0	0	0	0	0	0	0	0	0	0	0
803_804	CGCTTCACAGATGGGT-14	0	0	0	0	0	0	0	0	0	0	0	0	0	0	0	0	0	0	0	0
803_804	TTGGCAAGTGAAGGCT-14	0	0	0	0	0	0	0	0	0	0	0	0	0	0	0	0	0	0	0	0
803_804	CTGCCTAGTGCCTGCA-14	0	0	0	0	0	0	2	0	0	0	0	0	0	0	0	0	0	1	0	0
803_804	CCTATTACATGTCCTC-14	0	0	0	0	0	0	0	0	0	0	0	0	0	0	0	0	0	0	0	0
803_804	GGCGACTGTAGCTAAA-14	0	0	0	0	0	0	0	0	0	0	0	0	1	0	0	1	0	0	0	0
803_804	ACACTGAGTTAAAGTG-14	0	0	0	0	0	0	0	0	0	0	0	0	0	0	0	0	0	0	0	0
803_804	GGCTCGAAGTCAATAG-14	0	0	0	0	1	0	0	0	0	0	0	0	0	0	0	0	0	2	0	0
803_804	GTTCGGGTCACAACGT-14	0	0	0	0	0	0	0	0	0	0	0	0	0	0	0	0	0	0	1	0
803_804	ACTTTCATCTGAAAGA-14	0	0	0	0	0	0	1	0	0	0	0	0	0	0	0	0	0	1	0	0
803_804	GTTCGGGGTTACCAGT-14	0	0	0	0	0	0	1	0	0	0	0	0	0	0	0	0	0	0	0	0
803_804	AACTGGTCATCACGTA-14	0	0	0	0	0	0	0	0	0	0	0	0	0	0	0	0	0	0	0	0
803_804	GTTAAGCAGCCAGAAC-14	0	0	0	0	0	0	0	0	0	0	0	0	0	0	0	0	0	1	0	0
803_804	GTGTTAGTCAGGCCCA-14	0	0	0	0	0	0	0	0	0	0	0	0	0	0	0	0	0	0	0	0
803_804	GTGTTAGGTTGTTTGG-14	0	0	0	0	1	0	1	0	0	0	0	0	0	0	0	0	0	0	0	0
803_804	GTGTTAGCACAGCCCA-14	0	0	0	0	0	0	0	0	0	0	0	0	0	0	0	0	0	0	0	0
803_804	GTGTGCGCAGCGTCCA-14	0	0	0	0	0	0	0	0	0	0	0	0	0	0	0	0	0	0	0	0
803_804	AGAATAGTCGCACTCT-14	0	0	0	0	0	0	0	0	0	0	0	0	0	0	0	0	0	1	0	0
803_804	AGACGTTCACATCTTT-14	0	0	0	0	0	0	0	0	0	0	0	0	0	0	0	0	1	1	0	1
803_804	GTGCAGCGTAAACACA-14	0	0	0	0	0	1	0	0	0	0	0	0	0	0	0	0	0	0	0	0
803_804	GTCGTAAGTAGTACCT-14	0	0	0	0	0	0	0	0	0	0	1	0	0	0	0	0	0	1	0	0
803_804	GTCCTCATCATCACCC-14	0	0	0	0	0	1	0	0	0	0	0	0	0	0	0	0	0	1	0	0
803_804	AGACGTTTCTTAACCT-14	0	0	0	0	0	0	1	0	0	0	0	0	0	0	1	0	0	1	0	0
803_804	GTCACGGTCGCGTTTC-14	0	0	0	0	0	0	0	0	0	0	1	0	0	0	0	0	0	0	0	0
803_804	GTCACGGTCAGAGACG-14	0	0	0	0	0	0	0	0	0	0	0	0	0	0	0	0	0	0	0	0
803_804	GTTTCTAGTCGGGTCT-14	0	0	0	0	0	1	0	0	0	0	1	0	0	0	0	0	0	1	0	0
803_804	GTCACAATCGTCTGCT-14	0	0	0	0	0	0	0	0	0	0	0	0	0	0	0	0	0	0	0	0
803_804	TGTATTCCACTTCTGC-14	0	0	0	0	0	0	0	0	0	0	1	0	0	0	0	0	0	2	0	1
803_804	ACTTACTAGATGCGAC-14	0	0	0	0	0	0	0	0	0	0	0	0	0	0	0	0	0	0	0	0
803_804	ACATCAGCAATGGATA-14	0	0	0	0	0	0	0	0	0	0	0	0	1	0	0	0	0	0	0	0
803_804	ACACCGGAGTGGTAGC-14	0	0	0	0	0	0	0	0	0	0	0	0	1	0	0	0	0	0	0	0
803_804	TCAGCAACATCAGTAC-14	0	0	0	0	0	1	0	0	0	0	0	0	0	0	0	0	0	0	0	0
803_804	ACCTTTACACCAGATT-14	0	0	0	0	0	0	0	0	0	0	0	0	0	0	0	0	0	1	0	0
803_804	TCAGCTCGTCATGCCG-14	0	0	0	0	0	2	0	0	0	0	0	0	0	0	0	0	0	1	0	0
803_804	AATCCAGAGGTGCTTT-14	0	0	0	0	0	0	1	0	0	0	0	0	0	0	0	0	0	0	0	0
803_804	ACGCCAGGTATTCGTG-14	0	0	0	0	0	0	0	0	0	0	0	0	0	0	0	0	0	0	0	0
803_804	AAGGTTCCAGCCACCA-14	0	0	0	0	0	0	0	0	0	0	0	0	0	0	0	0	0	0	0	0
803_804	TGCTACCAGGTGCACA-14	0	0	0	0	0	1	0	0	0	0	0	0	0	0	0	0	0	2	0	0
803_804	TGGGAAGGTACAGTTC-14	1	0	0	0	0	0	0	0	0	0	0	0	0	0	0	0	0	1	1	0
803_804	ACTGATGCAGACAAGC-14	0	0	0	0	0	0	1	0	0	0	0	0	1	0	0	1	0	0	0	0
803_804	ACTGCTCGTCGAACAG-14	0	0	0	0	0	0	0	0	0	0	0	0	0	1	1	0	1	0	0	0
803_804	TACAGTGGTTACGCGC-14	0	0	0	0	0	0	0	0	0	0	2	0	1	0	0	0	0	0	0	0
803_804	CGTAGGCGTCGTTGTA-14	0	0	0	0	0	0	0	0	0	0	0	0	0	0	0	0	0	0	0	0
803_804	TACACGATCTTGCATT-14	0	0	0	0	0	0	1	0	0	0	1	0	0	0	0	0	0	0	0	0
803_804	GGCGACTTCGGCTACG-14	0	0	0	0	0	0	0	0	0	0	0	0	0	0	1	0	0	1	0	0
803_804	TGGTTCCTCACATACG-14	0	0	0	0	0	1	1	0	0	0	1	0	1	0	0	0	0	0	0	0
803_804	TGCGTGGCATGCAATC-14	0	0	0	0	0	0	0	0	0	0	0	0	0	0	0	0	0	0	0	0
803_804	AGCAGCCCAGGACCCT-14	0	0	0	0	0	0	0	0	0	0	0	0	0	0	0	0	1	0	0	0
803_804	TGGTTCCCAGCCACCA-14	0	0	0	0	0	0	0	0	0	0	0	0	0	0	0	0	0	0	0	0
803_804	GCGACCAAGTGAATTG-14	0	0	0	0	0	0	0	0	0	0	1	0	0	0	0	0	0	0	0	0
803_804	CTAAGACAGAAACGCC-14	0	0	0	0	0	0	0	0	0	0	0	0	0	0	0	0	0	0	0	0
803_804	CTAAGACTCATTGCCC-14	0	0	0	0	0	0	2	0	0	0	0	0	0	0	0	0	0	1	0	1
803_804	GGTGCGTTCCGCAGTG-14	0	0	0	0	0	1	0	0	0	0	0	0	0	0	0	0	0	0	0	0
803_804	AGCGTCGAGTTACGGG-14	0	0	0	0	0	0	0	0	0	0	0	0	0	0	0	0	0	0	0	0
803_804	GGTGCGTGTTTCCACC-14	0	0	0	0	0	0	0	0	0	0	0	0	0	0	0	0	0	0	0	0
803_804	GTAACTGCATGCCTAA-14	0	0	0	0	0	1	0	0	0	0	0	0	0	0	0	0	0	0	0	0
803_804	AGGGTGAAGACTTTCG-14	0	0	0	1	0	0	1	0	0	0	0	0	0	0	0	0	0	0	0	0
803_804	GGTATTGCAGTTTACG-14	0	0	0	0	0	0	0	0	0	0	0	0	0	0	0	0	0	0	0	0
803_804	GGCTGGTTCAGTACGT-14	0	0	0	0	0	1	0	0	0	0	0	0	0	0	0	0	0	0	0	0
803_804	AACTCAGTCAGCACAT-14	0	0	0	0	0	0	0	0	0	0	0	0	0	0	0	0	0	0	0	1
803_804	GGGTTGCTCTGTCCGT-14	0	0	0	1	0	0	0	0	0	0	0	0	0	0	0	1	0	0	0	0
803_804	GGGTTGCCATGCAATC-14	1	0	0	0	0	0	0	0	0	0	0	0	0	0	0	1	0	0	1	0
803_804	AGGGATGCATGGATGG-14	1	0	0	0	0	0	0	0	0	0	0	0	0	0	0	0	0	0	0	0
803_804	AACTCTTCACACATGT-14	0	0	0	0	0	0	0	0	0	0	0	0	0	0	0	0	0	0	0	0
803_804	GGGCACTCAATGTAAG-14	0	0	0	0	0	1	0	0	0	0	0	0	0	0	0	0	0	0	0	0
803_804	AACCATGCAGGTTTCA-14	0	0	0	0	0	0	1	0	0	0	1	0	0	0	0	1	0	0	1	0
803_804	GGGATGACAGTAAGCG-14	0	0	0	0	0	0	0	0	0	0	0	0	0	0	0	0	0	0	0	0
804_805	GCACTCTTCCGCATAA-14	0	0	0	0	0	0	0	0	0	0	0	0	0	0	0	0	1	0	0	0
804_805	GCTGCTTTCTACCTGC-14	0	0	0	0	0	0	1	0	0	0	0	0	0	0	0	0	0	0	0	0
804_805	ACTTTCACAGCATACT-14	0	0	0	0	0	0	0	0	0	0	0	0	1	0	0	0	0	0	0	0
804_805	TTCTTAGTCGGTTCGG-14	0	0	0	0	0	0	0	0	0	0	0	0	0	0	0	0	0	0	0	1
804_805	TGTGTTTTCGGTCCGA-14	0	0	0	0	0	0	0	0	0	0	0	0	0	0	0	0	0	0	0	0
804_805	GATCTAGTCCTGTAGA-14	0	0	0	0	0	0	0	0	0	0	0	0	0	0	0	0	0	0	0	0
804_805	CGAGCCATCTGTCTCG-14	0	0	0	0	0	0	0	0	0	0	0	0	0	0	0	0	0	0	0	0
804_805	GATCGTATCGGATGGA-14	0	0	0	0	0	0	0	0	0	0	0	0	0	0	0	0	0	0	0	0
804_805	TCTTTCCCATGTAAGA-14	1	0	0	0	0	0	0	0	0	0	0	0	0	1	0	0	0	0	0	0
804_805	CGGACTGCAGGGTACA-14	0	0	0	0	0	0	0	0	0	0	0	0	0	0	0	0	0	0	0	0
804_805	AGCTTGATCAAACGGG-14	0	0	0	0	0	0	0	0	0	0	0	0	0	0	1	0	0	0	1	0
804_805	GGGCATCAGAGACTAT-14	0	0	0	0	0	0	0	0	0	0	0	0	1	1	0	0	0	0	0	0
804_805	CGAGCCACACTTCGAA-14	0	0	0	0	0	0	0	0	0	0	0	0	0	0	0	0	0	1	0	0
804_805	CTGTGCTGTGGAAAGA-14	0	0	0	0	0	0	0	0	0	0	0	0	0	0	0	0	0	2	0	0
804_805	CTCTACGCACTTAACG-14	0	0	0	0	0	0	0	0	0	0	1	0	0	0	0	0	0	1	0	0
804_805	TGCGTGGTCAGTCCCT-14	0	0	0	0	0	0	0	0	0	0	0	0	0	0	0	1	0	0	0	0
804_805	TTCGGTCCACACTGCG-14	0	0	0	0	0	0	0	0	0	0	0	0	0	0	0	0	0	1	2	0
804_805	TTGGAACTCAACCATG-14	0	0	0	0	0	0	1	0	0	0	0	0	1	0	0	0	0	0	0	0
804_805	AGTGTCAAGCCTCGTG-14	0	0	0	0	0	0	0	0	0	0	0	0	0	0	0	1	0	0	0	0
804_805	CGAGCCATCAGGCCCA-14	0	0	0	0	0	0	0	0	0	0	0	0	0	0	0	1	0	0	0	0
804_805	TTAGGCACACCAGTTA-14	0	0	0	0	0	0	0	0	0	0	0	0	1	0	0	0	0	0	0	0
804_805	TTGCCGTGTTAGTGGG-14	0	0	0	0	0	0	0	0	0	0	1	0	0	0	0	0	0	0	0	0
804_805	CTACGTCGTGCATCTA-14	0	0	0	0	0	0	0	0	0	0	0	0	0	0	0	0	0	1	1	0
804_805	CTGATCCGTTCCCGAG-14	0	0	0	0	0	0	0	0	0	0	2	1	1	0	0	0	0	0	0	0
804_805	AGTGGGAGTGACTACT-14	0	0	0	0	0	0	1	0	0	0	0	0	0	0	0	0	0	0	0	0
804_805	CGGACTGCATCGATGT-14	0	0	0	0	0	0	0	0	0	1	0	0	0	0	0	0	0	0	0	0
804_805	GCATGTACAATGACCT-14	0	0	0	0	0	1	0	0	0	0	0	0	0	0	0	0	0	1	0	0
804_805	ACTGAACGTGAGGGAG-14	0	0	0	0	0	0	0	0	0	0	0	0	0	0	0	0	0	0	0	0
804_805	CGCGTTTGTCGGCACT-14	0	0	0	0	0	0	1	0	0	0	0	0	0	0	0	0	0	0	0	0
804_805	TTGAACGTCGACAGCC-14	0	0	0	0	0	0	0	0	0	0	0	0	0	0	0	1	1	0	0	1
804_805	TTGCCGTGTTAAAGAC-14	0	0	0	0	0	0	0	0	0	0	1	0	1	0	0	0	0	1	0	0
804_805	AACTTTCCACGACGAA-14	0	0	0	0	0	0	0	0	0	0	0	0	0	0	0	0	0	1	0	0
804_805	ACGGCCAAGCAGCGTA-14	0	0	0	0	0	0	0	0	0	0	0	0	0	1	0	0	0	0	0	0
804_805	CCTTTCTAGCAGGTCA-14	0	0	0	0	0	0	0	0	0	0	0	0	0	0	0	0	0	0	0	0
804_805	ATCCACCGTACAGTGG-14	0	0	0	0	0	0	1	0	0	0	0	0	0	0	0	0	0	0	0	0
804_805	CGTTCTGGTTATCACG-14	0	0	0	0	0	0	0	0	0	0	0	0	0	0	0	0	0	0	0	0
804_805	AACTGGTAGACACGAC-14	0	0	0	0	0	0	0	0	0	0	1	0	0	0	0	0	0	0	0	0
804_805	GGCTGGTAGATACACA-14	0	0	0	0	0	1	0	0	0	0	0	0	0	0	0	0	0	0	0	0
804_805	TGCCAAAAGCAATCTC-14	0	0	0	0	0	0	0	0	0	0	0	0	0	0	0	1	0	0	0	0
804_805	CACACTCTCAATACCG-14	0	0	0	0	0	0	0	0	0	0	0	0	0	0	0	0	0	0	0	0
804_805	AACTCCCAGGACGAAA-14	0	0	0	0	0	0	0	0	0	0	0	0	0	0	0	0	0	0	1	0
804_805	CACACCTAGGCTAGGT-14	0	0	0	0	0	0	0	0	0	0	0	0	0	0	0	0	0	1	0	0
804_805	TGCCCATTCTTCGGTC-14	0	0	0	0	1	0	0	0	0	0	0	0	0	0	0	0	0	0	0	0
804_805	GAACATCCATTACCTT-14	0	0	0	0	0	0	0	0	0	0	0	0	1	0	0	0	0	0	0	0
804_805	AAGGTTCAGGTGCTTT-14	0	0	0	0	0	0	0	0	0	0	0	0	1	0	0	0	0	0	1	0
804_805	TGGACGCTCAACGCTA-14	0	0	0	0	0	0	0	0	0	0	0	0	0	0	0	0	0	0	0	0
804_805	AACTCTTTCCTGTACC-14	0	0	0	0	0	0	1	0	0	0	1	0	1	1	0	0	0	0	0	0
804_805	AAGGCAGTCGACGGAA-14	0	0	0	0	0	0	1	0	0	0	0	0	0	0	0	0	0	0	0	0
804_805	GTCACGGGTCTCCATC-14	0	0	0	0	0	0	0	0	0	0	1	0	0	0	0	0	0	0	0	0
804_805	CTAAGACTCTTGAGGT-14	0	0	0	0	0	0	0	0	0	0	0	0	0	0	0	0	0	0	0	0
804_805	ATTTCTGTCGGCCGAT-14	0	0	0	0	0	1	0	0	1	0	0	0	0	1	0	0	0	1	0	0
804_805	GTCTTCGGTCTCACCT-14	0	0	0	0	0	0	0	0	0	0	0	0	0	0	2	0	0	0	0	0
804_805	AAAGCAAGTGTTCTTT-14	0	0	0	0	0	0	0	0	0	0	0	0	0	0	0	0	0	0	0	0
804_805	TTCTCCTCACAGATTC-14	0	0	0	1	0	0	0	0	0	0	1	0	1	0	0	0	0	0	0	0
804_805	TGGGCGTCATTCCTCG-14	0	0	0	0	0	0	0	0	0	0	1	0	0	0	0	0	0	1	0	0
804_805	GTGTTAGGTTACCGAT-14	0	0	0	0	0	0	0	0	0	0	0	0	0	0	0	0	0	0	0	0
804_805	GCCTCTAAGTTCGCGC-14	0	0	0	0	0	0	1	0	0	0	0	0	0	0	0	0	0	0	1	1
804_805	GGTGTTACATCATCCC-14	0	0	0	0	0	0	0	0	0	0	0	0	0	0	0	0	0	0	0	0
804_805	TGCGGGTTCTACCTGC-14	0	0	0	0	0	0	0	0	0	0	0	0	0	0	0	0	0	0	0	0
804_805	GCCTCTAGTTCCACAA-14	0	0	0	0	0	0	0	0	0	0	0	0	0	0	0	0	0	0	0	0
804_805	CGTTAGATCTGAGTGT-14	0	0	0	0	0	0	0	0	0	0	0	0	0	0	0	0	0	0	1	0
804_805	TCAATCTCATGATCCA-14	0	0	0	0	0	0	0	0	0	0	0	0	0	0	0	0	0	1	0	0
804_805	CAGCTGGGTGCAACGA-14	0	0	0	0	0	0	0	0	0	0	0	0	0	0	0	0	0	0	0	0
804_805	TCGTACCCACCTCGTT-14	0	0	0	0	0	0	0	0	0	0	0	0	0	0	0	0	0	0	0	0
804_805	TGCGCAGAGTGCAAGC-14	0	0	0	0	0	0	0	0	0	0	0	0	0	0	0	0	0	0	0	0
804_805	GCCTCTAAGGTACTCT-14	0	0	0	0	0	1	0	0	0	1	0	0	0	0	0	0	0	1	0	0
804_805	TCGGGACAGGGATACC-14	0	0	0	0	0	0	0	0	0	0	1	0	1	0	0	0	0	0	0	0
804_805	ACCCACTTCTCTAAGG-14	0	0	0	0	0	0	0	0	0	0	0	0	0	0	1	0	0	1	0	0
804_805	TGAGCCGGTCTAAACC-14	0	0	0	0	0	0	0	0	0	0	0	0	0	1	0	0	0	0	1	0
804_805	TTCTCCTAGACACGAC-14	0	0	0	0	0	1	1	0	0	0	0	0	0	0	1	0	0	0	0	0
804_805	GTGCTTCGTTGGTGGA-14	0	0	0	0	0	0	1	0	0	0	0	0	0	0	0	0	0	0	0	0
804_805	TGACAACGTCGATTGT-14	0	0	0	0	0	0	0	0	0	0	1	0	0	0	0	0	0	0	0	0
805_806	CCTACACCATATACGC-15	0	0	0	0	0	1	0	0	0	0	0	0	0	0	0	0	0	0	0	0
805_806	CAGCTAACAAGTACCT-15	0	0	0	0	0	0	0	0	0	0	0	0	0	0	0	0	0	1	0	0
805_806	TACCTATGTATGGTTC-15	0	0	0	0	0	1	0	0	0	0	2	0	0	0	0	0	0	0	0	0
805_806	GGCTGGTTCACCACCT-15	0	0	0	0	0	0	0	0	0	0	0	0	1	0	0	0	0	0	0	0
805_806	CAGCCGATCGCCATAA-15	0	0	0	0	0	1	0	0	0	0	0	0	1	0	0	0	0	0	0	0
805_806	GGGAATGGTATAGGTA-15	0	0	0	0	0	2	0	0	0	0	0	0	0	0	0	0	0	0	0	0
805_806	GGACGTCGTGTCTGAT-15	0	0	0	0	0	1	0	0	0	0	0	0	2	0	0	0	0	0	0	0
805_806	CTCAGAATCGATCCCT-15	0	0	0	0	0	0	1	0	0	0	0	0	0	1	0	0	0	0	0	0
805_806	GGTGCGTGTCTTCTCG-15	0	0	0	0	0	0	0	0	0	0	0	0	0	0	0	0	0	0	0	0
805_806	CTAACTTGTGTATGGG-15	0	0	0	0	0	0	0	0	0	0	1	0	0	0	0	0	0	0	0	0
805_806	TGCGGGTAGAAGAAGC-15	0	0	0	0	0	0	0	0	0	0	0	0	0	0	0	0	0	0	0	0
805_806	CGCGTTTTCTGCCAGG-15	0	0	0	0	0	0	0	0	0	0	0	0	1	0	0	0	0	0	0	0
805_806	CGCTGGAGTGGCAAAC-15	0	0	0	0	0	0	0	0	0	0	0	0	0	0	0	1	0	3	1	0
805_806	CTCTGGTTCTTTCCTC-15	0	0	0	0	0	0	0	0	0	0	1	0	0	0	0	0	0	1	0	0
805_806	TGAGCCGAGTGGTAAT-15	0	0	0	0	0	0	0	0	0	0	0	0	0	0	0	0	0	0	0	0
805_806	TGTCCCAGTATGGTTC-15	0	1	0	0	0	1	0	0	0	0	0	0	1	0	0	0	0	1	0	0
805_806	GTATCTTCAACTTGAC-15	0	0	0	0	0	0	0	0	0	0	0	0	0	0	0	0	0	1	0	0
805_806	CGCGGTACACCGAAAG-15	0	0	0	0	0	0	0	0	0	0	0	0	0	0	0	1	0	1	1	1
805_806	ACGTCAATCAGAGCTT-15	0	0	0	0	0	0	0	0	0	0	0	0	0	0	0	0	0	0	0	0
805_806	AGGGATGAGGTAAACT-15	0	0	0	0	0	0	0	0	0	0	0	0	0	0	0	0	0	0	0	0
805_806	ATTGGACAGTTGCAGG-15	0	0	0	0	0	0	0	0	0	0	1	0	0	0	0	0	0	1	0	0
805_806	ACAGCTAGTGTTGAGG-15	0	0	0	0	0	0	0	0	0	0	0	0	0	0	0	0	0	0	0	0
805_806	GAATGAAGTAAGAGGA-15	0	0	0	0	0	0	0	0	0	0	0	0	1	0	0	0	0	0	0	0
805_806	AGCTCTCGTCCGTCAG-15	0	0	0	0	0	0	0	0	0	0	0	0	0	0	0	0	0	0	0	0
805_806	CGTAGCGCACATAACC-15	0	0	0	0	0	0	0	0	0	0	1	0	0	0	0	0	0	1	0	0
805_806	TCAGATGCACACGCTG-15	0	0	0	0	0	0	0	0	0	0	0	0	1	0	0	0	0	1	0	0
805_806	TCAACGATCAAGCCTA-15	0	0	0	0	0	0	0	0	0	0	0	0	0	0	0	0	0	0	0	0
805_806	ACACCGGCAAGTTAAG-15	0	0	0	0	0	0	0	0	0	0	0	0	0	0	0	0	0	0	0	0
805_806	CTGATCCCAGGGCATA-15	0	0	0	0	0	0	1	0	0	0	0	0	0	0	0	0	0	1	0	0
806_807	TCTTCGGAGCTTTGGT-15	0	0	0	0	0	0	0	0	0	0	0	0	0	0	0	0	0	1	0	0
806_807	GTCTTCGAGTATTGGA-15	1	0	0	0	0	0	0	0	0	0	0	0	0	0	0	0	0	2	0	0
806_807	GTATCTTTCCCGACTT-15	0	0	0	0	0	0	0	0	0	0	0	0	1	0	0	0	0	0	0	0
806_807	TGACGGCCAGTCCTTC-15	0	0	0	0	0	0	0	0	0	0	0	0	0	0	0	0	0	2	0	0
806_807	TCGTAGACACGGTGTC-15	1	0	0	0	0	0	1	0	0	0	0	0	0	0	0	0	0	1	0	1
806_807	GTCCTCATCATCTGTT-15	0	0	0	0	0	0	0	0	0	0	0	0	0	0	0	0	0	1	0	0
806_807	TGAGCATGTTGAGGTG-15	1	0	0	0	0	1	0	0	0	0	0	0	1	0	0	0	0	0	0	0
806_807	ACATACGAGGCACATG-15	0	0	0	0	0	1	0	0	0	0	0	0	0	0	0	0	0	0	0	0
806_807	TCGCGAGGTGGTCTCG-15	0	0	0	0	0	0	0	0	0	0	0	0	0	0	0	0	0	1	0	0
806_807	TCGGTAACATCGGAAG-15	0	0	0	0	0	0	1	0	0	0	1	0	0	0	0	0	0	1	0	0
806_807	ACTGCTCGTCTAAAGA-15	0	0	0	0	0	0	0	0	0	0	0	0	0	0	0	0	0	1	0	0
806_807	CCGTACTCATGGGAAC-15	0	0	0	0	0	1	0	0	0	0	0	0	0	0	0	0	0	0	0	0
806_807	TCATTACTCCCATTAT-15	0	0	0	0	0	0	0	0	0	0	0	0	0	0	0	1	0	1	0	0
806_807	TACTTGTGTCGGGTCT-15	0	0	0	0	0	0	0	0	0	0	0	0	0	0	0	0	0	0	0	0
806_807	ACACCGGAGAGCTGCA-15	0	0	0	0	0	0	1	0	0	0	0	0	1	0	0	2	0	0	0	0
806_807	AACTTTCAGTGCCATT-15	0	0	0	0	0	1	0	0	0	0	0	0	0	0	0	0	0	1	0	0
806_807	TATCTCAGTATATCCG-15	0	0	0	0	0	0	1	0	0	0	0	0	0	0	0	0	0	0	0	0
806_807	TACCTATCACTATCTT-15	0	0	0	0	0	0	0	0	0	0	0	0	1	0	0	0	0	0	0	0
806_807	ACTGTCCGTACCGTTA-15	0	0	0	0	0	0	0	0	0	0	0	0	0	0	0	0	0	0	0	0
806_807	TACAGTGGTACTCTCC-15	0	0	0	0	1	0	0	0	0	0	1	0	0	0	0	0	0	0	1	0
806_807	CCTACACCATAAAGGT-15	0	0	0	0	0	1	0	0	0	0	0	0	0	0	0	0	0	0	0	0
806_807	TAAACCGTCTTCCTTC-15	0	0	0	0	0	0	0	0	0	0	0	0	0	0	0	0	0	0	0	0
806_807	TGCCCTAAGTCGTTTG-15	0	0	0	0	0	0	0	0	0	0	1	0	0	0	0	0	0	0	0	0
806_807	TCAGATGGTTCAGTAC-15	0	0	0	0	0	0	2	0	0	0	0	0	0	0	1	0	0	0	0	0
806_807	GTGCGGTGTGAAAGAG-15	0	0	0	0	0	0	0	0	0	0	0	0	0	0	0	0	0	0	0	0
806_807	TCAGGATGTTATGTGC-15	0	0	0	0	0	0	0	0	0	0	0	0	1	0	0	0	0	0	0	0
806_807	TCAGGTACAGACTCGC-15	0	0	0	0	0	0	0	0	0	0	0	0	0	0	0	0	0	0	0	0
806_807	TAGTTGGTCGGATGGA-15	0	0	0	0	0	0	1	0	0	0	0	0	0	0	0	0	0	0	0	0
806_807	GTGCGGTCATACGCTA-15	0	0	0	0	0	0	0	0	0	0	0	0	0	0	0	0	0	0	0	0
806_807	GTTCATTCATTGGGCC-15	0	0	0	0	0	0	1	0	0	0	0	0	0	0	0	0	0	0	0	0
806_807	TCAGGATAGTGCCAGA-15	0	0	0	0	0	0	0	0	0	0	0	0	0	0	0	0	0	0	0	1
806_807	TGTGGTAAGATGCGAC-15	0	0	0	0	0	1	0	0	0	0	0	0	1	1	0	0	0	0	0	0
806_807	GTAGTCATCAAACCGT-15	0	0	0	0	0	1	0	0	0	0	0	0	0	0	0	0	0	2	0	0
806_807	TGGTTCCTCTGGAGCC-15	0	0	0	0	0	0	0	0	0	0	0	0	0	0	0	0	0	0	0	0
806_807	GACCTGGGTGGCAAAC-15	0	0	0	0	0	0	1	0	0	0	0	0	0	0	0	0	0	0	0	0
806_807	GAATGAAAGTTAAGTG-15	0	0	0	0	0	0	0	0	0	0	0	0	0	0	0	0	0	0	0	0
806_807	CGCCAAGAGGTCGGAT-15	0	0	0	0	0	0	0	0	0	0	1	0	0	0	0	1	0	0	0	0
806_807	CTCGTACTCCCTAATT-15	0	0	0	0	0	0	0	0	0	0	0	0	0	0	0	0	0	0	1	0
806_807	GAAACTCTCAATAAGG-15	0	0	0	0	0	0	1	0	0	0	0	0	0	0	0	0	0	0	0	0
806_807	ACGCCAGTCACATGCA-15	0	0	0	0	0	1	0	0	0	0	0	0	0	0	0	0	0	0	0	0
806_807	CTCAGAAGTGTGAATA-15	0	0	0	0	0	0	0	0	0	0	0	0	0	0	0	0	0	0	0	0
806_807	TTCTCCTGTACCATCA-15	0	0	0	0	0	0	0	0	0	0	0	0	0	0	0	0	0	0	0	0
806_807	CTTAGGACACATGACT-15	0	0	0	0	0	0	1	0	0	0	0	0	0	0	0	0	0	0	0	0
806_807	CTTAACTCACGAGGTA-15	0	0	0	0	0	0	0	0	0	0	1	0	2	0	0	0	0	0	0	1
806_807	TTCTTAGGTCATACTG-15	0	0	0	0	0	0	0	0	0	0	0	0	0	0	0	0	0	0	0	0
806_807	GACTAACCAGTAAGCG-15	0	0	0	0	0	0	0	0	0	0	0	0	0	0	0	0	0	0	0	0
806_807	TGTCCCAGTTTGGGCC-15	0	0	0	0	0	0	0	0	0	0	0	0	0	0	0	0	0	0	0	0
806_807	CTGGTCTGTCATTAGC-15	1	0	0	0	0	0	0	0	0	0	0	0	0	0	0	0	0	2	0	0
806_807	CGCTTCACATGTCGAT-15	0	0	0	0	1	0	0	0	0	0	0	0	0	1	0	0	0	0	0	0
806_807	CTGAAGTAGCCCTAAT-15	0	0	0	0	0	0	1	0	0	0	0	0	0	0	0	0	0	1	0	0
806_807	CGGACGTAGGCAATTA-15	0	0	0	0	0	0	0	0	0	0	2	0	1	0	0	0	0	0	0	0
806_807	TTTACTGGTAACGTTC-15	0	0	0	0	0	0	0	0	0	0	0	0	0	0	0	0	0	0	0	0
806_807	TTTACTGCATGTTCCC-15	0	0	0	0	0	0	0	0	0	0	1	0	0	0	0	0	0	0	0	0
806_807	CGGACTGTCGGAAATA-15	0	0	0	0	0	0	0	0	0	0	0	0	0	0	0	0	0	0	0	0
806_807	CTGCCTAGTTACGCGC-15	0	0	0	0	0	0	0	0	0	0	0	0	0	0	0	0	0	0	0	0
806_807	CGTAGGCGTCTAGAGG-15	0	0	0	0	0	0	0	0	0	0	0	0	0	0	0	1	0	1	0	0
806_807	TGTGGTAAGAGACTAT-15	0	0	0	0	0	0	1	0	0	0	0	0	0	0	0	0	0	0	0	0
806_807	CTACATTTCCTAGAAC-15	0	0	0	0	0	0	0	1	0	0	0	0	0	0	0	0	0	0	0	0
806_807	TTGGAACGTTCAGGCC-15	0	0	0	0	0	0	0	0	0	0	0	0	0	0	0	1	0	1	0	0
806_807	ACGTCAATCCACTCCA-15	0	0	0	0	0	1	0	0	0	0	0	0	0	0	0	0	0	0	0	0
806_807	AAACCTGAGTTCCACA-15	0	0	0	0	0	0	0	0	0	0	0	0	0	0	0	1	0	2	0	0
806_807	TGGTTCCAGCGATATA-15	0	0	0	0	0	1	0	0	0	0	0	1	0	0	0	0	0	1	1	0
806_807	GACTACATCGGCGGTT-15	0	0	0	0	0	0	0	0	1	0	0	0	0	0	0	1	0	0	0	0
806_807	CCTACCACAAGCGTAG-15	0	0	0	0	0	0	0	0	0	0	0	0	1	0	0	0	0	0	0	0
806_807	GTAGTCACACGAGGTA-15	0	0	0	0	0	1	0	0	0	0	0	0	0	0	0	0	0	1	0	0
806_807	TGTGTTTAGCTCTCGG-15	0	0	0	0	0	0	0	0	0	0	0	0	0	0	0	0	0	0	0	0
806_807	GGTGAAGGTTATGCGT-15	0	0	0	0	0	0	0	0	0	0	0	0	0	0	0	0	0	0	0	0
806_807	ACTGCTCGTAAGAGGA-15	0	0	0	0	0	0	0	0	0	0	0	0	0	0	0	0	0	0	0	0
806_807	CTCATTAAGTCAATAG-15	0	0	0	0	0	0	0	0	0	0	0	0	0	0	0	0	1	1	0	0
806_807	GGTATTGCACCGTTGG-15	0	0	0	0	0	0	0	1	0	0	0	0	0	0	0	0	0	0	0	0
806_807	GGGCACTCATCCAACA-15	0	0	0	0	0	0	0	0	0	0	0	0	0	1	0	0	0	1	0	0
806_807	GGGCACTAGTCACGCC-15	0	0	0	0	0	0	0	0	0	0	0	0	0	0	0	0	0	1	0	1
806_807	GGGACCTAGCAGATCG-15	0	0	0	0	0	0	0	0	0	0	0	0	0	0	0	0	0	0	0	0
806_807	ACTGATGTCAGCATGT-15	0	0	0	0	0	0	0	0	0	0	0	0	0	0	0	0	0	0	0	0
806_807	GGCCGATAGTTCCACA-15	0	0	0	0	0	0	1	0	0	0	0	0	0	0	0	0	0	0	0	0
806_807	GACTACATCCGCATCT-15	0	0	0	0	0	0	0	0	0	0	0	1	0	0	0	0	0	1	0	0
806_807	CGACCTTAGCAAATCA-15	0	0	0	0	0	0	0	0	0	0	0	0	0	0	0	0	0	0	0	0
806_807	GCTTGAACACATAACC-15	0	0	0	0	0	0	1	0	1	0	0	0	0	0	0	0	1	0	0	0
806_807	TTCGGTCGTGCACTTA-15	0	0	0	0	0	1	0	0	0	0	0	0	0	0	0	0	0	0	0	0
806_807	GCTGGGTAGTATCGAA-15	0	0	0	0	0	0	0	0	1	0	0	0	0	0	0	0	0	0	0	0
806_807	GCTGCGAGTTGTCTTT-15	0	0	0	0	0	0	1	0	0	0	0	0	0	0	0	0	0	0	0	0
806_807	GCTGCGACACAAGACG-15	0	0	0	0	0	0	0	0	0	0	0	0	0	0	0	0	0	0	0	0
806_807	GCGCGATCATGGAATA-15	0	0	0	0	0	0	6	0	0	0	0	0	0	0	0	2	0	1	0	0
806_807	CGTAGGCGTCAACTGT-15	0	0	0	0	0	0	1	0	0	0	0	0	1	0	0	0	1	0	0	0
806_807	GCAGCCAAGCTTATCG-15	0	0	0	0	0	0	0	0	0	0	0	0	0	0	0	0	0	0	0	0
806_807	GCACATAAGGCCATAG-15	0	0	0	0	0	0	0	0	0	0	0	0	1	0	0	0	0	0	0	0
806_807	GCAATCAGTCATCCCT-15	0	0	0	0	0	1	0	0	0	0	0	0	0	0	0	0	0	0	0	1
806_807	GATGAGGAGAAACGCC-15	0	0	0	0	0	0	0	0	0	0	0	0	0	0	0	0	0	0	0	0
806_807	GACTGCGGTAGGGACT-15	0	0	0	0	0	0	0	0	0	0	1	0	0	0	0	0	0	0	0	0
806_807	GCTTGAAGTTCCACAA-15	0	0	0	0	0	0	1	0	0	0	0	0	1	0	0	0	0	0	0	1
806_807	GCAGTTAAGATGTCGG-15	0	0	0	0	0	0	0	0	2	0	0	0	0	0	0	0	0	0	0	1
806_807	AGCGGTCAGGCGACAT-15	0	0	0	0	0	0	0	0	0	0	0	0	0	0	0	2	0	0	0	0
806_807	AGCGTATCAGTCAGAG-15	0	0	0	0	0	0	0	0	0	0	0	0	0	0	0	0	0	0	0	0
806_807	AGGGTGAGTTCCACAA-15	0	0	0	0	0	0	0	0	0	0	0	0	0	0	0	0	0	0	0	0
806_807	CACCACTTCTTACCGC-15	0	0	0	0	0	0	0	0	0	0	0	0	0	0	0	0	0	1	0	0
806_807	ATAACGCAGGACAGCT-15	0	0	0	0	0	0	0	0	0	0	0	0	0	0	0	0	0	0	0	0
806_807	CCCAGTTGTGCGCTTG-15	0	0	0	0	0	0	0	0	0	0	0	0	0	0	0	0	0	0	0	0
806_807	AGACGTTAGCTGTCTA-15	0	0	0	0	0	0	0	0	0	0	0	0	0	0	0	1	0	0	0	0
806_807	CATATTCCAACACCCG-15	0	0	0	0	0	0	0	0	0	0	0	0	1	0	0	0	0	0	0	1
806_807	AGATTGCAGATCCTGT-15	0	0	0	0	0	0	2	0	0	0	1	0	0	0	0	0	0	1	0	0
806_807	CATGCCTGTAGATTAG-15	0	0	0	0	0	0	0	0	0	0	0	0	0	0	0	1	0	0	0	0
806_807	CATGGCGAGAATGTTG-15	0	0	0	0	0	0	1	0	0	0	0	0	0	0	0	0	0	0	0	0
806_807	CACAAACGTACAGACG-15	0	0	0	0	0	0	0	0	0	0	0	0	0	0	0	0	0	0	0	0
806_807	CATTATCCATGAACCT-15	0	0	0	0	0	0	0	0	0	0	0	0	0	1	0	0	0	1	0	0
806_807	ATGGGAGAGCAGCCTC-15	0	0	0	0	0	0	0	0	0	0	1	0	0	0	0	0	0	0	0	0
806_807	CCCAATCTCGTATCAG-15	0	0	0	1	0	0	2	0	0	0	0	0	0	0	0	0	0	1	0	0
806_807	ATGGGAGGTTATGCGT-15	0	0	0	0	0	0	1	0	0	0	0	0	0	0	0	0	0	0	0	0
806_807	CATGGCGAGGCACATG-15	2	0	0	1	0	0	0	0	0	0	0	0	0	0	0	0	0	1	0	0
807_808	GACCAATCATTGAGCT-15	0	0	0	0	0	0	2	0	0	0	0	0	0	0	0	1	0	0	0	0
807_808	CGGAGCTTCTGAGGGA-15	0	0	0	0	0	0	0	0	0	0	0	0	0	0	0	0	0	0	0	0
807_808	GACGGCTAGTCGTTTG-15	0	0	0	0	0	0	0	0	0	0	0	0	0	0	0	0	0	1	0	0
807_808	CGGACTGGTCACTTCC-15	0	0	0	0	0	0	0	0	0	0	1	0	1	0	0	0	0	0	0	0
807_808	ATTATCCAGGGTGTGT-15	0	0	0	0	0	1	3	0	0	0	0	0	0	0	0	0	0	0	0	0
807_808	AGGGTGATCCGCAAGC-15	0	0	0	0	0	0	1	0	0	0	0	0	0	0	0	1	0	0	0	0
807_808	AGGTCCGCACAACGTT-15	0	0	0	0	0	0	4	0	0	0	0	0	0	0	0	0	0	1	0	0
807_808	GACGTGCGTATATGGA-15	0	0	0	0	0	0	0	0	0	0	0	0	0	0	0	0	0	0	0	0
807_808	GTGTTAGTCTCTTATG-15	0	0	0	0	0	0	0	0	0	0	0	0	0	0	0	0	0	0	0	0
807_808	ATAAGAGTCAAGGCTT-15	0	0	0	0	0	1	1	0	0	0	0	0	0	0	0	0	0	0	0	0
807_808	ATAGACCTCTAAGCCA-15	0	0	0	0	0	0	2	0	0	0	0	0	0	0	0	0	0	0	0	0
807_808	AGCATACGTATTCGTG-15	0	0	0	0	0	0	1	0	0	1	0	0	0	0	0	0	0	0	1	0
807_808	CGCTTCATCATGTCTT-15	0	0	0	0	0	0	3	0	0	0	0	0	2	0	0	0	1	0	0	0
807_808	GAGCAGAAGAACAATC-15	0	0	0	0	0	0	0	0	0	0	0	0	0	1	1	0	0	0	0	0
807_808	GACTGCGTCCGAACGC-15	0	0	0	0	0	0	0	0	0	0	0	0	0	0	0	0	0	0	0	0
807_808	ATGTGTGCACATCTTT-15	0	0	0	0	0	0	10	0	0	0	0	0	0	0	0	0	0	2	0	0
807_808	ACATGGTTCGAATGCT-15	0	0	0	0	0	0	1	0	0	0	0	0	0	0	0	0	0	0	1	0
807_808	TCTCATAGTAAATGTG-15	0	0	0	0	0	0	2	0	0	0	0	0	1	0	0	0	0	0	0	1
807_808	AGCCTAAAGTGAACGC-15	0	0	0	0	0	2	34	0	0	0	0	0	0	0	0	0	0	3	0	1
807_808	TGGGAAGAGCTACCGC-15	0	0	0	0	0	0	1	0	0	0	0	0	0	0	0	0	0	0	0	0
807_808	CTCAGAAAGGAGCGTT-15	0	0	0	0	0	0	0	0	0	0	0	0	0	0	0	0	0	0	0	1
807_808	CTCGAAAGTTCCATGA-15	0	0	0	0	0	0	1	0	0	0	1	0	0	0	0	0	0	1	1	0
807_808	CTAACTTGTCAACTGT-15	0	0	0	0	0	1	4	0	0	0	0	0	0	0	0	0	0	1	0	0
807_808	TGAGCCGAGTACTTGC-15	0	0	0	0	0	0	0	0	0	0	0	0	0	0	0	0	0	0	0	1
807_808	CTCGGGACAAGACGTG-15	0	0	0	0	0	0	0	0	0	0	0	0	0	0	0	0	0	0	0	0
807_808	TGACAACAGGCGACAT-15	0	0	0	0	0	0	1	0	0	0	1	0	0	0	0	0	0	0	0	0
807_808	CTCGTCAGTGCCTGTG-15	0	0	0	0	0	1	1	1	0	0	1	0	0	0	0	0	0	0	0	0
807_808	CTCTAATGTCGCGAAA-15	0	0	0	0	0	0	1	0	0	0	0	0	1	0	0	0	0	0	0	0
807_808	TTCCCAGTCGCTTAGA-15	0	0	0	0	1	0	3	0	0	0	0	0	0	0	0	0	0	0	0	0
807_808	CGTCTACAGTATTGGA-15	0	0	0	0	0	0	0	0	0	0	0	0	0	0	0	0	0	0	0	1
807_808	TCTTTCCGTACATCCA-15	0	0	0	0	0	0	3	0	0	0	0	0	0	0	0	0	0	0	0	0
807_808	TCTGAGATCTTTAGGG-15	0	0	0	0	0	0	1	0	0	0	0	0	0	0	0	0	0	0	0	0
807_808	CTTTGCGGTGTCTGAT-15	0	0	0	0	0	0	0	0	0	0	0	0	0	0	0	0	0	0	0	0
807_808	GAAATGACAGATCCAT-15	0	0	0	0	0	0	4	0	1	0	0	0	0	0	0	0	0	1	0	0
807_808	GAACGGACAAGGACAC-15	0	0	0	0	0	0	0	0	0	0	1	0	0	0	0	1	0	0	0	0
807_808	TACTTACCAGCCTATA-15	0	0	0	0	0	2	1	0	0	0	0	0	0	0	0	0	0	0	0	0
807_808	ACGCAGCGTAGTAGTA-15	0	0	0	0	0	0	0	0	0	0	0	0	1	0	0	0	0	0	0	0
807_808	TTGGCAAAGCCAACAG-15	0	0	0	0	0	1	0	0	0	0	0	0	0	0	0	0	0	0	0	0
807_808	TACTCGCGTAGTGAAT-15	0	0	0	0	0	0	2	0	0	0	0	0	0	1	0	0	0	0	0	0
807_808	GATCGATAGTATTGGA-15	0	0	0	0	0	1	1	1	0	0	0	0	0	0	0	0	0	0	0	0
807_808	TACGGTAGTGATGTCT-15	0	0	0	0	0	1	0	0	0	0	0	0	0	0	0	0	0	0	0	0
807_808	AGCGTATTCCGCATCT-15	0	0	0	0	0	0	0	0	0	0	0	0	0	0	0	0	0	0	0	0
807_808	ACGGGCTTCTTCGAGA-15	0	0	0	0	0	0	0	0	0	0	0	0	0	0	0	0	0	1	0	1
807_808	AAAGATGCACTGCCAG-15	0	0	0	0	0	0	1	0	0	0	0	0	0	0	0	1	0	0	0	0
807_808	GTGTGCGAGTTGTAGA-15	0	0	0	0	0	0	1	0	0	0	0	0	1	0	0	0	0	0	2	0
807_808	TGGCGCAGTGTTAAGA-15	0	0	0	1	0	1	0	0	0	0	0	0	0	0	0	0	0	0	0	0
807_808	GCATGTAAGAGTGAGA-15	0	0	0	0	0	0	0	0	0	0	0	0	0	0	0	0	0	0	0	0
807_808	CGACTTCGTATGAATG-15	0	0	0	0	0	2	3	0	0	0	0	0	1	0	0	0	0	0	0	1
807_808	CAGCCGACAAGAGTCG-15	0	0	0	0	0	1	4	0	0	1	0	0	0	0	0	0	0	0	0	0
807_808	GGAAAGCAGGCATTGG-15	0	0	0	0	0	1	0	0	0	0	0	0	0	0	0	0	0	0	0	0
807_808	AACTCTTGTAGCGATG-15	0	0	0	0	0	0	3	0	0	0	0	0	0	0	0	0	0	0	0	0
807_808	CAGTCCTCAGTTCATG-15	0	0	0	0	0	0	1	0	0	0	0	0	1	0	0	0	0	0	0	0
807_808	CACTCCAGTATTACCG-15	0	0	0	0	0	1	0	0	0	0	0	0	0	0	0	0	0	1	0	0
807_808	GCGCAGTCATGCCTTC-15	0	0	0	0	0	0	2	0	0	0	2	0	0	0	0	0	0	0	0	1
807_808	CCTTCGAGTGCGAAAC-15	0	0	0	0	0	0	0	0	0	0	0	0	1	0	0	0	0	0	0	0
807_808	ATTCTACAGGACAGAA-15	1	0	0	0	0	0	0	0	0	0	0	0	0	0	0	0	0	1	1	0
807_808	GGGAGATCACTGTCGG-15	0	0	0	0	0	0	0	0	0	0	0	0	0	0	0	0	0	0	0	0
807_808	AAGGCAGCAGGTGGAT-15	0	0	0	0	0	0	1	0	0	0	0	0	0	0	0	0	0	0	0	0
807_808	AAGGCAGGTTGAGGTG-15	0	0	0	0	0	0	0	0	0	0	0	0	0	0	0	0	0	0	0	0
807_808	GCTCCTAGTGAGTATA-15	0	0	0	0	0	0	0	0	0	0	1	0	0	1	0	1	0	0	0	0
807_808	CAGCATATCTCTGAGA-15	0	0	0	0	0	0	2	0	0	0	0	0	0	0	0	1	0	0	0	0
807_808	GCATGATGTAGAAAGG-15	0	0	0	0	0	0	1	0	0	0	1	0	0	0	0	0	0	0	0	0
807_808	GTCATTTGTCGCGTGT-15	0	0	0	0	0	0	2	0	0	0	0	0	0	0	0	0	0	0	0	0
807_808	CACCACTTCACCGGGT-15	0	0	0	0	0	0	0	0	0	0	0	0	0	0	0	0	0	0	0	0
807_808	GTCCTCATCCTTTCGG-15	0	0	0	0	0	0	1	0	0	0	0	0	0	0	0	0	0	0	0	0
807_808	GGACGTCTCACAATGC-15	0	0	0	0	0	0	1	0	0	0	0	0	0	0	0	0	0	1	0	0
807_808	GATGAAAAGCCAGAAC-15	0	0	0	0	0	1	4	0	0	0	0	0	0	0	0	0	0	1	0	0
807_808	GTGCAGCAGTCATGCT-15	0	0	0	0	0	0	0	0	0	0	0	0	0	0	0	0	0	0	0	0
807_808	GCAATCAAGCATGGCA-15	0	0	0	0	0	0	1	0	0	0	0	0	0	0	0	0	0	1	0	0
807_808	GGAGCAACAAGTCTGT-15	0	0	0	0	1	0	0	0	0	0	0	0	0	0	0	0	0	0	0	0
807_808	ACACCGGAGTTATCGC-15	0	0	0	0	0	0	1	0	0	0	0	0	0	0	0	0	0	0	0	0
807_808	GCACATAGTTCAGACT-15	0	0	0	0	0	0	0	0	0	0	1	0	1	0	0	0	0	2	0	0
807_808	GGAGCAAAGTCGCCGT-15	0	0	0	0	0	1	0	0	0	0	0	0	0	0	0	0	0	0	0	0
807_808	CGAGCCATCTTGAGGT-15	0	0	0	0	0	0	0	0	0	0	1	0	2	0	0	1	0	1	0	0
807_808	CCACGGAAGTCGTACT-15	0	0	0	0	0	0	1	0	0	0	0	0	0	0	0	0	0	0	0	0
807_808	CCACTACCATTCACTT-15	0	0	0	0	0	1	6	0	0	0	1	0	0	0	0	0	0	0	0	0
807_808	CCAGCGAAGTGTTGAA-15	0	0	0	0	0	0	1	0	0	0	0	0	1	0	0	0	0	0	0	0
807_808	AATCCAGGTCATATCG-15	0	0	0	1	0	0	0	0	0	0	0	0	0	0	0	0	0	1	0	0
808_809	CTCTGGTCAATAGAGT-15	0	0	0	0	0	0	0	0	0	0	0	0	0	0	0	0	0	1	0	0
808_809	TGAAAGAGTTTCGCTC-15	0	0	0	0	0	0	0	0	0	0	0	0	0	0	0	0	0	0	0	0
808_809	CTCACACGTGTGACCC-15	0	0	0	0	0	1	1	0	0	0	0	0	0	0	0	0	1	0	1	0
808_809	GGATTACGTCGAGTTT-15	0	0	0	0	0	0	1	0	0	0	0	0	0	0	0	0	0	0	1	0
808_809	TGCTACCAGACCGGAT-15	0	0	0	0	0	0	0	0	0	0	1	0	0	0	0	0	0	0	0	0
808_809	GCTGCAGAGCACCGCT-15	0	0	0	0	0	0	0	0	0	0	0	0	0	0	0	1	0	0	0	0
808_809	TGCGTGGAGGCTAGGT-15	0	0	0	0	0	0	0	0	0	0	0	0	0	0	0	0	0	1	0	0
808_809	TGAAAGACAGTGACAG-15	0	0	0	0	0	0	0	0	0	0	2	0	0	0	0	0	0	1	0	1
808_809	TCAGCTCGTGTGAAAT-15	0	0	0	0	0	0	0	0	0	0	0	0	0	0	0	0	0	1	0	0
808_809	CTTTGCGAGACTCGGA-15	0	0	0	0	0	0	0	0	0	0	0	0	0	0	0	0	0	1	0	0
808_809	GGCGACTTCCGGCACA-15	0	0	0	0	0	0	0	0	0	0	0	0	0	0	0	1	0	0	0	0
808_809	CTCGAGGAGAGGACGG-15	0	0	0	0	0	0	0	0	0	0	0	0	1	0	0	0	0	0	0	0
808_809	GTGGGTCAGAGCTGGT-15	0	0	0	0	0	0	2	0	0	0	0	0	0	0	0	0	0	1	1	0
808_809	TAGAGCTGTTCGAATC-15	0	0	0	0	0	0	0	0	0	0	0	0	0	0	0	0	0	0	0	0
808_809	GTGGGTCAGATCTGCT-15	0	0	0	0	0	0	0	0	0	0	0	0	1	0	0	0	0	0	0	1
808_809	TGGCGCAGTCTTCTCG-15	0	0	0	0	0	0	0	0	0	0	0	0	0	0	0	0	0	0	0	0
808_809	GTGCAGCAGACTTGAA-15	0	0	0	0	0	0	0	0	0	0	0	0	0	0	0	0	0	0	0	0
808_809	GCACATAGTGGTAACG-15	0	0	0	0	0	0	0	0	0	0	0	0	0	0	0	0	0	1	0	0
808_809	GTTCATTCAAATACAG-15	0	0	0	0	0	0	1	0	0	0	0	0	0	0	0	1	0	0	1	0
808_809	GTTCATTGTTACCAGT-15	0	0	0	0	0	0	0	0	0	0	0	0	1	0	0	0	0	0	0	0
808_809	GTCGGGTAGTTAGGTA-15	0	0	0	0	0	0	0	0	0	0	1	0	0	0	0	0	0	0	0	0
808_809	TAAACCGGTACAAGTA-15	0	0	0	0	0	0	0	0	0	0	0	0	0	0	0	0	0	0	0	0
808_809	TACCTTAGTGGCAAAC-15	0	0	0	0	0	0	0	0	0	0	0	0	0	0	0	0	0	0	0	0
808_809	TAGTTGGAGCACCGCT-15	0	0	0	0	0	0	2	0	0	0	0	0	1	0	0	0	0	0	1	0
808_809	GTCCTCATCGGCATCG-15	0	0	0	0	0	0	0	0	0	0	0	0	0	0	0	0	0	0	0	0
808_809	GTCACAAGTCGAATCT-15	0	0	0	0	0	0	0	0	0	0	1	0	0	0	0	0	0	0	0	0
808_809	ACGATGTCAAGAAGAG-15	0	0	0	0	0	0	0	0	0	0	0	0	0	0	0	0	0	1	0	0
808_809	GCCAAATGTACATCCA-15	0	0	0	0	0	0	1	0	0	0	0	0	0	0	0	0	0	2	0	0
808_809	GTATTCTAGTCCGGTC-15	0	0	0	0	0	0	0	0	0	0	0	0	0	0	0	0	0	1	0	0
808_809	GTAGTCACACTCTGTC-15	0	0	0	0	0	0	0	0	0	0	0	0	0	0	0	0	0	0	0	0
808_809	GACCAATAGAGCCCAA-15	0	0	0	0	0	0	0	0	0	0	0	0	0	0	0	0	0	0	0	0
808_809	GCGCAGTTCAACACTG-15	0	0	0	0	0	0	0	0	0	0	0	0	0	0	0	0	0	0	0	0
808_809	GCGCCAAGTTACTGAC-15	0	0	0	0	0	0	0	0	0	0	0	0	0	0	0	0	0	0	0	0
808_809	GGTATTGAGGTGATAT-15	0	0	0	0	0	0	0	0	0	0	0	0	1	0	0	1	0	0	0	0
808_809	TACGGATAGGGCACTA-15	0	0	0	0	0	0	0	0	0	0	0	0	0	0	0	0	0	1	0	0
808_809	ACGAGGAAGTTAACGA-15	0	0	0	0	0	0	0	0	0	0	0	0	0	0	0	0	0	0	0	0
808_809	GGACATTGTTTGTGTG-15	0	0	0	0	0	0	0	0	0	0	0	0	1	0	0	0	0	0	0	0
808_809	AGAGCTTGTAAATGAC-15	0	0	0	0	0	0	0	0	0	0	0	0	0	0	0	0	0	0	0	0
808_809	ACTGCTCAGAGCCTAG-15	0	0	0	0	0	0	0	0	0	0	0	0	0	0	0	0	0	1	0	0
808_809	AGGGTGACAGCCTTTC-15	0	0	0	0	0	0	0	0	0	0	0	0	0	0	0	0	0	0	0	0
808_809	CAAGGCCGTAGGGTAC-15	0	0	0	0	0	0	0	0	0	0	0	0	0	0	0	0	0	0	0	0
808_809	TTCGAAGAGGGATACC-15	0	0	0	0	0	0	0	0	0	0	0	0	0	0	0	0	0	1	0	0
808_809	CAGATCACAGGTCTCG-15	0	0	0	0	0	0	0	0	0	0	0	0	0	0	0	0	0	0	0	0
808_809	TTCGAAGCAAGAAGAG-15	0	0	0	0	0	0	0	0	0	0	0	0	0	0	0	0	0	2	0	0
808_809	CGTAGCGGTCTAAACC-15	0	0	0	0	0	0	0	0	0	0	0	0	0	0	0	0	0	0	1	0
808_809	TTCTTAGGTAAGGGAA-15	0	0	0	0	0	0	0	0	0	0	0	0	0	0	0	1	0	0	0	0
808_809	CAAGATCGTACTCAAC-15	0	0	0	0	0	0	0	0	0	0	0	0	0	0	0	0	0	0	0	0
808_809	ACGGGTCAGTGGAGTC-15	0	0	0	0	0	0	0	0	0	1	0	0	0	0	0	0	0	1	0	0
808_809	TTCTCAAAGCGCCTCA-15	0	0	0	0	0	0	0	0	0	0	0	0	0	0	0	0	0	0	0	1
808_809	CAAGATCGTTCTCATT-15	0	0	0	0	0	0	0	0	0	0	0	0	0	0	0	1	0	0	0	0
808_809	AACTTTCAGAAGGTTT-15	0	0	0	0	0	0	0	0	0	0	0	0	0	1	0	0	0	1	0	0
808_809	AACACGTGTTCGTCTC-15	0	0	0	0	0	0	0	0	0	0	0	0	0	0	0	0	0	0	0	0
808_809	CACCAGGCAAATTGCC-15	0	0	0	0	0	1	2	0	1	0	0	0	1	0	0	0	1	1	1	0
808_809	AAAGTAGTCAACTCTT-15	0	0	0	0	0	0	1	0	0	0	0	0	0	0	0	2	0	0	0	0
808_809	CACAGTAGTCTCGTTC-15	0	0	0	0	0	0	0	0	0	0	0	0	0	0	0	0	0	0	0	1
808_809	ACTATCTGTTAAGAAC-15	0	0	0	0	0	0	0	0	0	0	0	0	1	0	1	0	0	0	0	0
808_809	TTTGCGCTCTCCAACC-15	0	0	0	0	0	0	0	0	0	0	0	0	0	0	0	0	0	0	0	0
808_809	ACTATCTTCTCAAACG-15	0	0	0	0	0	0	0	0	0	0	0	0	0	0	0	0	0	0	0	0
808_809	CGTCACTTCATCATTC-15	0	0	0	0	0	0	0	0	0	0	0	0	0	0	0	0	0	1	0	0
808_809	CAGCATATCCGTAGTA-15	0	0	0	1	0	0	0	0	0	0	0	0	0	0	0	0	0	0	0	1
808_809	TTAGGCAGTCAGAGGT-15	1	0	0	0	0	0	0	0	0	0	0	0	0	0	0	0	0	0	0	0
808_809	CAGCGACCAGCTGTAT-15	0	0	0	0	0	0	0	0	0	0	0	0	0	0	0	0	0	0	0	0
808_809	ACGGAGAAGCCGATTT-15	0	0	0	0	0	0	0	0	0	0	0	0	0	1	0	0	0	0	0	0
808_809	CCCAATCGTCGGCTCA-15	1	0	0	0	0	0	0	0	0	0	0	0	0	0	0	1	0	0	0	0
808_809	ATCACGAGTCTCCACT-15	0	0	0	0	0	0	2	0	0	0	0	0	0	0	0	0	0	1	0	0
808_809	ACTTACTGTAACGTTC-15	0	0	0	0	0	1	0	0	0	0	0	0	0	0	0	0	0	1	0	1
808_809	ACTTTCAGTATTAGCC-15	0	0	0	0	0	0	0	0	0	0	0	0	0	0	0	0	0	0	1	0
808_809	ATCTACTGTTTGACTG-15	0	0	0	0	0	0	0	0	0	0	0	0	0	0	0	0	0	1	0	0
808_809	ATGGGAGGTTCGCTAA-15	0	0	0	0	0	0	0	0	0	0	0	0	0	0	0	0	0	1	0	0
808_809	AAGGTTCGTCAGCTAT-15	0	0	0	0	0	0	0	0	0	0	0	0	0	0	0	0	0	0	0	0
808_809	ATCACGAAGATCTGAA-15	0	0	0	0	0	0	1	0	0	0	1	0	0	0	0	1	0	1	0	0
808_809	ACCTTTACATTACGAC-15	0	0	0	0	0	0	1	0	0	0	0	0	0	0	0	1	0	0	0	0
808_809	AATCGGTTCAGCTCTC-15	0	0	0	0	0	0	0	0	0	0	0	0	1	0	0	0	0	1	0	0
808_809	TTTATGCGTCCGACGT-15	0	0	0	0	0	0	2	0	2	0	1	0	0	0	0	0	0	2	0	0
809_810	AGCGTATTCAACCAAC-15	0	0	0	0	0	0	1	0	0	0	1	0	0	1	0	1	0	1	0	0
809_810	TACGGGCGTTCCCTTG-15	0	0	0	0	0	1	0	0	0	0	0	0	0	0	0	0	0	1	0	0
809_810	CTTGGCTGTTAGATGA-15	0	0	0	0	0	1	0	0	0	0	0	0	0	0	0	0	0	0	0	0
809_810	TCAACGACAATGTAAG-15	0	0	0	0	0	0	0	0	0	0	0	0	0	0	0	0	0	0	0	0
809_810	TATCTCATCTGATTCT-15	0	0	0	0	0	0	0	0	0	0	0	0	0	0	0	0	0	0	0	0
809_810	TATCTCAAGTGCCAGA-15	0	0	0	0	0	0	0	0	0	0	0	0	0	0	0	0	0	0	0	0
809_810	AAACGGGGTAGCGCTC-15	0	0	0	0	0	0	0	0	0	0	0	0	0	0	0	0	0	1	0	0
809_810	TACGGATAGTGACTCT-15	0	0	0	0	0	0	0	0	0	0	1	0	0	0	0	2	0	0	0	0
809_810	CGCGGTAAGTGTCCAT-15	0	0	0	0	0	0	0	0	0	0	0	0	0	0	0	0	0	0	0	0
809_810	AGCCTAACACTTCTGC-15	0	0	0	0	0	0	1	0	0	0	0	0	0	0	0	0	0	0	0	0
809_810	TAAGCGTTCAACACGT-15	0	0	0	0	0	0	0	0	0	0	1	0	0	0	0	0	0	1	0	0
809_810	CGATGGCCATTACCTT-15	0	0	0	0	0	1	0	0	0	0	0	0	0	0	0	0	0	0	0	0
809_810	GACAGAGGTTGTTTGG-15	0	0	0	0	0	0	1	0	0	0	0	0	0	0	0	0	0	0	0	0
809_810	GACTACAAGGTAAACT-15	0	0	0	0	0	0	0	0	0	0	0	0	0	1	0	0	0	1	0	1
809_810	ATTACTCGTACCAGTT-15	0	0	0	0	0	0	0	0	0	0	2	0	0	0	0	0	0	0	1	0
809_810	GTGGGTCCACTGAAGG-15	0	0	0	0	0	1	0	0	0	0	0	0	0	0	0	0	0	0	0	0
809_810	AGATTGCCATTAACCG-15	0	0	0	0	0	0	0	0	0	0	0	0	0	0	0	0	1	0	0	0
809_810	TAGAGCTAGAAGGTTT-15	0	0	0	0	0	0	0	0	0	0	0	0	1	0	0	0	0	0	0	0
809_810	TTGACTTAGACAGAGA-15	0	0	0	0	0	0	1	0	0	0	0	0	0	0	0	0	0	1	0	0
809_810	TACTCGCGTCCGAACC-15	0	0	0	0	0	0	1	0	0	0	1	0	0	0	0	0	0	1	0	0
809_810	AGCGTATAGACTTTCG-15	0	0	0	0	0	0	0	0	0	0	0	0	1	0	0	0	0	0	0	0
809_810	ATTGGTGGTCGTTGTA-15	0	0	0	0	0	0	0	0	0	0	0	0	0	0	0	0	0	0	0	0
809_810	ATTATCCGTTTGACTG-15	0	0	0	0	0	0	0	0	0	0	0	0	0	0	0	1	0	0	0	0
809_810	GATCAGTGTTAGTGGG-15	0	0	0	0	0	0	0	0	0	0	0	0	1	0	1	0	0	0	0	0
809_810	CACAAACCAAGTAGTA-15	0	0	0	0	0	0	0	0	0	0	0	0	1	1	0	0	0	0	0	0
809_810	ACCCACTGTCCGTTAA-15	0	0	0	0	0	0	0	0	0	0	0	0	0	0	0	0	0	1	0	0
809_810	CTTAGGATCGCAGGCT-15	0	0	0	0	0	0	0	0	0	0	0	0	0	0	0	0	0	0	0	0
809_810	GGACGTCCACGAGGTA-15	0	1	0	0	0	0	0	0	0	0	0	0	0	0	0	1	0	0	1	0
809_810	CAGAGAGAGAGTGACC-15	0	0	0	0	0	0	0	0	0	0	1	0	1	0	0	0	0	2	0	0
809_810	GTACTTTAGCAATCTC-15	0	0	0	0	0	0	0	0	0	0	0	0	0	0	0	0	0	0	0	1
809_810	CGAGCCAGTCGACTAT-15	0	0	0	0	0	1	1	0	0	0	0	0	0	0	0	0	0	0	0	0
809_810	GTAACGTTCCGTAGTA-15	0	0	0	0	0	0	0	0	0	0	0	0	0	0	0	0	0	0	0	0
809_810	CAGCAGCCAGATCTGT-15	0	0	0	0	0	0	1	0	0	0	0	0	0	0	0	1	0	0	0	0
809_810	CACTCCACATTAACCG-15	0	0	0	0	0	0	0	0	0	0	0	0	0	0	0	0	1	2	0	0
809_810	TGTTCCGGTAATTGGA-15	0	0	0	0	0	0	0	0	0	0	0	0	0	0	0	0	0	0	0	0
809_810	CAGGTGCAGGATCGCA-15	0	0	0	0	0	0	0	0	0	0	0	0	0	0	0	0	0	0	0	0
809_810	ACACCAACACCAGCAC-15	0	0	0	0	0	0	1	0	0	0	0	0	0	0	0	0	0	0	0	0
809_810	GCTTGAATCACGCGGT-15	0	0	0	0	0	0	0	0	0	0	0	0	0	0	0	0	0	0	0	0
809_810	ACCTTTAAGTATCGAA-15	0	0	0	0	0	0	1	0	0	0	0	0	0	0	0	0	0	0	0	0
809_810	TGCGTGGTCGAACGGA-15	0	0	0	0	0	0	0	0	0	0	0	0	0	0	0	0	0	0	0	0
809_810	CTACGTCGTCTTTCAT-15	0	0	0	0	0	0	0	0	0	0	0	0	0	0	0	0	1	0	0	0
809_810	AGACGTTTCCCAGGTG-15	0	0	0	0	0	0	1	0	0	1	0	0	0	0	0	0	0	0	1	0
809_810	ACGATACGTCCATGAT-15	0	0	0	0	0	0	0	0	1	0	1	0	1	0	0	0	0	0	0	0
809_810	AAACGGGAGAAACCTA-15	0	0	0	0	0	0	1	0	0	0	0	0	0	0	0	1	0	0	0	0
809_810	CACACTCGTCATATCG-15	0	0	0	0	0	0	0	0	0	0	0	0	0	0	0	0	0	0	0	0
809_810	TCAGCAATCTGGTGTA-15	0	0	0	0	0	0	0	0	0	0	1	0	0	0	0	1	0	0	0	0
809_810	TCAGCTCCAATCACAC-15	0	0	0	0	0	0	0	0	0	0	1	0	0	0	0	0	0	1	0	0
809_810	GTCACGGAGCGAGAAA-15	0	0	0	0	0	1	1	0	0	0	0	0	0	0	0	1	0	1	0	0
809_810	TCCCGATGTGAGTATA-15	0	0	0	0	0	1	1	0	0	0	0	0	1	0	0	0	0	1	0	0
809_810	GTCAAGTAGAGATGAG-15	0	0	0	0	0	0	0	0	0	0	0	0	1	0	0	0	0	0	0	0
810_811	CTACATTGTGACCAAG-12	0	0	0	0	0	1	1	0	0	0	0	0	0	0	0	0	0	0	0	0
810_811	TCTCATATCCAATGGT-12	0	0	0	0	0	0	0	0	0	0	0	0	0	0	0	0	0	0	0	0
810_811	TCTCTAACAGCATGAG-12	0	0	0	0	0	0	0	0	0	0	0	0	0	0	0	0	0	0	0	0
810_811	GGATGTTCATTAACCG-12	0	0	0	0	0	0	1	0	0	0	0	0	0	0	0	0	0	0	0	0
810_811	TACTCGCGTGCTCTTC-12	0	0	0	0	0	0	0	0	0	0	0	0	0	0	0	0	0	0	0	0
810_811	CTCGTACGTAAAGGAG-12	0	0	0	0	0	0	0	0	0	0	0	0	0	0	0	0	0	0	0	0
810_811	GTAACTGAGGCACATG-12	0	0	0	0	0	0	0	0	0	0	0	0	0	0	0	0	0	2	0	0
810_811	TGATTTCAGAACTGTA-12	0	0	0	0	0	1	0	0	0	0	0	0	1	0	0	0	0	0	0	0
810_811	CTGTTTACAAGCTGAG-12	0	0	0	0	0	1	0	0	0	0	0	0	0	0	0	0	0	0	0	0
810_811	GGATTACGTCAGAAGC-12	0	0	0	0	0	0	0	0	0	0	0	0	0	0	0	0	0	0	0	0
810_811	GGGAGATAGAATGTGT-12	0	0	0	0	0	0	0	0	0	0	0	0	0	0	0	0	0	0	1	0
810_811	GTACGTAAGTACGTAA-12	0	0	0	0	0	0	0	0	0	0	1	0	0	0	0	1	0	1	0	1
810_811	GCTGGGTCAGCTGTTA-12	0	0	0	0	0	0	0	0	0	0	0	0	0	0	0	0	0	0	0	0
810_811	GCATGATTCGGCGCTA-12	0	0	0	0	0	0	0	0	0	0	1	0	0	0	0	0	0	2	0	0
810_811	CTCGAAATCAGAGGTG-12	0	0	0	0	0	1	0	0	0	0	0	0	0	0	0	0	0	1	0	0
810_811	GTGTTAGTCGCTAGCG-12	0	0	0	0	0	1	0	0	0	0	0	0	0	0	0	0	0	0	0	0
810_811	GTTACAGAGACTTTCG-12	0	0	0	0	0	0	0	0	0	0	0	0	0	0	0	0	0	1	0	0
810_811	GATGCTATCCTCGCAT-12	0	0	0	0	0	0	0	0	0	0	0	0	0	0	0	0	0	0	0	0
810_811	TAGTTGGAGTACGATA-12	0	0	0	0	0	0	1	0	0	0	0	0	0	0	0	1	0	0	0	0
810_811	GAGCAGAGTTGCGTTA-12	0	0	0	0	0	0	0	0	0	0	1	0	0	0	0	0	0	1	0	0
810_811	TAGTTGGGTAAACCTC-12	0	0	0	0	0	0	0	0	0	0	1	0	0	0	0	0	0	0	0	0
810_811	GAAATGACAAGTACCT-12	0	0	0	0	0	0	1	0	0	0	0	0	0	0	0	0	0	0	0	1
810_811	TACGGATGTATATGGA-12	0	0	0	0	0	0	0	0	0	0	0	0	2	0	0	0	0	0	0	0
810_811	TACCTTATCCAGAAGG-12	0	0	0	0	0	0	0	0	0	0	0	0	1	0	0	0	0	0	1	0
810_811	GAACCTAGTGGGTATG-12	0	0	0	0	0	0	0	0	0	0	0	0	0	0	0	0	0	0	0	0
810_811	CTAATGGAGCTTTGGT-12	0	0	0	0	0	0	0	0	0	0	0	0	0	0	0	0	0	0	0	0
810_811	CTCACACCAGGCTCAC-12	0	0	0	0	0	0	0	0	0	0	0	0	0	0	0	0	0	0	0	0
810_811	CTCACACCACCCTATC-12	0	0	0	0	0	0	0	0	0	0	0	0	0	0	0	0	0	0	1	0
810_811	GCTCTGTCACATGACT-12	0	0	0	0	0	0	0	0	0	0	0	0	1	0	0	1	0	0	0	0
810_811	TCAGGTAGTGCTTCTC-12	0	0	0	0	0	0	0	0	0	0	0	0	1	0	0	0	0	1	0	0
810_811	AGACGTTTCGAGAACG-12	0	0	0	0	0	0	1	0	0	0	0	0	0	0	0	0	0	0	0	0
810_811	CACCTTGGTCTAGTCA-12	0	0	0	0	0	1	0	0	0	0	0	0	0	0	0	0	0	0	0	0
810_811	ATCCGAACACCTTGTC-12	0	0	0	0	0	0	0	0	0	0	0	0	0	0	0	0	0	0	0	0
810_811	CATTATCGTTCAGTAC-12	0	0	0	0	0	0	0	0	0	0	1	0	0	0	0	0	0	0	0	0
810_811	CATGCCTAGTTTCCTT-12	0	0	0	0	0	0	0	0	0	0	0	0	0	0	0	0	0	1	0	0
810_811	CATGACAGTCTGGAGA-12	0	0	0	0	0	0	0	0	0	0	0	0	1	0	0	0	0	0	0	0
810_811	AGTAGTCGTTCCCTTG-12	0	0	0	0	0	0	0	0	0	0	0	0	0	0	0	0	0	0	0	0
810_811	AGTCTTTGTAGCGCAA-12	0	0	0	0	0	0	0	0	0	0	1	0	0	0	0	0	0	0	0	0
810_811	CATCAGACATTGTGCA-12	0	0	0	0	0	0	0	0	0	0	0	0	0	0	0	0	0	0	0	0
810_811	ACGAGCCAGGCGATAC-12	0	0	0	0	0	0	0	0	0	0	0	0	0	0	0	0	0	1	0	0
810_811	CAGCCGATCAACGGCC-12	0	0	0	0	0	1	1	0	0	0	0	0	0	0	0	0	0	0	0	0
810_811	CAGAATCTCTACTCAT-12	0	0	0	0	0	1	0	0	0	0	0	0	0	0	0	0	0	0	0	0
810_811	CACTCCAGTTACTGAC-12	0	0	0	0	0	0	0	0	0	0	1	0	0	0	0	0	0	0	1	0
810_811	TGCACCTAGATCTGCT-12	0	0	0	0	0	0	0	0	0	0	0	0	0	0	0	0	0	0	0	0
810_811	CACCTTGGTCGAACAG-12	0	0	0	0	0	0	0	0	0	0	0	0	0	0	0	0	0	0	0	0
810_811	CACCAGGAGGCATTGG-12	0	0	0	0	0	0	0	0	0	0	0	0	0	0	0	0	0	1	0	0
810_811	CACACCTGTTACCAGT-12	0	0	0	0	0	0	0	0	0	0	0	0	0	0	0	0	0	0	0	0
810_811	CACACAAAGCCCAATT-12	0	0	0	0	1	0	0	0	0	0	0	0	1	0	0	0	0	0	0	0
810_811	AACTCCCCACTTCTGC-12	0	0	0	0	0	0	0	0	0	0	0	0	0	0	0	0	0	0	0	0
810_811	ATTTCTGCAGTAAGCG-12	0	0	0	0	0	0	0	0	0	0	0	0	0	0	0	0	0	0	0	0
810_811	ATTACTCAGGCTATCT-12	0	0	0	0	0	0	0	0	0	0	0	0	0	0	0	0	0	0	0	0
810_811	ATAACGCCAGGTCTCG-12	0	0	0	0	0	0	0	0	0	0	0	0	0	0	0	0	0	0	0	0
810_811	AAGTCTGCAAGGGTCA-12	1	0	0	0	0	0	0	0	0	0	0	0	0	0	0	0	0	0	0	1
810_811	ATGGGAGTCTAACGGT-12	0	0	0	0	0	0	0	0	0	0	1	0	0	1	0	0	0	0	0	0
810_811	ATCACGATCGTCTGAA-12	0	0	0	0	0	0	1	0	0	0	0	0	0	0	0	0	0	0	0	0
810_811	ACACCAAAGGAGTTTA-12	0	0	0	0	0	0	0	0	0	0	0	0	1	0	0	0	0	0	0	0
810_811	ATCTGCCCAGGGAGAG-12	0	0	0	0	0	0	0	0	0	0	0	0	0	0	0	0	0	0	1	0
810_811	AGGGTGATCGCTTAGA-12	0	0	0	0	0	0	0	0	0	0	0	0	0	0	0	0	0	1	0	0
810_811	AGGCCGTTCCCTCTTT-12	1	0	0	0	0	0	1	0	0	0	0	0	0	0	0	0	0	0	0	1
810_811	ATCATGGGTGCAGACA-12	0	0	0	0	0	0	0	0	0	0	0	0	0	0	0	0	0	0	0	0
810_811	CCCTCCTAGCGATAGC-12	0	0	0	0	0	0	0	0	0	0	0	0	0	1	0	0	0	0	0	0
810_811	CGTAGGCCACGGTAGA-12	0	0	0	0	0	0	1	0	0	0	1	0	0	0	0	0	0	0	0	1
810_811	CGTAGCGGTCTAACGT-12	0	0	0	0	0	0	1	0	0	0	0	0	0	0	0	0	0	1	0	0
810_811	CGGAGTCCAATGTAAG-12	0	0	0	0	0	0	0	0	0	0	0	0	0	0	0	1	0	0	0	0
810_811	CGGACTGGTGAGCGAT-12	0	0	0	1	0	1	2	0	0	0	1	0	0	1	0	0	0	1	0	0
810_811	TGGACGCCAAGCCCAC-12	0	0	0	0	0	0	0	0	0	0	0	0	1	0	0	0	0	0	0	0
810_811	ACTTTCACATCATCCC-12	0	0	0	0	0	0	0	0	0	0	0	0	0	0	0	0	0	0	0	0
810_811	TGGGCGTTCAGTCCCT-12	0	0	0	0	0	1	0	0	0	0	0	0	1	0	0	0	0	0	0	0
810_811	CGCTGGAGTTCAGCGC-12	0	0	0	0	0	0	0	0	0	0	0	0	1	0	0	0	0	0	0	0
810_811	TGTCCCAGTACCGCTG-12	0	0	0	0	0	0	0	0	0	0	0	0	0	1	0	0	0	0	0	0
810_811	TTAACTCGTATGAAAC-12	0	0	0	0	0	0	0	0	0	0	0	0	0	0	0	0	0	0	0	0
810_811	AGAGTGGAGAAGGCCT-12	0	0	0	0	0	0	0	0	0	0	0	0	1	0	0	1	0	0	0	0
810_811	CCCATACAGGCCCGTT-12	0	0	0	0	1	0	1	0	0	0	0	0	0	0	0	0	0	1	0	1
810_811	CCTTACGCACAACTGT-12	0	0	0	0	0	0	1	0	0	0	0	0	0	0	0	0	0	0	0	0
810_811	AGCCTAATCCAGAAGG-12	0	0	0	0	0	0	0	0	0	0	0	0	1	0	0	0	0	0	0	0
810_811	AACGTTGCATGAAGTA-12	0	0	0	0	0	0	0	0	0	0	1	0	0	0	0	0	0	1	1	0
810_811	TTTGGTTTCAGAGCTT-12	0	0	0	0	0	0	0	0	0	0	0	0	0	0	0	0	0	0	0	0
810_811	AAACGGGCACCAGGCT-12	1	0	0	0	0	0	0	0	0	0	0	0	1	0	0	1	0	0	0	0
810_811	CCTCTGACAAGGGTCA-12	0	0	0	0	0	0	0	0	0	0	0	0	0	0	0	0	0	0	0	0
810_811	AGGCCACGTAGCGTCC-12	0	0	0	0	0	0	1	0	0	0	0	0	0	0	0	0	0	0	1	0
810_811	ACGAGGATCTGTCTAT-12	0	0	0	0	0	0	0	0	0	0	0	0	0	0	0	0	0	0	0	0
810_811	ACGATGTAGTCCGTAT-12	0	0	0	0	1	0	0	0	0	0	0	0	0	0	0	0	0	0	0	0
811_812	GCGCGATGTTCGGCAC-12	0	0	0	1	0	0	0	0	0	0	0	0	0	0	0	0	0	0	0	0
811_812	AGGCCGTCACACCGAC-12	0	0	0	0	0	0	0	0	0	0	0	0	0	0	0	0	0	0	0	0
811_812	GGGATGAGTGGGTATG-12	0	0	0	0	0	0	1	0	0	0	0	0	1	0	0	0	0	1	0	0
811_812	GCTTCCACAATGTTGC-12	0	0	0	0	0	0	0	0	0	0	0	0	0	0	0	1	0	0	0	0
811_812	GGATTACAGGTGCAAC-12	0	0	0	0	0	1	0	0	0	0	0	0	0	0	0	0	0	1	0	0
811_812	ACTGTCCTCAACGAAA-12	0	0	0	0	0	0	0	0	0	0	0	0	0	0	0	0	0	0	0	0
811_812	GCCTCTAAGTAACCCT-12	0	0	0	0	0	0	0	0	0	0	0	0	0	0	0	0	0	0	0	0
811_812	ACTGAGTCAGTAACGG-12	0	0	0	0	0	0	3	0	0	0	0	0	0	0	0	0	0	0	1	0
811_812	AGAGCGACAGCTCCGA-12	0	0	0	0	0	0	0	0	0	0	0	0	0	0	0	0	0	1	0	0
811_812	GCGCGATTCTGGCGTG-12	0	0	0	0	0	0	0	0	0	0	0	0	1	0	0	0	0	1	0	0
811_812	ACCTTTACAATGTAAG-12	0	0	0	0	0	1	0	0	0	0	1	0	0	0	0	0	0	0	0	0
811_812	GCCAAATTCTGCTGCT-12	0	0	0	0	0	0	0	0	0	0	0	0	0	0	0	0	0	0	0	0
811_812	GGACAGATCCGTCAAA-12	0	0	0	0	0	0	0	0	0	0	0	0	0	0	0	1	0	1	0	0
811_812	CGTCCATTCTCGAGTA-12	0	0	0	0	0	0	0	0	0	0	0	0	0	0	0	0	0	0	0	0
811_812	GATTCAGAGTAGTGCG-12	0	0	0	0	0	0	0	0	0	0	0	0	0	0	0	0	0	0	1	0
811_812	CGTTGGGTCATAACCG-12	0	0	0	0	0	0	0	0	0	0	0	0	1	0	0	0	0	0	0	0
811_812	CGATCGGGTCTCTCGT-12	0	0	0	0	0	0	0	0	0	0	0	0	0	0	0	0	0	0	0	0
811_812	CGAGCACGTTCCACGG-12	0	0	0	0	0	0	0	0	0	0	0	0	0	0	0	0	0	0	0	0
811_812	CCTTCCCGTCTTGCGG-12	0	0	0	0	0	0	0	0	0	0	0	0	0	0	0	0	1	0	0	0
811_812	CTAGCCTTCGGTCCGA-12	0	0	0	0	0	0	0	0	0	0	0	0	0	0	0	0	0	0	0	0
811_812	CCTCAGTGTTGAGTTC-12	0	0	0	0	0	0	0	0	0	0	0	0	0	0	0	0	0	0	0	0
811_812	CCTAGCTTCCTGCAGG-12	0	0	0	0	0	0	0	0	0	0	0	0	0	0	0	0	0	0	0	0
811_812	CCTAGCTGTTCAGTAC-12	0	0	0	0	0	0	0	0	0	0	0	0	0	0	0	0	0	0	0	0
811_812	CCTACACAGTGGACGT-12	0	0	0	0	0	0	0	0	0	0	0	0	0	0	0	0	0	0	0	0
811_812	AAAGTAGCATCTACGA-12	0	0	0	0	0	0	0	0	0	0	0	0	0	0	0	0	0	1	0	0
811_812	CCGTGGAGTCTCAACA-12	0	0	0	0	0	0	0	0	0	0	0	0	0	0	0	0	0	0	0	0
811_812	CTGCCTACAATGTAAG-12	0	0	0	0	0	1	0	0	0	0	0	0	0	0	0	0	0	0	0	1
811_812	CCCAGTTCAAGGTTCT-12	0	0	0	0	0	0	0	0	0	0	0	0	0	0	0	0	0	0	0	0
811_812	CCATGTCGTGCGGTAA-12	0	0	0	0	0	2	0	0	0	0	0	0	0	0	0	0	0	1	0	0
811_812	CCACCTACAGAGCCAA-12	0	0	0	0	1	0	0	0	0	0	0	0	0	0	0	0	0	0	0	0
811_812	CTTAGGAAGGCTAGCA-12	0	0	0	0	0	0	0	0	0	0	0	0	0	0	0	0	0	0	0	0
811_812	AACTCCCCACTTCGAA-12	0	0	0	0	1	0	0	0	0	0	0	0	0	0	0	0	0	0	0	0
811_812	CAGCTGGTCTCGCATC-12	0	0	0	0	0	0	0	0	0	0	1	0	0	0	0	0	0	0	1	0
811_812	CAGCCGAAGCTAACAA-12	0	0	0	0	0	0	0	0	0	0	0	0	0	0	0	0	0	0	0	0
811_812	CAGAGAGTCAGAAATG-12	0	0	0	0	0	0	0	0	0	0	0	0	0	0	0	0	0	0	0	0
811_812	GAACATCCACCATCCT-12	0	0	0	0	0	0	0	0	0	0	0	0	1	0	0	0	0	0	1	0
811_812	CAACCTCCAGACACTT-12	0	0	0	0	0	0	1	0	0	0	0	0	0	0	0	0	0	2	0	0
811_812	AACTCTTCATTTGCTT-12	0	0	0	0	0	0	0	0	0	0	0	0	0	0	0	0	0	1	0	0
811_812	AAGGAGCGTTATCCGA-12	0	0	0	0	0	0	0	0	0	0	0	0	0	0	0	0	0	0	0	0
811_812	ATGAGGGCAAACTGTC-12	0	0	0	0	0	0	0	0	0	0	0	0	0	0	0	0	0	0	1	0
811_812	AATCGGTTCTCCCTGA-12	0	0	0	0	0	0	0	0	0	0	0	0	0	0	0	0	0	0	0	0
811_812	CGGACGTCAGCAGTTT-12	0	0	0	0	0	0	0	0	0	0	0	0	0	0	0	0	0	0	0	0
811_812	GCAGTTATCCGAATGT-12	0	0	0	0	0	0	0	0	0	0	0	0	0	0	0	0	0	0	0	0
811_812	TGGGCGTTCGCCTGTT-12	0	0	0	0	0	0	1	0	0	0	0	0	0	0	0	0	0	0	0	0
811_812	TCACAAGAGTTATCGC-12	0	0	0	0	0	0	0	0	0	0	0	0	1	0	0	0	0	0	0	0
811_812	GTAGTCAAGTGCCATT-12	0	0	0	0	0	0	0	0	0	0	0	0	0	0	0	0	0	0	0	0
811_812	TCAGATGCAATCGAAA-12	0	0	0	0	0	0	0	0	0	0	0	0	1	0	0	0	0	0	0	0
811_812	GTCGGGTAGAGACGAA-12	0	0	0	0	0	0	0	0	0	0	0	0	0	0	0	0	0	0	0	0
811_812	TGTGTTTCAGCTGCTG-12	0	0	0	0	0	0	0	0	0	0	0	0	0	0	0	0	0	0	0	0
811_812	GTCAAGTAGCGCTCCA-12	0	0	0	0	0	0	0	0	0	0	0	0	0	0	0	0	0	0	0	0
811_812	TAGTGGTCAAGGTTCT-12	0	0	0	0	0	0	0	0	0	0	0	0	0	0	0	0	0	0	0	0
811_812	TTAGGCATCTTGACGA-12	0	0	0	0	0	0	0	0	0	0	0	0	0	0	0	0	0	2	0	0
811_812	GTCACGGAGATGTTAG-12	0	0	0	0	0	0	0	0	0	0	0	0	0	0	0	0	0	0	0	0
811_812	GTGCGGTAGTATTGGA-12	0	0	0	0	0	0	0	0	0	0	0	0	0	0	0	0	0	0	0	0
811_812	GGTGCGTCAGTCGATT-12	0	0	0	0	0	0	0	0	0	0	0	0	0	0	0	0	0	0	0	0
811_812	TGATTTCTCTCAAACG-12	0	0	1	0	0	0	0	0	0	0	0	0	0	0	0	0	0	0	0	0
811_812	TTCTCCTGTAGCTAAA-12	0	0	0	0	0	0	0	0	0	0	0	0	0	0	0	0	0	1	0	0
811_812	TAGGCATGTAACGACG-12	0	0	0	0	1	1	0	0	0	0	1	0	0	0	0	0	0	0	0	0
812_813	CTAAGACTCCTTTCTC-12	0	0	0	0	0	0	0	0	0	0	0	0	0	0	0	0	0	0	0	0
812_813	CACAAACAGGGATACC-12	0	0	0	0	0	0	0	0	0	0	2	0	0	0	0	0	0	0	0	0
812_813	ATTCTACAGGAGTCTG-12	0	0	0	0	0	0	1	0	0	0	1	0	0	0	0	0	0	1	0	0
812_813	TCTGAGACACGACGAA-12	0	0	0	0	0	0	0	0	0	0	0	0	1	0	0	0	0	0	0	0
812_813	CTAAGACTCACATGCA-12	0	0	0	0	0	0	0	0	0	0	0	0	1	0	0	0	0	0	0	0
812_813	CACAAACGTCTTGATG-12	0	0	0	0	0	0	0	0	0	0	0	0	0	0	0	0	0	0	0	0
812_813	ATTCTACAGATATACG-12	0	0	0	0	0	0	0	0	0	0	0	0	0	0	0	0	0	0	0	2
812_813	ATTACTCAGCTTCGCG-12	0	0	0	0	0	0	1	0	0	0	0	0	0	0	0	0	0	0	0	0
812_813	TCACAAGCAGTTAACC-12	0	0	0	0	0	0	0	0	0	0	0	0	0	0	0	0	0	0	0	0
812_813	CAACCAAAGGCGACAT-12	0	0	0	0	0	0	0	0	0	0	0	0	0	0	0	0	0	0	0	0
812_813	CATGACATCTAGAGTC-12	1	0	0	0	0	0	0	0	0	0	0	0	0	0	0	0	0	0	0	0
812_813	ATCATGGAGACGCAAC-12	0	0	0	0	0	0	0	0	0	0	1	0	0	0	0	0	1	3	0	0
812_813	CGTTCTGTCTCACATT-12	0	0	0	0	0	0	0	0	0	0	0	0	0	0	0	0	0	0	0	1
812_813	ATAGACCCAGCCTATA-12	0	0	0	0	1	0	0	0	0	0	0	0	0	0	0	1	0	0	1	0
812_813	TATTACCAGTGACTCT-12	0	0	0	0	0	0	0	0	0	0	0	0	1	0	0	0	0	0	0	0
812_813	ATAACGCTCTTCAACT-12	0	0	0	0	0	0	1	0	0	0	0	0	1	0	0	0	0	0	0	0
812_813	AGTGGGAGTAAACCTC-12	0	0	0	0	0	0	0	0	0	0	0	0	0	0	0	0	0	0	0	0
812_813	AGTGAGGTCGGTGTTA-12	0	0	0	0	0	0	0	0	0	0	0	0	0	0	0	0	0	0	0	0
812_813	CTCAGAACAGCTCCGA-12	0	0	0	0	0	0	0	0	0	0	0	0	0	0	0	0	1	0	1	0
812_813	TAGCCGGAGCTTCGCG-12	0	0	0	0	0	0	0	0	0	0	0	0	0	0	0	0	0	1	0	0
812_813	TAGAGCTGTATCGCAT-12	0	0	0	0	0	0	0	0	0	0	0	0	1	0	0	0	0	0	0	0
812_813	AGGTCCGTCCCAACGG-12	0	0	0	0	1	0	0	0	0	0	0	0	0	0	0	1	0	0	0	0
812_813	AGATCTGTCCGAGCCA-12	0	0	0	0	0	0	1	0	0	0	0	0	0	0	0	0	0	1	0	0
812_813	TACTCGCAGTACTTGC-12	1	0	0	0	0	0	0	0	0	0	0	0	0	0	0	0	0	0	0	0
812_813	TACGGTAAGAGCAATT-12	0	0	0	0	0	0	0	0	0	1	0	0	1	0	0	0	0	0	0	0
812_813	CTACGTCGTGTTTGTG-12	0	0	0	0	0	0	0	0	0	0	0	0	0	0	0	0	1	0	0	0
812_813	CGTTCTGAGTCTTGCA-12	0	0	0	0	1	1	1	0	0	0	0	0	0	0	1	0	0	0	0	0
812_813	CAGAGAGAGCTTCGCG-12	0	0	0	0	0	0	0	0	0	0	0	0	0	1	0	0	0	0	0	0
812_813	CGTGTAAAGGCTCTTA-12	0	0	0	0	0	0	0	0	0	0	0	0	0	0	0	0	0	0	0	0
812_813	CCTAAAGAGATAGTCA-12	0	0	0	0	0	0	0	0	0	0	0	0	0	0	0	0	0	0	0	0
812_813	CCGGGATTCGAATGGG-12	0	0	0	0	0	0	0	0	0	0	0	0	0	0	0	0	0	0	0	0
812_813	TTCTCCTCAGCAGTTT-12	0	0	0	0	0	0	0	0	0	0	0	0	0	0	0	0	0	0	0	0
812_813	CGACCTTGTTCAGTAC-12	0	0	0	0	0	0	0	0	0	0	0	0	0	0	0	0	0	0	0	0
812_813	CGACTTCAGTTGTAGA-12	0	0	0	0	0	0	1	0	0	0	0	0	0	0	1	0	0	0	0	0
812_813	CGAGCACAGTGGGATC-12	0	0	0	0	0	0	0	0	0	0	0	0	0	0	0	0	0	0	0	0
812_813	TTCCCAGAGTCGTTTG-12	0	0	0	0	0	0	0	0	0	0	0	0	0	0	0	0	0	0	0	0
812_813	TTAGGACTCAAAGACA-12	0	0	0	0	1	1	0	0	0	0	0	0	0	0	0	1	0	0	0	0
812_813	CGCGTTTTCGGAGGTA-12	0	0	0	0	0	0	0	0	0	0	0	0	0	0	0	0	0	0	0	0
812_813	CCCTCCTGTTACTGAC-12	0	0	0	0	0	0	0	1	0	0	0	0	0	1	0	0	0	0	0	0
812_813	CCCTCCTCACACGCTG-12	0	0	0	1	0	0	1	0	0	0	0	0	0	0	0	0	0	0	0	0
812_813	CCCTCCTCAAGTAGTA-12	0	0	0	0	0	0	0	0	0	0	0	0	0	0	0	0	0	0	0	0
812_813	TGTGGTACAGTAGAGC-12	0	0	0	0	0	0	0	0	0	0	1	0	0	0	0	0	0	0	0	0
812_813	TGTATTCCATGTTGAC-12	0	0	0	0	0	0	0	0	0	0	0	0	1	0	0	0	0	1	0	0
812_813	CCCTCCTAGCCACTAT-12	0	0	0	0	0	0	1	0	0	0	0	0	0	0	0	0	0	0	0	0
812_813	TGCTGCTTCACGCGGT-12	0	0	0	0	0	0	0	0	0	0	0	0	0	0	0	0	0	0	0	0
812_813	CATCGGGAGACATAAC-12	0	0	0	0	0	0	1	0	0	0	2	0	0	0	0	0	0	0	0	0
812_813	CGGCTAGGTCTGATCA-12	0	0	0	0	0	0	0	0	0	0	0	0	0	0	0	0	0	0	0	0
812_813	CATATTCGTAGAGCTG-12	0	0	0	0	0	0	1	0	0	0	0	0	0	0	0	0	0	0	1	0
812_813	TGCGTGGTCCTTAATC-12	0	0	0	0	0	0	0	0	0	0	0	0	0	0	0	0	0	1	0	0
812_813	CATATTCCAAGCGTAG-12	0	0	0	0	0	1	0	0	0	0	0	0	1	1	0	1	0	0	0	0
812_813	TGCGGGTTCAATAAGG-12	0	0	0	0	0	0	0	0	0	0	0	0	0	0	0	0	1	0	0	0
812_813	CGTCAGGAGCTGTCTA-12	0	0	0	0	0	0	0	0	0	0	1	0	0	1	0	0	0	0	0	0
812_813	TGCGGGTGTCTCTCGT-12	0	0	0	0	0	0	0	0	0	0	0	0	0	1	0	0	0	0	0	0
812_813	CGTCCATGTAGTAGTA-12	0	0	0	0	0	1	2	0	0	0	0	0	0	0	0	0	0	0	0	0
812_813	CGTCCATGTCGTGGCT-12	0	0	0	0	0	0	0	0	0	0	1	0	0	0	0	0	0	0	0	0
812_813	CTTTGCGCAGTAAGCG-12	0	0	0	0	0	0	0	0	0	0	0	0	0	0	0	0	0	0	0	0
812_813	CGTCTACTCGGTCTAA-12	0	0	0	0	0	0	0	0	0	0	0	0	1	0	0	0	0	0	0	0
812_813	CACATTTCAGCCTGTG-12	0	0	0	0	0	0	0	0	0	0	0	0	0	0	0	0	0	0	0	0
812_813	CACATAGTCTGGTATG-12	0	0	0	0	0	0	0	0	0	0	0	0	1	0	0	0	0	0	0	0
812_813	ACGATGTGTACAGACG-12	0	0	0	0	0	0	1	0	0	0	0	0	0	0	0	1	0	0	0	0
812_813	AGGGTGACAGATCCAT-12	0	0	0	0	0	0	0	0	0	0	0	0	1	0	0	0	0	0	0	0
812_813	TTGCCGTGTCCATCCT-12	0	0	0	0	0	0	0	0	0	0	0	0	0	0	0	0	0	1	0	0
812_813	AAACCTGCATTGGTAC-12	0	0	0	0	0	0	0	0	0	0	0	0	0	0	0	0	0	0	0	0
812_813	GAATGAAGTACAGCAG-12	0	0	0	0	0	0	0	0	0	0	0	0	0	0	0	0	0	0	0	0
812_813	GTCGGGTTCAACCAAC-12	0	0	0	0	0	1	0	0	0	0	0	0	0	0	0	0	0	0	0	0
812_813	GCAGTTATCCGCATCT-12	0	0	0	0	0	1	0	0	0	0	0	0	0	0	0	0	0	0	0	0
812_813	AAACGGGCACGTCTCT-12	0	0	0	0	0	0	0	0	0	0	0	0	0	0	0	0	0	0	0	0
812_813	AAGGCAGGTCTGATTG-12	0	0	0	0	0	1	0	0	0	0	1	0	0	0	0	0	0	0	0	0
812_813	AACTCTTTCCGAACGC-12	0	0	0	0	0	0	0	0	0	0	0	0	0	0	0	0	0	0	0	0
812_813	GTGTGCGCACTCGACG-12	0	0	0	0	0	0	0	0	0	0	0	0	0	0	0	0	0	0	0	0
812_813	GACCTGGTCAGCATGT-12	0	0	0	0	0	0	0	0	0	0	0	0	0	0	0	0	0	0	0	0
812_813	GTTCTCGGTCGCTTTC-12	0	0	0	0	0	0	0	0	0	0	0	0	0	0	0	0	0	0	0	0
812_813	ACGATACGTATCGCAT-12	0	0	0	0	0	1	0	0	0	0	0	0	0	0	0	0	0	0	0	0
812_813	GATGAGGAGCGATATA-12	0	0	0	0	0	0	0	0	0	0	0	0	0	0	0	0	0	0	0	0
812_813	AACTGGTAGCCTTGAT-12	0	0	0	0	0	0	0	0	0	0	0	0	0	0	0	0	0	1	0	0
812_813	AAATGCCTCATGTAGC-12	0	0	0	0	0	0	0	0	0	0	0	0	0	0	0	0	0	0	0	0
812_813	GACCTGGGTTATCGGT-12	0	0	0	0	0	0	0	0	0	0	0	0	0	0	0	0	0	0	0	1
812_813	GTAGGCCTCCAAAGTC-12	0	0	0	0	0	0	0	0	0	0	0	0	0	0	0	0	0	0	1	0
812_813	GACGTGCGTGTCGCTG-12	0	0	0	0	0	0	1	0	0	0	0	0	0	0	0	1	0	0	1	0
812_813	GTACTCCAGGCAGTCA-12	0	0	0	0	0	0	0	0	0	0	0	0	0	0	0	0	0	0	0	0
812_813	GGGTTGCCATAGAAAC-12	0	0	0	0	0	0	0	0	0	0	0	0	0	0	0	0	1	0	0	0
812_813	GGGTTGCGTCATTAGC-12	0	0	0	0	0	0	2	0	0	0	1	0	0	0	0	0	0	0	0	0
812_813	GAACATCTCTTACCTA-12	0	0	0	0	0	0	0	0	0	0	2	0	0	0	0	0	0	0	0	0
812_813	TAAGTGCAGCACAGGT-12	0	0	0	0	1	0	0	0	0	0	0	0	0	0	0	0	0	1	0	0
812_813	GGCAATTTCGCATGAT-12	0	0	0	0	0	0	0	0	0	0	0	0	1	0	0	0	0	1	0	0
812_813	TACCTATAGGCGCTCT-12	0	0	0	0	0	0	0	0	0	0	0	0	0	0	0	0	0	0	0	0
812_813	ACACCAAAGTTGTAGA-12	0	0	0	0	0	0	0	0	0	0	0	0	1	0	0	0	0	0	0	0
812_813	ACATACGGTCTTCGTC-12	0	0	0	0	0	0	0	0	0	0	0	0	1	0	0	0	0	1	0	0
812_813	GGATTACAGCCGATTT-12	0	0	0	0	0	0	1	0	0	0	0	0	0	0	0	0	0	0	0	0
812_813	ACAGCTAGTCAGGACA-12	0	0	0	0	0	0	0	0	0	0	0	0	1	0	0	0	0	0	1	0
812_813	GGCAATTGTAAACGCG-12	0	0	0	0	0	1	0	0	0	0	0	0	0	0	0	0	0	0	1	0
823_824	CATCGGGAGCTTCGCG-10	0	0	0	0	0	1	0	0	0	0	0	0	0	0	0	0	0	0	0	0
823_824	GCAGTTACAAGCGCTC-10	0	0	0	0	0	0	0	0	0	0	0	0	0	1	0	0	0	0	0	0
823_824	ACCAGTAAGGGTATCG-10	0	0	0	0	0	0	1	0	0	0	0	0	0	0	0	0	0	2	0	1
823_824	GCATACACACCGAAAG-10	0	0	0	0	0	0	0	0	0	0	0	0	0	0	0	1	0	0	0	0
823_824	GGGCATCCACCAGTTA-10	0	0	0	0	0	0	0	0	0	0	0	0	0	0	0	0	0	0	0	0
823_824	CGTTGGGGTATCAGTC-10	0	0	0	0	0	1	0	0	0	0	0	0	0	0	0	0	0	1	0	0
823_824	TGCTACCGTGATAAGT-10	0	0	0	1	0	0	0	0	0	0	0	0	0	0	0	0	0	0	0	0
823_824	GAAGCAGAGACTGGGT-10	0	0	0	0	0	0	0	0	0	0	0	0	0	0	0	0	0	0	0	0
823_824	CCCAATCTCAGTTAGC-10	0	0	0	0	0	0	0	0	0	0	0	0	0	0	0	1	0	0	1	1
823_824	GACCTGGTCTTGTATC-10	0	0	0	0	0	0	0	0	0	0	0	0	1	0	0	0	0	0	0	0
823_824	CAGAGAGCATTTCAGG-10	0	0	0	0	0	0	0	0	0	0	0	0	0	0	0	0	0	0	0	0
823_824	GAGGTGAGTTCTGGTA-10	0	0	0	0	0	0	0	0	0	0	0	0	0	0	0	0	0	2	0	0
823_824	CAACCTCGTTAGTGGG-10	0	0	0	0	0	1	1	0	0	0	0	0	0	0	0	1	0	3	0	0
823_824	TTAGGCAAGCTGCCCA-10	0	0	0	0	0	0	0	0	0	0	0	0	0	0	0	0	0	1	0	1
823_824	CGGACACCAGACGCTC-10	0	0	0	0	0	0	0	0	0	0	0	0	0	0	0	0	0	0	0	0
823_824	AGATCTGCATCTATGG-10	0	0	0	0	0	0	0	0	0	0	0	0	0	1	0	0	0	0	0	0
823_824	ATTGGACAGACTCGGA-10	0	0	0	0	0	0	0	0	1	0	0	0	0	0	0	0	0	0	0	0
823_824	CGAGAAGTCTTGCAAG-10	0	0	0	0	0	0	0	0	0	0	0	0	0	0	0	0	0	0	0	0
823_824	GTCTCGTCATATGCTG-10	0	0	0	0	0	0	0	0	0	0	0	0	2	0	0	0	0	0	0	0
823_824	AAATGCCCATGTAGTC-10	0	0	0	0	0	0	0	0	0	0	0	0	0	0	1	0	0	0	0	0
823_824	CCTACCAAGAGTGACC-10	0	0	0	0	0	0	2	0	0	0	0	0	0	0	0	0	0	1	0	0
823_824	CACCTTGAGATCCCAT-10	0	0	0	0	0	0	0	0	0	0	0	0	0	0	0	0	0	0	0	0
823_824	CCTACACTCCACTCCA-10	0	0	0	0	0	0	0	0	0	0	0	0	1	0	0	0	0	0	0	0
823_824	AGGCCACTCCACGAAT-10	0	0	0	0	0	0	0	0	0	0	0	0	0	0	0	0	0	0	0	0
823_824	GGGTTGCTCATACGGT-10	0	0	0	0	0	0	0	0	0	0	0	0	0	0	0	0	0	0	1	0
823_824	CCTACACAGGTCATCT-10	0	0	0	0	0	0	0	0	0	0	0	0	0	0	0	1	0	0	0	0
823_824	CCGTACTCACTAGTAC-10	0	0	0	0	0	0	1	0	0	0	0	0	0	0	0	0	0	0	0	0
823_824	GTGCAGCTCAAACGGG-10	0	0	0	0	0	1	1	0	0	0	1	0	0	0	0	0	0	0	0	0
823_824	CGGACACAGACAAGCC-10	0	0	0	0	0	0	0	0	0	0	0	0	0	0	0	0	0	0	0	0
823_824	TAAGAGAGTCCCTTGT-10	0	0	0	0	0	0	6	0	1	0	1	0	0	1	0	0	0	0	1	0
823_824	CATCCACCAATTGCTG-10	0	0	0	0	0	0	0	0	0	0	0	0	0	0	0	1	1	0	0	1
823_824	AACTCAGCATGTCCTC-10	0	0	0	0	0	0	1	0	1	0	0	0	0	0	0	0	0	0	0	0
823_824	GTCATTTGTGTTGAGG-10	0	0	0	0	0	0	0	0	0	0	0	0	0	1	0	0	0	3	0	0
823_824	TGACAACAGGTAGCTG-10	0	0	0	0	0	0	0	0	0	0	0	0	0	0	0	1	0	0	0	0
823_824	AAGTCTGTCTTGCCGT-10	0	0	0	0	0	0	0	0	0	0	0	0	0	0	0	0	0	0	0	0
823_824	TATGCCCGTCTTCGTC-10	0	0	0	0	0	0	0	0	0	0	0	0	0	0	0	0	0	0	0	0
823_824	TCTGGAATCATAACCG-10	0	0	0	0	0	0	0	0	0	0	0	0	0	0	0	0	0	0	0	0
823_824	TTGGAACGTGTAATGA-10	0	0	0	0	1	0	0	0	0	0	0	0	0	0	0	0	0	1	0	0
823_824	ACGCAGCGTGACTACT-10	0	0	0	0	0	0	1	0	0	0	0	0	0	0	0	1	0	0	2	0
823_824	TTGCCGTCAGCTTCGG-10	0	0	0	0	0	0	0	0	0	0	0	0	0	0	0	0	0	1	0	0
823_824	TCGGTAATCGGAAACG-10	0	0	0	0	0	0	0	0	0	0	0	0	0	0	0	0	0	0	0	0
823_824	TTCTTAGAGTGTTAGA-10	0	0	0	0	0	0	1	0	1	1	1	0	0	0	0	0	0	0	0	0
823_824	TCAGGATCAGGTCGTC-10	0	0	0	0	0	0	0	0	0	0	0	0	0	0	0	0	0	0	0	0
823_824	TCATTACCATTACCTT-10	0	0	0	0	0	0	0	0	0	0	0	0	0	0	1	0	0	0	0	0
824_825	AGCTCTCTCGTCTGCT-10	0	0	0	0	0	1	0	0	0	0	0	0	0	0	0	0	0	0	0	0
824_825	AGTGGGACAGACAAAT-10	0	0	0	0	0	0	0	0	0	0	0	0	0	0	0	0	0	0	0	0
824_825	CTCTACGAGATCCTGT-10	0	0	0	0	0	0	0	0	0	0	0	0	0	0	0	0	0	0	0	0
824_825	AGTTGGTTCGCGATCG-10	0	0	0	0	0	2	0	0	0	0	0	1	0	0	0	0	0	1	0	0
824_825	ATGGGAGGTTGTGGAG-10	0	0	0	0	0	0	0	0	0	0	0	0	0	0	0	0	1	0	0	0
824_825	ATGGGAGTCTGGTGTA-10	0	0	0	0	0	0	0	0	0	0	0	0	0	0	0	1	0	0	0	0
824_825	CGTAGCGTCTGGGCCA-10	0	0	0	0	0	0	0	0	0	0	0	0	1	0	0	0	0	0	0	0
824_825	GTCACGGCATTCTCAT-10	0	0	0	0	0	0	0	0	0	0	0	0	0	0	0	0	0	0	0	0
824_825	ATTACTCGTCTGCCAG-10	0	0	0	0	0	0	1	0	0	0	0	0	0	0	0	0	0	1	0	0
824_825	ATTATCCCACAAGTAA-10	0	0	0	0	0	0	0	0	0	0	0	0	1	0	0	0	0	0	0	0
824_825	ATTATCCCAGTTAACC-10	0	0	0	0	0	0	0	0	0	0	0	0	0	0	0	0	0	1	0	0
824_825	ATTATCCCATGTAGTC-10	0	0	0	0	0	1	0	0	0	0	0	0	1	0	0	0	0	1	0	0
824_825	CGTCACTGTATAGGTA-10	1	0	0	0	0	0	0	0	0	0	0	0	0	0	0	1	0	0	0	0
824_825	ATAACGCAGCGATGAC-10	0	0	0	0	0	0	0	0	0	0	1	0	0	0	0	0	0	0	1	0
824_825	CGGACACCAGCGTCCA-10	0	0	0	0	0	2	0	0	0	0	0	0	1	0	0	0	0	0	0	0
824_825	AGTGGGACAGGGTACA-10	0	0	0	0	1	0	0	0	0	0	0	0	1	0	0	0	1	0	0	0
824_825	CGGTTAAAGGAGCGAG-10	0	0	0	0	0	1	1	0	0	0	0	0	0	0	0	1	0	2	0	0
824_825	ATCCACCTCCTCATTA-10	0	0	0	0	0	0	0	0	0	0	0	0	0	0	0	0	0	0	0	0
824_825	GTCACAAGTAGCTAAA-10	0	0	0	0	0	0	0	0	0	0	0	0	0	0	0	0	0	0	0	0
824_825	CTAATGGCAGATGGCA-10	0	0	0	0	0	2	1	0	0	0	0	0	0	0	0	0	0	0	0	0
824_825	CTTAGGAGTTACTGAC-10	0	0	0	0	0	0	1	0	0	0	0	0	0	0	0	0	0	0	0	0
824_825	AGGGAGTCAGCCTGTG-10	0	0	0	0	0	0	0	0	0	0	0	0	0	0	0	0	0	0	0	0
824_825	ATCCACCGTACCATCA-10	0	0	0	0	0	0	1	0	0	0	0	0	0	0	0	0	0	0	0	0
824_825	CTAAGACAGCTTTGGT-10	0	0	0	0	0	1	0	0	0	0	0	0	0	0	0	0	0	0	0	0
824_825	CTTCTCTAGTGCCAGA-10	0	0	0	0	0	0	0	0	0	0	0	0	0	0	0	0	0	0	0	0
824_825	AGGGTGACACCCTATC-10	0	0	0	0	0	0	1	0	0	0	0	0	0	0	0	0	0	1	0	0
824_825	ATCCACCCATGCATGT-10	0	0	0	0	0	1	0	0	0	0	0	0	0	0	0	0	0	1	0	0
824_825	CTGTGCTGTCTAGCCG-10	0	0	0	0	0	1	0	0	0	0	0	0	0	0	0	0	0	1	0	0
824_825	ATCTGCCCAGCTGTGC-10	0	0	0	0	0	0	0	0	0	0	0	0	0	0	0	0	0	0	0	0
824_825	CGTCAGGCAGGTCCAC-10	0	0	0	0	0	0	0	0	0	0	0	0	1	0	0	0	0	0	0	0
824_825	ATCTGCCGTGCAGGTA-10	0	0	0	0	0	0	0	0	0	0	0	0	0	0	0	0	0	0	0	1
824_825	CTGCGGAGTCCGTGAC-10	0	0	0	0	0	0	0	0	0	0	0	0	0	0	0	0	0	0	0	0
824_825	GTCCTCATCCTATGTT-10	0	0	0	0	0	0	0	0	0	0	0	0	0	0	0	0	0	0	0	0
824_825	CTAGTGAGTCTTGATG-10	0	0	0	0	0	0	0	0	0	0	0	0	0	0	0	0	0	0	0	0
824_825	AGTCTTTTCCAGAGGA-10	0	0	0	0	0	0	0	0	0	0	0	0	0	0	0	0	0	0	0	0
824_825	CGTGTAATCTGTTGAG-10	0	0	0	0	0	0	0	0	0	0	0	0	0	0	0	0	0	0	0	0
824_825	CTCACACTCACGCGGT-10	0	0	0	0	0	0	0	0	0	0	0	0	0	0	0	0	0	0	0	0
824_825	ATGAGGGAGAGGGATA-10	0	0	0	0	0	0	0	0	0	0	1	0	0	0	0	0	0	0	0	0
824_825	CTGATAGCACATGGGA-10	0	0	0	0	0	0	1	0	0	0	0	0	0	0	0	0	0	0	0	0
824_825	GAAACTCGTCACACGC-10	0	0	0	0	0	0	1	0	0	0	0	0	0	0	0	0	0	0	0	0
824_825	CTCGAAATCCGTTGCT-10	0	0	0	0	0	0	0	0	0	0	0	0	0	0	0	0	0	0	0	0
824_825	CTAGCCTAGATGTTAG-10	0	0	0	0	0	0	0	0	0	0	0	0	1	0	0	0	0	0	0	0
824_825	CTCGTCATCTGGTATG-10	0	0	0	0	0	0	0	0	0	0	0	0	0	0	0	0	0	0	0	0
824_825	GTGCATACACGTCAGC-10	0	0	0	0	0	0	1	0	0	0	0	0	0	1	0	0	0	0	0	0
824_825	CGATGTACAGCGTTCG-10	0	0	0	0	0	0	0	0	0	0	0	0	0	0	0	0	0	0	0	0
824_825	TAAGAGAGTCTGCCAG-10	0	0	0	0	0	0	0	0	0	0	0	0	1	0	0	0	0	0	0	0
824_825	TACTCGCCAGCGATCC-10	0	0	0	0	0	0	0	0	0	0	0	0	0	0	0	0	0	0	0	0
824_825	TAGTGGTCACCGAATT-10	0	0	0	0	0	0	0	0	0	0	0	0	0	0	1	0	0	0	0	0
824_825	TCAGATGAGACACGAC-10	0	0	0	0	0	0	0	0	0	0	0	0	1	0	0	0	0	0	0	0
824_825	TCATTACGTGATAAAC-10	0	0	0	0	0	0	0	0	0	0	0	0	0	0	0	0	0	0	0	0
824_825	TCCCGATTCCGTAGTA-10	0	0	0	0	0	0	1	0	0	0	0	0	0	0	0	0	0	0	0	0
824_825	TCGAGGCTCAGCACAT-10	0	0	0	0	0	0	0	0	0	0	0	0	0	0	0	0	0	0	0	1
824_825	TCTGAGACATGAGCGA-10	0	0	0	1	0	0	0	0	0	0	0	0	0	0	0	0	0	0	0	0
824_825	TTTCCTCTCTTTACAC-10	0	0	0	0	0	0	0	0	0	0	0	0	0	0	0	0	0	0	0	0
824_825	TGACAACGTTTAGGAA-10	0	0	0	0	0	0	0	0	0	0	0	0	0	0	0	0	0	0	0	0
824_825	TGACGGCAGACACGAC-10	0	0	0	0	1	1	0	0	0	0	0	0	0	0	0	0	0	0	2	0
824_825	TAAACCGGTTGCTCCT-10	0	0	0	0	0	0	0	0	0	0	0	0	0	0	0	0	0	0	0	0
824_825	TGACGGCGTGCTGTAT-10	0	0	0	0	0	0	0	0	0	0	0	0	0	0	0	0	0	1	1	0
824_825	TGACTTTCAAACGCGA-10	0	0	0	0	0	0	0	0	0	0	0	0	0	0	0	0	0	0	0	0
824_825	TGAGCATAGCCCAACC-10	0	0	0	0	0	0	0	0	0	0	0	0	0	0	0	0	0	0	0	0
824_825	TGAGCCGGTTGCTCCT-10	0	0	0	0	0	0	0	0	0	0	0	0	1	0	0	0	0	0	0	0
824_825	TGCACCTAGCTGATAA-10	0	0	0	0	0	0	1	0	0	0	1	0	0	0	0	1	0	0	0	1
824_825	TTGAACGAGCCAGTTT-10	0	0	0	0	0	0	0	0	0	0	0	0	0	0	1	0	0	0	0	0
824_825	TGCGCAGTCTCACATT-10	0	0	0	0	0	0	0	0	0	0	0	0	1	0	0	0	0	0	0	0
824_825	TTCTCCTCACGAGAGT-10	0	0	0	0	0	0	1	0	0	0	0	0	0	0	0	0	0	1	0	0
824_825	TTCTACACATACGCTA-10	1	0	0	0	0	0	0	0	0	0	0	0	0	0	0	0	0	1	0	0
824_825	TGGCCAGCACGTGAGA-10	0	0	0	0	0	0	0	0	0	0	0	0	0	0	0	0	0	0	0	0
824_825	TGGCGCAGTTGAACTC-10	0	0	0	0	0	0	0	0	0	0	0	0	0	0	0	0	0	0	0	0
824_825	TTATGCTAGGCAGTCA-10	0	0	0	0	0	0	0	0	0	0	0	0	0	0	0	0	0	1	0	0
824_825	TGACTAGCATGAGCGA-10	0	0	0	0	0	0	0	0	0	0	0	0	0	0	0	0	0	0	0	0
824_825	GTTCGGGAGTTATCGC-10	0	0	0	0	0	0	0	0	0	0	0	0	0	0	0	0	0	1	0	0
824_825	GTTCATTTCACCATAG-10	0	0	0	0	0	0	0	0	0	0	0	0	0	0	0	1	0	0	0	0
824_825	GTGTTAGTCCTGCCAT-10	0	0	0	0	0	0	0	0	0	0	0	0	0	0	0	0	0	1	0	0
824_825	CGATGGCCAGCTCGCA-10	0	0	0	0	0	0	0	0	1	0	0	0	0	0	0	0	0	1	0	0
824_825	CGAGCCAGTTCACGGC-10	0	0	0	0	0	0	1	0	0	0	0	0	0	0	1	0	0	1	1	0
824_825	CACAAACCACCAGCAC-10	0	0	0	0	0	1	2	0	0	0	0	0	0	0	0	0	0	0	0	0
824_825	CCTTCCCAGGCATGGT-10	0	0	0	0	0	0	0	0	0	0	0	0	0	0	0	0	0	0	0	0
824_825	GTCTCGTGTGTTCTTT-10	0	0	0	0	0	0	0	0	0	0	0	0	0	0	0	0	0	0	0	0
824_825	CACAGTAAGCGTGAGT-10	0	0	0	0	0	0	0	0	0	0	0	0	0	0	0	0	0	0	0	0
824_825	CCTCTGATCACAATGC-10	0	0	0	0	0	0	0	0	0	0	0	0	0	0	0	0	0	0	0	0
824_825	CACATAGGTCCAAGTT-10	0	0	0	0	0	0	0	0	0	0	0	0	1	0	0	0	0	0	0	0
824_825	GTCTTCGCAAGAGGCT-10	0	0	0	0	0	0	0	0	0	0	0	0	0	0	0	0	0	0	0	0
824_825	CCTCAGTGTAAAGGAG-10	0	0	0	0	0	0	0	0	0	0	0	0	0	0	0	0	0	0	0	0
824_825	CCTACCAGTCAGGACA-10	0	0	0	0	0	0	0	0	0	0	0	0	0	0	0	0	0	0	0	0
824_825	CCTACCAGTAGGCTGA-10	0	0	0	0	0	0	0	0	0	0	0	0	0	0	0	0	0	0	0	0
824_825	CCTACACAGTGTTAGA-10	0	0	0	0	0	1	0	0	0	0	0	0	0	0	0	0	0	0	1	0
824_825	CACCTTGGTAAATGAC-10	0	0	0	0	0	0	0	0	0	0	0	0	0	0	0	0	0	0	0	0
824_825	CAGAATCAGCTCCTCT-10	0	0	0	0	0	1	2	0	0	0	0	0	0	0	0	0	0	2	0	0
824_825	CCGGTAGGTTCGCTAA-10	0	0	0	0	0	0	1	0	0	0	0	0	0	0	0	0	0	1	0	0
824_825	CCAGCGAAGCCAGTAG-10	0	0	0	0	0	0	0	0	0	0	0	0	0	0	0	0	0	0	0	0
824_825	CAGCTAATCTCTGCTG-10	0	0	0	0	0	0	0	0	0	0	0	0	0	0	0	0	0	0	0	0
824_825	CATTCGCAGTGTCCAT-10	0	0	0	0	0	0	0	0	0	0	0	0	0	0	0	0	0	1	0	0
824_825	CATGCCTTCTGCTGCT-10	0	0	0	0	0	0	1	0	0	0	1	0	0	0	0	0	0	0	0	0
824_825	CATCGAAGTCGGCATC-10	0	0	0	0	0	0	0	0	0	0	0	0	0	0	0	0	0	0	0	0
824_825	CATCAGACATCGGAAG-10	0	0	0	0	0	0	0	0	0	0	1	0	0	0	0	0	0	0	0	0
824_825	GAACATCCAGGGTACA-10	0	0	0	0	0	0	0	0	0	0	0	0	0	0	0	0	0	0	0	0
824_825	GTGCGGTTCGGATGTT-10	0	0	0	0	0	0	0	0	0	0	0	0	0	0	0	0	0	0	0	0
824_825	GTGGGTCTCCAAATGC-10	0	0	0	0	0	0	0	0	0	0	0	0	0	0	0	0	0	0	0	0
824_825	CAACCTCAGATGGCGT-10	0	0	0	0	0	0	0	0	0	0	0	0	0	0	0	0	0	0	0	0
824_825	AGCTCTCCAAAGAATC-10	0	0	0	0	0	0	1	0	0	0	0	0	0	0	0	0	0	0	0	0
824_825	CGTAGGCTCTGAGTGT-10	0	0	0	0	0	1	0	0	0	0	0	0	0	0	1	0	0	0	0	0
824_825	GACGCGTTCATAAAGG-10	0	0	0	0	0	0	0	0	0	0	0	0	0	0	0	0	0	0	0	0
824_825	ACACCGGGTCTTCTCG-10	0	0	0	0	0	0	0	0	0	0	0	0	0	0	0	0	0	0	0	0
824_825	ACGAGCCTCTAACTCT-10	0	0	0	0	0	0	0	0	0	0	0	0	0	0	0	0	0	0	0	0
824_825	GATTCAGAGCGGATCA-10	0	0	0	0	0	0	0	0	0	0	0	0	1	0	0	1	0	0	0	0
824_825	AAGCCGCGTTCAGTAC-10	0	0	0	0	0	0	0	0	0	0	0	0	0	0	0	0	0	0	0	0
824_825	GGCGACTGTGAGGGTT-10	0	0	0	0	1	1	0	0	0	0	0	0	0	0	0	1	0	2	1	0
824_825	ACAGCTAAGGATATAC-10	0	0	0	0	0	0	0	0	0	0	0	0	0	0	0	0	0	0	0	0
824_825	GCATGCGAGATGTGGC-10	0	0	0	0	0	0	0	0	0	0	0	0	0	0	0	0	0	0	0	0
824_825	ACTTGTTTCTTGTACT-10	0	0	0	0	0	0	0	0	0	0	0	0	3	0	0	0	0	1	0	0
824_825	ACTTTCAGTGCTAGCC-10	1	0	0	0	0	1	0	0	0	0	0	0	0	0	0	1	0	1	0	0
824_825	AAGACCTTCACAAACC-10	0	0	0	0	0	0	0	0	0	0	0	0	0	0	0	1	0	1	0	0
824_825	GGACAGACAGGATTGG-10	0	0	0	0	0	0	0	0	0	0	0	0	1	0	0	0	0	0	0	0
824_825	GGACAGACACGAAACG-10	0	0	0	0	0	1	0	0	0	0	0	0	0	0	0	0	0	0	0	0
824_825	AGAGCTTAGTACCGGA-10	0	0	0	0	0	0	0	0	0	0	0	0	0	0	0	1	0	0	0	0
824_825	GACGCGTTCAACTCTT-10	0	0	0	0	0	0	0	0	0	0	0	0	0	0	0	0	0	0	0	0
824_825	GATCGCGGTGAGGCTA-10	0	0	0	0	0	0	0	0	0	0	0	0	0	0	0	0	0	0	0	0
824_825	GTATCTTGTATATGGA-10	0	0	0	0	0	0	0	0	0	0	0	0	0	0	0	0	0	0	0	0
824_825	GTACTTTCAAGTTCTG-10	0	0	0	0	0	1	0	0	0	0	0	0	0	0	0	0	0	0	0	0
824_825	AAGACCTGTTACGCGC-10	0	0	0	0	0	0	1	0	0	0	0	0	0	0	0	0	0	0	0	0
824_825	AACTTTCCAGGTTTCA-10	0	0	0	0	0	0	0	0	0	0	0	0	0	0	0	0	0	0	0	0
824_825	GAATGAACACAAGTAA-10	0	0	0	0	0	0	0	0	0	0	0	0	0	0	0	0	0	1	0	0
824_825	GGCTCGAAGCCCAACC-10	0	0	0	0	0	0	0	0	0	0	0	0	0	0	0	0	0	1	0	0
824_825	ACATACGGTCACCCAG-10	0	0	0	0	0	1	0	0	0	0	0	0	0	0	0	0	0	1	0	0
824_825	GTATCTTAGACACTAA-10	0	0	0	0	0	0	0	0	0	0	0	0	0	0	0	0	0	0	0	0
824_825	AGAGCGAAGCGATTCT-10	0	0	0	0	0	0	0	0	0	0	0	0	1	0	0	0	0	0	0	0
824_825	GGCTCGACAAAGGAAG-10	0	0	0	0	0	1	0	0	0	0	0	0	0	0	0	0	0	0	0	0
824_825	GGCTCGATCTGGAGCC-10	0	0	0	0	0	0	0	0	0	0	0	0	0	0	0	0	0	0	0	0
824_825	AGAGCTTCAAACCTAC-10	0	0	0	0	0	0	0	0	0	1	0	0	0	0	0	0	0	0	0	0
824_825	GAATGAACATCTGGTA-10	0	0	0	0	0	0	0	0	0	0	0	0	0	0	0	0	0	0	0	0
824_825	GCAGCCACACAACTGT-10	0	0	0	0	0	0	0	0	0	0	0	0	0	0	0	0	0	0	0	0
824_825	GAATGAAAGCTGCGAA-10	0	0	0	0	0	0	0	0	0	0	2	0	0	0	0	0	1	0	0	1
824_825	GAATGAATCCGAGCCA-10	0	0	0	0	0	0	0	0	0	0	0	0	0	0	0	0	0	0	0	0
824_825	ACTGCTCGTACCCAAT-10	0	0	0	0	0	0	1	0	0	0	0	0	0	0	0	0	0	0	0	0
824_825	AGATCTGGTGCGGTAA-10	0	0	0	0	0	0	0	0	0	0	0	0	0	0	0	0	0	1	0	0
824_825	ACTGTCCAGGATGTAT-10	0	0	0	0	0	0	0	0	0	0	0	0	1	0	0	0	0	0	0	0
824_825	ACACTGACATGGAATA-10	0	0	0	0	0	0	0	0	0	0	0	0	1	0	0	0	0	0	0	0
824_825	GACCAATAGGATCGCA-10	0	0	0	0	0	0	1	0	0	0	0	0	0	0	0	0	0	0	0	0
824_825	GCAAACTGTCGTGGCT-10	0	0	0	0	0	0	1	0	0	0	0	0	0	0	0	0	0	2	0	0
824_825	GTATTCTTCTGTTTGT-10	0	0	0	0	0	0	0	0	0	0	1	0	0	0	0	0	0	0	0	0
824_825	AACTGGTAGACAGGCT-10	0	0	0	0	0	0	0	0	0	0	0	0	0	0	0	0	0	0	0	0
824_825	AATCGGTAGTCGTTTG-10	1	0	0	0	0	1	1	0	0	0	0	0	0	0	0	0	1	1	0	0
824_825	ACGATACAGTTATCGC-10	0	0	0	0	0	0	2	0	0	0	0	0	0	0	0	0	0	0	0	0
824_825	AGCTCTCAGATCTGAA-10	0	0	0	0	0	0	0	0	0	0	0	0	0	0	0	0	0	0	0	0
824_825	AACTCTTCACATTTCT-10	0	0	0	0	0	0	0	0	0	0	0	0	0	0	0	1	0	0	0	0
824_825	GAGCAGATCTCTAAGG-10	0	0	0	0	0	0	0	0	0	0	0	0	0	0	0	0	0	0	0	0
824_825	ACACCAAAGCCACGCT-10	0	0	0	0	0	1	1	0	0	0	0	0	0	0	0	1	1	0	0	0
824_825	GCAAACTAGTTCGCAT-10	0	0	0	0	0	0	1	0	0	0	0	0	0	0	0	0	0	1	0	0
824_825	ACGGCCAAGGGCTTGA-10	0	0	0	0	0	0	0	0	0	0	0	0	0	0	0	0	0	0	0	0
824_825	AAGGCAGTCAACTCTT-10	0	0	0	0	0	0	0	0	0	0	0	0	0	0	0	0	0	1	0	0
824_825	AACGTTGTCACATGCA-10	0	0	0	0	0	0	0	0	0	0	0	0	0	0	0	0	0	0	0	0
824_825	GATTCAGTCACCGGGT-10	0	0	0	0	0	0	0	0	0	0	0	0	0	0	0	0	0	0	0	0
824_825	GAACGGAGTTTAAGCC-10	0	0	0	0	0	0	0	0	0	0	0	0	0	0	0	0	0	0	0	0
824_825	GCAGCCAAGTCGATAA-10	0	0	0	0	0	0	0	0	0	0	1	0	0	0	0	0	0	0	0	0
824_825	AGCAGCCGTCCAAGTT-10	0	0	0	0	0	2	1	0	0	0	0	0	0	0	0	0	0	0	0	0
825_826	CTAGTGAAGCCACCTG-10	0	0	0	0	0	0	0	0	0	0	0	0	0	0	0	0	0	0	0	0
825_826	CCTCAGTAGACTAGGC-10	0	0	0	0	0	0	0	0	0	0	0	0	0	0	0	0	0	1	1	0
825_826	TGAGCCGGTGCACCAC-10	0	0	0	0	0	0	0	0	0	0	0	0	0	0	0	0	0	0	0	0
825_826	ACATCAGTCAGGCCCA-10	0	0	0	0	0	0	0	0	0	0	0	0	0	0	0	0	0	0	0	0
825_826	CTCACACCATTAGCCA-10	0	0	0	0	0	0	0	0	0	0	0	0	1	0	0	1	0	1	0	0
825_826	TCAGATGAGCTTTGGT-10	0	0	0	0	0	0	1	0	0	0	0	0	0	0	0	0	0	0	0	0
825_826	ATCATGGTCCTAGGGC-10	0	0	0	0	0	0	0	0	0	0	0	0	0	0	0	0	0	1	0	0
825_826	ACGCCGACAGCTGTGC-10	1	0	0	0	0	0	0	0	0	0	0	0	0	0	0	0	0	1	0	0
825_826	CTAGTGAAGATGCGAC-10	0	0	0	0	0	0	0	0	0	0	0	0	0	0	0	0	0	1	0	0
825_826	GCAATCAAGATCCCAT-10	0	0	0	0	0	0	0	0	0	0	0	0	0	0	0	0	0	0	0	0
825_826	GTACTCCCAAGTCTGT-10	0	0	0	0	0	0	0	0	0	0	0	0	0	0	0	0	0	0	0	0
825_826	ACGCCAGAGGCTATCT-10	0	0	0	0	0	0	0	0	0	0	0	0	0	0	0	0	0	0	0	0
825_826	CTAATGGAGAAGGTTT-10	0	0	0	0	0	0	0	0	0	0	0	0	1	0	0	0	0	0	0	0
825_826	GAGGTGAGTCACCTAA-10	0	0	0	0	1	0	0	0	0	0	1	0	1	0	0	1	0	1	1	0
825_826	CGATTGATCAAGAAGT-10	0	0	0	0	1	0	0	0	0	0	0	0	0	0	0	1	0	0	0	0
825_826	ACACTGACAGCATACT-10	0	0	0	0	0	0	0	0	0	0	0	0	0	0	0	1	0	0	0	0
825_826	CAACTAGCACAGGCCT-10	0	0	0	0	0	0	0	0	0	0	0	0	0	0	0	0	1	0	0	0
825_826	ACACTGAAGGCCCGTT-10	0	0	0	0	0	0	0	0	0	0	0	0	0	0	0	0	0	0	0	0
825_826	AGCAGCCCACGGTAAG-10	0	0	0	0	0	0	0	0	0	0	0	0	0	0	0	0	0	0	0	0
825_826	TCTATTGGTTCCAACA-10	0	0	0	0	0	0	0	0	0	0	0	0	0	0	0	0	0	1	0	0
825_826	ATGTGTGAGTACCGGA-10	0	0	0	0	0	0	0	0	0	0	0	0	0	0	0	0	0	0	0	0
825_826	TTTGTCATCCTTAATC-10	0	0	0	0	0	0	0	0	0	0	0	0	1	0	0	0	0	1	0	0
825_826	CGATCGGGTGGTTTCA-10	0	0	0	0	0	1	0	0	0	0	0	0	0	0	0	0	0	0	0	0
825_826	AACTGGTTCCAGGGCT-10	0	0	0	0	0	0	0	0	0	0	0	0	0	0	0	0	0	0	0	0
825_826	ACACTGATCAACGGCC-10	0	0	0	0	0	0	0	0	0	1	0	0	0	0	0	0	0	0	0	0
825_826	GACCTGGTCCTCCTAG-10	0	0	0	0	1	0	0	0	0	0	0	0	0	0	0	0	0	0	0	0
825_826	CGAGCCAAGACTTGAA-10	0	0	0	0	0	0	0	0	0	0	0	0	0	0	0	0	0	1	0	0
825_826	GATCGCGGTCCTGCTT-10	0	0	0	0	0	0	0	0	0	0	0	0	0	0	0	0	0	0	0	0
825_826	CGAATGTAGTTGAGAT-10	0	0	0	0	0	0	1	0	0	0	0	0	0	0	0	0	0	0	0	0
825_826	TCAGGTATCAGCCTAA-10	0	0	0	0	0	0	0	0	0	0	0	0	1	0	0	0	0	0	0	0
825_826	GGACATTCAAGGTGTG-10	0	0	0	0	0	0	2	0	0	0	0	0	0	0	0	0	0	1	0	0
825_826	ATGAGGGAGGAGTAGA-10	0	0	0	0	0	0	0	0	0	0	0	0	0	0	0	0	0	0	0	0
825_826	CGTCCATGTTGGGACA-10	0	0	0	0	0	1	0	0	0	0	0	0	0	0	0	0	0	0	0	0
825_826	TCTTTCCTCTTACCGC-10	0	0	0	0	0	0	0	1	0	0	0	0	0	0	0	0	0	2	0	0
825_826	AGCCTAAAGCCGGTAA-10	0	0	0	0	0	0	0	0	0	0	0	0	1	0	0	0	1	1	0	0
825_826	GCAATCAAGCAGCGTA-10	0	0	0	0	0	0	0	0	0	0	0	0	0	0	0	0	0	0	0	0
825_826	CACAGGCTCACGATGT-10	0	0	0	0	0	1	0	0	0	0	0	0	0	0	0	0	1	1	0	0
825_826	GGCGTGTTCTTATCTG-10	0	0	0	0	0	0	0	0	0	0	0	0	0	0	0	0	0	0	0	0
825_826	CCTCAGTTCACTATTC-10	0	0	0	0	0	0	0	0	0	0	0	0	0	0	0	0	0	0	0	0
825_826	CGAATGTTCGTTTGCC-10	0	0	0	0	0	0	0	0	0	0	0	0	0	0	0	0	0	0	0	1
825_826	ACATGGTGTTGGACCC-10	0	0	0	0	0	0	0	0	0	0	0	0	0	0	0	0	0	2	0	0
825_826	TCGCGTTCATGACATC-10	0	0	0	0	0	0	0	0	0	0	0	0	1	0	0	0	0	0	0	0
825_826	TACTTGTCATACGCCG-10	0	0	0	0	0	0	0	0	0	0	0	0	0	0	0	0	0	0	0	0
825_826	TTCTACAGTAGGAGTC-10	0	0	0	0	0	0	0	0	0	0	0	0	0	0	0	0	0	0	0	0
825_826	TAGCCGGCACCGATAT-10	0	0	0	0	0	0	0	0	0	0	0	0	0	0	0	0	0	0	0	0
825_826	ACCGTAACAAACTGTC-10	0	0	0	0	0	0	0	0	0	0	0	0	1	0	0	0	0	0	0	0
825_826	AGCTTGAGTATTCGTG-10	0	0	0	0	0	0	0	0	0	0	0	0	0	0	0	0	0	0	0	0
825_826	CATTATCCAATGGAGC-10	1	0	0	0	0	0	0	0	0	0	0	0	0	0	0	0	0	0	0	0
825_826	GAATAAGGTGTTTGGT-10	0	0	0	0	0	0	0	0	0	0	0	0	0	0	0	0	0	0	0	0
825_826	AAACCTGGTTATCGGT-10	0	0	0	0	1	0	0	0	0	0	1	0	0	0	0	0	0	0	0	0
825_826	GCAGTTACACGCTTTC-10	0	0	0	0	1	0	0	0	0	0	0	0	0	0	0	0	0	0	0	0
825_826	GCTGCAGTCAACACGT-10	0	0	0	0	0	0	0	0	0	0	0	0	0	0	0	0	0	0	0	0
825_826	GTCATTTGTTACGTCA-10	0	0	0	0	0	0	0	0	0	0	0	0	0	0	0	0	0	1	2	0
825_826	ACACCGGCACGACTCG-10	0	0	0	0	0	0	0	0	0	0	0	0	0	0	0	0	1	0	0	0
825_826	AGGGTGAAGCTGCGAA-10	0	0	0	0	0	0	0	0	0	0	0	0	0	0	0	0	0	0	0	0
825_826	GTAGGCCCACTCAGGC-10	0	0	0	0	0	0	0	0	0	0	0	0	1	0	0	0	0	0	0	0
825_826	GAAACTCCATGGAATA-10	0	0	0	0	0	0	0	0	0	0	0	0	0	0	0	0	0	0	0	0
825_826	AAGCCGCGTCCGACGT-10	0	0	0	0	0	0	0	0	0	0	0	0	0	0	0	0	0	0	0	1
825_826	TACTCATCACAAGACG-10	0	0	0	0	0	1	0	0	0	0	0	0	0	0	0	0	0	0	0	0
825_826	AGGCCGTTCACATAGC-10	0	0	0	0	0	0	0	0	0	0	0	0	0	0	0	0	0	0	0	0
825_826	CTTCTCTAGAGAACAG-10	0	0	0	0	0	2	1	0	0	0	0	0	0	0	0	0	0	1	0	0
825_826	AGGCCACGTTGTCGCG-10	0	0	0	0	0	0	0	0	0	0	0	0	0	0	0	0	0	0	0	0
825_826	GCTCTGTTCACGATGT-10	0	0	0	0	0	0	0	0	0	0	0	0	0	0	0	0	0	0	0	0
825_826	AAGGCAGCAGCTCCGA-10	0	0	0	0	0	0	1	0	0	0	0	0	0	0	0	0	0	0	0	0
825_826	CTTCTCTTCCGTACAA-10	0	0	0	0	1	0	2	0	0	0	0	0	0	0	0	0	0	0	0	0
825_826	TGGGAAGGTGTCAATC-10	0	0	0	0	0	0	0	0	0	0	0	0	1	0	0	0	0	0	0	0
825_826	GGTGAAGAGTACGCCC-10	0	0	0	0	0	0	0	0	0	0	0	0	0	0	0	0	0	0	0	0
825_826	GAATAAGTCATAAAGG-10	0	0	0	0	0	0	0	0	0	0	0	0	0	0	0	0	0	0	0	0
825_826	CCACCTAAGCCGATTT-10	0	0	0	0	0	0	0	0	0	0	0	0	0	0	0	0	0	0	0	0
825_826	TGTATTCTCAGGCCCA-10	0	0	0	0	0	0	0	0	0	0	0	0	0	0	0	0	0	0	0	1
825_826	AAATGCCAGCACAGGT-10	0	0	0	0	0	0	0	0	0	0	0	0	0	0	0	0	0	0	0	0
825_826	GTCTTCGGTTATGTGC-10	0	0	0	0	0	0	0	0	0	0	0	0	0	0	0	0	0	0	0	0
825_826	ATTGGTGAGCCCAACC-10	0	0	0	0	0	0	0	0	0	0	0	0	1	0	0	1	0	1	0	0
825_826	CTCGTACCAAAGTGCG-10	0	0	0	1	0	0	0	0	0	0	0	0	0	0	0	0	0	0	0	0
825_826	GAACCTACATTCACTT-10	0	0	0	0	0	0	0	0	0	0	0	0	0	0	0	0	0	0	0	0
825_826	CTCTAATGTGGCGAAT-10	0	0	0	0	0	0	0	0	0	0	0	1	0	0	0	0	0	1	0	0
825_826	GTTCATTGTATGAAAC-10	0	0	0	0	0	1	0	0	0	0	0	0	0	0	0	0	0	0	0	0
825_826	AAGGTTCAGTGGGTTG-10	0	0	0	0	0	0	0	0	0	0	0	0	0	0	0	0	0	0	0	0
825_826	TGCCAAAGTCGGCATC-10	0	0	0	0	0	2	4	0	0	0	0	0	0	0	0	1	1	1	0	0
825_826	TGCCCATGTGCAGTAG-10	1	0	0	0	0	0	1	0	0	0	0	0	0	0	0	0	0	1	0	0
825_826	TGGACGCAGTATCTCG-10	0	0	0	0	0	0	0	0	0	0	0	0	0	0	0	0	0	0	0	0
825_826	ACGAGGAAGTGATCGG-10	0	0	0	0	0	1	1	0	0	0	0	0	0	0	0	0	0	0	0	0
825_826	GGGAGATGTCCTCCAT-10	1	0	0	0	0	0	0	0	0	0	0	0	0	0	0	0	0	0	0	0
825_826	ACTATCTGTCGGCACT-10	0	0	0	0	0	0	0	0	0	0	0	0	0	0	0	1	0	0	0	0
825_826	CCCAATCGTAGCGTAG-10	1	0	0	0	0	0	0	0	0	0	0	0	0	0	0	0	0	1	0	0
825_826	CAGCCGACAGCGATCC-10	0	0	0	0	0	0	0	0	0	0	0	0	0	0	1	0	0	0	1	0
825_826	CAGCTAAAGCTCCTTC-10	0	0	0	0	0	0	0	0	0	0	0	0	0	0	0	0	0	0	0	0
825_826	AATCCAGTCGTTTGCC-10	0	0	0	0	1	0	0	0	0	0	0	0	0	0	1	0	0	0	0	0
825_826	ACGAGGATCAGTTCGA-10	0	0	0	0	0	0	0	0	0	0	0	0	0	0	0	1	0	1	0	0
825_826	AGTGAGGGTTACCGAT-10	0	0	0	0	0	0	1	0	0	0	0	0	0	0	0	0	0	1	0	0
825_826	AAAGCAACACGGTTTA-10	0	0	0	0	0	0	0	0	0	0	0	0	1	0	0	0	0	1	0	0
825_826	CCACGGACAGCCTATA-10	0	0	0	0	0	0	0	0	0	0	0	0	0	0	0	0	0	0	0	0
825_826	GTGCTTCAGCAAATCA-10	0	0	0	0	0	0	0	0	0	0	0	0	0	0	0	0	0	0	0	0
826_827	GATCAGTAGTATGACA-10	0	0	0	0	0	0	0	0	0	0	0	0	0	0	0	0	0	0	1	0
826_827	GTGCTTCCATGGGAAC-10	0	0	0	0	0	0	1	0	0	0	0	0	0	0	0	0	0	0	0	0
826_827	AAGGCAGGTGCCTGCA-10	0	0	0	0	0	0	1	0	0	0	0	0	0	0	0	0	0	0	0	0
826_827	CAACCAACATCGATGT-10	0	0	0	0	0	0	10	0	0	0	4	0	0	0	0	0	0	1	0	0
826_827	TCGCGTTAGTCTTGCA-10	0	0	0	0	0	0	0	0	0	0	0	0	0	0	0	0	0	1	0	0
826_827	CGATGGCAGCGACGTA-10	1	0	0	0	0	0	1	0	0	0	0	0	0	1	0	0	0	0	0	0
826_827	GGAATAAAGCGATGAC-10	0	0	0	0	0	0	0	0	0	0	0	0	0	0	0	1	0	1	0	0
826_827	CATCAAGAGATATGGT-10	0	0	0	0	0	0	0	0	0	0	0	0	0	0	0	0	0	0	0	0
826_827	CCTAAAGAGGCATTGG-10	0	0	0	0	1	0	0	0	1	0	0	0	0	0	0	0	0	0	0	0
826_827	CCGTTCAGTTATCGGT-10	0	0	0	0	0	0	0	0	0	0	0	0	0	0	0	0	0	0	0	0
826_827	GCTTGAATCCTTTCGG-10	0	0	0	0	0	0	0	0	0	0	0	0	0	0	0	1	0	2	0	0
826_827	CCGTACTCATCGATTG-10	0	0	0	0	0	1	0	0	0	0	1	0	0	0	0	0	0	0	0	0
826_827	CAGATCAAGATCCCAT-10	0	0	0	0	0	0	0	0	1	0	0	0	0	0	0	1	0	0	1	0
826_827	TATGCCCTCATGTGGT-10	0	0	0	0	0	0	0	0	0	0	0	0	0	0	0	0	0	1	0	0
826_827	CAGCCGAAGTCGCCGT-10	0	0	0	0	0	0	0	0	0	0	0	0	0	0	0	0	0	0	0	0
826_827	TCAGATGAGCACACAG-10	0	0	0	0	0	0	0	0	0	0	0	0	0	0	0	0	0	0	0	1
826_827	GATGCTATCGCTAGCG-10	0	0	0	0	0	0	0	0	0	0	0	0	0	0	0	0	0	0	0	0
826_827	GAACCTAGTGTGGTTT-10	0	0	0	0	0	1	0	0	0	0	0	0	0	0	0	0	0	1	0	0
826_827	TATCAGGAGGCAGGTT-10	0	0	0	0	0	0	0	0	0	0	0	0	0	0	0	0	0	0	0	0
826_827	ACACTGAAGATAGCAT-10	0	0	0	0	0	0	0	0	0	0	0	0	0	0	0	0	0	0	0	1
826_827	TCAGCAACAAACCTAC-10	0	0	0	0	0	0	1	0	0	0	0	0	0	0	0	0	0	0	0	0
826_827	GGACAAGAGACAGGCT-10	0	0	0	0	0	0	1	0	0	0	0	0	0	0	0	0	0	1	0	0
826_827	CATGGCGGTTGCCTCT-10	0	0	0	0	0	1	0	0	0	0	0	0	0	0	0	0	0	0	0	0
826_827	CACAGGCAGAGTAATC-10	0	0	0	0	0	0	0	0	0	0	0	0	0	0	0	0	0	0	0	0
826_827	GCTGCAGGTAGAGGAA-10	0	0	0	0	0	0	0	0	0	0	0	0	0	0	0	0	0	0	0	0
826_827	ACGCCGAAGTAAGTAC-10	0	0	0	0	0	0	1	0	0	0	0	0	0	0	0	0	0	0	1	0
826_827	AAGGAGCAGACGACGT-10	0	0	0	0	0	0	0	0	0	0	0	0	0	0	0	0	0	0	0	0
826_827	CACACCTAGGGTCGAT-10	0	0	0	0	0	0	0	0	0	0	0	0	0	0	0	0	0	0	0	0
826_827	GCCAAATGTGCCTGCA-10	0	0	0	0	0	0	0	0	0	0	1	0	0	0	0	0	0	0	0	0
826_827	TCCCGATGTACGACCC-10	0	0	0	0	0	0	0	0	0	0	0	0	0	0	0	0	0	0	0	0
826_827	CAGAATCCAGGTCTCG-10	0	0	0	0	0	0	0	0	0	0	0	0	0	0	0	0	0	0	0	0
826_827	CAGCTAACAAGCCGCT-10	0	0	0	0	0	1	1	0	0	0	1	0	0	0	0	1	0	1	0	0
826_827	GAGTCCGAGATCCGAG-10	0	0	0	0	0	0	0	0	0	0	0	0	0	0	0	0	0	1	0	0
826_827	TTGCCGTGTCTAGGTT-10	0	0	0	0	0	0	0	0	0	0	0	0	0	0	0	0	0	0	0	0
826_827	TTGCGTCGTAAACCTC-10	0	0	0	0	0	0	0	0	0	0	0	0	0	0	0	0	0	0	0	0
826_827	CTCGAGGAGTAGCCGA-10	0	0	0	0	0	0	0	0	0	0	1	0	0	0	0	1	0	0	0	0
826_827	CTCATTATCTGTCCGT-10	0	0	0	0	0	0	0	0	0	0	0	0	0	0	0	0	0	0	0	0
826_827	CTCACACTCACTATTC-10	0	0	0	0	0	0	0	0	0	0	0	0	0	0	0	0	0	1	0	0
826_827	TTGGCAAGTCTTCAAG-10	0	0	0	0	0	0	0	0	0	0	0	0	0	0	0	0	0	0	0	0
826_827	ACGATGTGTCGGATCC-10	0	0	0	0	0	0	0	0	0	0	0	0	0	0	0	0	0	0	0	0
826_827	AACTCAGTCCGTAGTA-10	0	0	0	0	0	0	0	0	0	0	0	0	0	0	0	0	0	0	0	0
826_827	CTAGTGACATTACCTT-10	0	0	0	0	0	1	1	0	0	0	1	0	0	1	0	0	0	1	0	0
826_827	ACATACGGTTTGTTGG-10	0	0	0	0	0	0	0	0	0	0	1	0	0	0	0	0	0	0	0	0
826_827	AACTCAGTCGCCTGAG-10	0	0	0	0	1	1	0	0	0	0	0	0	0	0	0	0	0	0	0	0
826_827	CTACCCACAAGACGTG-10	0	0	0	0	0	0	0	0	0	0	0	0	0	0	0	0	0	1	0	0
826_827	GACGCGTCAAAGGTGC-10	0	0	0	0	0	0	0	0	0	0	0	0	0	0	0	0	0	0	0	0
826_827	CTAATGGCACCGGAAA-10	0	0	0	0	0	0	0	0	0	0	0	0	0	0	0	0	0	0	0	0
826_827	AGCCTAAGTGCACGAA-10	0	0	0	0	0	0	2	0	0	0	1	0	0	0	0	1	0	2	0	0
826_827	ATCGAGTTCTGAGGGA-10	0	0	0	0	0	0	0	0	0	0	0	0	0	0	0	0	0	0	0	0
826_827	AACTCCCAGGATGCGT-10	0	0	0	0	0	0	0	0	0	0	0	0	0	0	0	0	0	0	0	0
826_827	TTGACTTTCAAAGTAG-10	0	0	0	0	0	0	0	0	0	0	0	0	0	0	0	0	0	0	0	0
826_827	TGAAAGACAACTGCGC-10	0	0	0	0	0	0	0	0	0	0	0	0	0	0	0	0	0	0	0	0
826_827	CTCTGGTTCTCTTGAT-10	0	0	0	0	0	0	0	0	0	0	0	0	0	0	0	0	0	1	1	0
826_827	GGGTTGCAGGCACATG-10	0	0	0	0	0	0	0	0	0	0	0	0	0	0	0	0	0	0	0	0
826_827	TTAACTCTCTCTTATG-10	0	0	0	0	0	0	0	0	0	0	0	0	0	0	0	0	0	1	0	0
826_827	GAACCTAAGACGCTTT-10	0	0	0	0	0	0	0	0	0	0	1	0	0	0	0	0	0	0	0	0
826_827	AAAGTAGGTTGGTGGA-10	0	0	0	0	0	0	0	0	0	0	0	0	0	0	0	0	0	0	0	0
826_827	AAAGTAGAGCACCGTC-10	0	0	0	0	0	0	2	0	0	0	0	0	0	0	0	0	0	0	0	0
826_827	GGTGAAGTCGTTACAG-10	0	0	0	0	0	0	0	0	1	0	0	0	0	0	0	0	0	0	0	0
826_827	TTATGCTGTCTAAACC-10	0	0	0	0	0	0	0	0	0	0	0	0	0	0	0	0	0	0	0	0
826_827	CTTGGCTGTGGCGAAT-10	0	0	0	2	0	0	0	0	0	0	1	0	1	0	1	0	0	0	0	0
826_827	TTCGAAGTCTATCGCC-10	0	0	0	0	0	0	1	0	0	0	0	0	0	0	0	0	0	0	0	0
826_827	GTCACAAAGGAGTTTA-10	0	0	0	0	0	1	1	0	0	0	0	0	0	0	0	0	0	1	0	0
826_827	AGGGAGTAGCGCTTAT-10	0	0	0	0	0	0	0	0	0	0	0	0	0	0	0	1	0	1	0	0
826_827	AGGGATGCACACCGCA-10	0	0	0	0	1	1	0	0	0	0	0	0	0	0	0	1	0	0	0	0
826_827	CTTACCGGTCATTAGC-10	0	0	0	0	0	0	0	0	0	0	0	0	0	0	0	0	0	0	0	0
826_827	TGGCCAGTCCGCGGTA-10	0	0	0	0	1	0	0	0	0	0	0	0	0	0	0	0	0	1	0	0
826_827	CTTAACTGTTCCCTTG-10	0	0	0	0	0	0	0	0	0	0	0	0	0	0	0	0	0	1	0	0
826_827	CTTAACTCACACCGCA-10	0	0	0	0	1	0	0	0	0	0	0	0	1	1	0	0	0	1	0	0
826_827	TTCTACAAGCGTTCCG-10	0	0	0	0	0	0	0	0	0	0	0	0	0	0	0	0	0	0	0	0
826_827	CTGCCTACATTCCTCG-10	0	0	0	0	0	0	0	0	0	0	0	0	0	0	0	0	0	1	0	0
826_827	TTCTACATCGCTGATA-10	0	0	0	0	0	0	0	0	0	0	0	0	0	0	0	0	0	0	0	0
826_827	CGTTAGATCAGATAAG-10	0	1	0	0	0	0	0	0	0	0	0	0	0	0	0	0	0	1	0	0
826_827	GTTACAGTCTTACCGC-10	0	0	0	0	0	0	0	0	0	0	0	0	0	0	0	0	0	0	0	0
826_827	CGTCACTCATGTTGAC-10	0	0	0	0	0	1	1	0	0	0	0	0	0	0	0	0	0	0	1	0
826_827	ATTATCCGTTCGTCTC-10	0	0	0	0	0	0	0	0	0	0	0	0	0	0	0	0	0	0	0	0
826_827	ATGGGAGAGAAACCTA-10	0	0	0	0	0	0	0	0	0	0	0	0	0	0	0	0	0	0	1	0
826_827	GAGGTGAAGTGGGATC-10	0	0	0	0	0	0	0	0	0	0	0	0	0	0	0	0	0	0	0	0
826_827	ATGCGATTCTACTTAC-10	0	0	0	0	0	0	0	0	0	0	0	0	0	0	0	0	0	0	0	0
826_827	GGCAATTAGCGCTTAT-10	0	0	1	0	0	0	0	0	0	0	2	0	0	1	0	0	0	0	0	0
826_827	AACTCTTAGACAAAGG-10	0	0	0	0	0	1	0	0	0	0	0	0	1	0	0	0	0	0	0	0
826_827	ATGCGATTCGAATCCA-10	0	0	0	0	0	0	0	0	0	0	0	0	0	0	0	0	0	0	0	0
826_827	TCGTACCCATCCTTGC-10	0	0	0	0	0	0	0	0	0	0	0	0	0	0	0	0	0	1	0	0
826_827	CGGACACCAGATGAGC-10	0	0	0	0	0	1	0	0	0	0	0	0	0	0	0	1	0	0	0	0
826_827	TTTATGCCACCAACCG-10	0	0	0	0	0	0	0	0	0	0	1	0	0	0	0	0	0	1	0	0
827_828	GAATAAGTCAATACCG-10	0	0	0	0	0	0	0	0	0	0	1	0	0	0	0	0	0	0	0	0
827_828	TCGAGGCCAATGGAGC-10	0	0	0	0	0	0	0	0	0	0	0	0	0	0	0	0	0	0	0	0
827_828	CGGAGTCGTTCACCTC-10	0	0	0	0	0	0	1	0	0	0	0	0	0	0	0	0	0	0	1	0
827_828	GCTGCAGAGTATGACA-10	0	0	0	0	0	0	0	0	0	0	0	0	0	0	0	0	0	0	0	0
827_828	GGCCGATGTTATTCTC-10	0	0	0	0	0	0	0	0	0	0	0	0	0	0	0	0	0	0	0	0
827_828	CATATGGCAGTGACAG-10	1	0	0	0	0	0	0	0	0	0	0	0	0	0	0	0	0	1	0	0
827_828	CGTTAGAGTCGAACAG-10	0	0	0	0	0	0	0	0	0	0	0	0	0	0	0	0	0	0	0	0
827_828	AGCGTCGAGTGCGATG-10	0	0	0	0	0	0	0	0	0	0	0	0	0	0	0	0	0	0	0	0
827_828	AGAATAGTCGACGGAA-10	0	0	0	0	0	0	1	0	0	0	0	0	0	0	0	0	0	1	0	0
827_828	TTCGGTCCAAGTTCTG-10	0	0	0	0	1	0	0	0	0	0	1	0	0	0	0	0	0	0	0	0
827_828	CCACCTATCAACGGGA-10	0	0	0	0	0	1	0	0	0	0	1	0	0	0	0	0	1	0	0	0
827_828	CATGCCTTCTTACCTA-10	0	0	1	0	0	1	0	0	0	0	0	0	0	0	0	0	0	0	0	0
827_828	GAAGCAGCACGAAGCA-10	0	0	0	0	0	0	0	0	0	0	1	0	0	0	0	2	0	1	0	0
827_828	TAGACCATCGTATCAG-10	0	0	0	0	0	0	0	0	0	0	1	0	0	0	0	0	0	0	0	0
827_828	GTCGTAATCAGATAAG-10	0	0	0	0	0	1	2	0	0	0	0	0	0	1	0	0	0	0	0	0
827_828	TTTGGTTCAGGAACGT-10	0	0	0	0	0	0	0	0	0	0	0	0	0	0	0	0	0	0	0	0
827_828	GCTGCTTAGACCTTTG-10	0	0	0	0	0	0	0	0	0	0	0	0	0	0	0	0	0	0	0	0
827_828	TGGACGCTCATCGCTC-10	1	0	0	0	0	0	0	0	0	0	0	0	0	0	0	0	0	0	0	0
827_828	GTCTCGTCACCGCTAG-10	0	0	0	0	0	0	0	0	0	0	0	0	0	0	0	0	0	0	0	0
827_828	AAGCCGCGTACCGGCT-10	0	0	0	1	0	1	0	0	0	0	0	0	1	0	0	0	0	1	0	0
827_828	CAGCTAATCTTCAACT-10	0	0	0	0	0	0	0	0	0	0	0	0	0	0	0	0	0	0	0	0
827_828	CGATTGAAGTGACTCT-10	0	0	0	0	0	0	1	0	0	0	0	0	0	0	0	0	0	0	0	0
827_828	CGCGTTTGTGTCAATC-10	0	0	0	0	0	0	0	0	0	0	0	0	0	0	0	0	0	0	0	0
827_828	ACTGCTCGTTAGGGTG-10	0	0	0	0	0	0	0	0	0	0	0	0	1	0	0	0	0	1	0	0
827_828	ACTGAACAGAAGGTTT-10	0	0	0	0	0	0	0	0	0	0	0	0	0	0	0	0	0	0	0	0
827_828	TCGCGAGAGTGTACTC-10	0	0	0	0	0	0	0	0	0	0	0	0	0	0	0	1	0	0	0	0
827_828	GTGGGTCAGGAATTAC-10	0	0	0	0	0	0	0	0	0	0	0	0	0	0	0	0	0	0	0	0
827_828	ACTGCTCGTATCGCAT-10	0	0	0	0	0	0	0	0	0	0	0	0	0	0	0	0	0	0	0	0
827_828	TGGTTCCAGCTCAACT-10	0	0	0	0	0	0	0	0	0	0	0	0	0	0	0	0	0	0	0	0
827_828	AAACGGGTCTCTGCTG-10	0	0	0	0	0	0	0	0	0	0	1	0	0	0	0	1	0	1	0	0
827_828	AAACCTGAGGATTCGG-10	0	0	0	0	0	0	0	1	0	0	1	0	0	1	0	0	0	1	0	0
827_828	GTGCTTCCAGACGCAA-10	0	0	0	0	0	0	0	0	0	0	0	0	0	0	0	0	0	0	0	0
827_828	GGATTACTCTGGTGTA-10	0	0	0	0	0	1	2	0	0	0	0	0	0	1	0	0	0	0	0	0
827_828	GTCAAGTGTGGCTCCA-10	0	0	0	0	0	0	0	0	0	0	0	0	0	0	0	0	0	1	0	0
827_828	ACACCAACACCATGTA-10	0	0	0	0	0	0	0	0	0	0	0	0	0	0	0	0	0	0	0	0
827_828	ACACCAAGTTGGTTTG-10	0	0	0	0	0	0	0	0	0	0	0	1	0	0	0	0	0	0	0	0
827_828	GCCAAATGTGTGAATA-10	0	0	0	0	0	0	0	0	0	0	0	0	0	0	0	0	0	1	0	0
827_828	CTTGGCTCAAGCCCAC-10	0	0	0	0	0	0	5	0	0	0	0	0	0	0	0	0	0	0	0	0
827_828	AAATGCCTCGGCTACG-10	0	0	0	0	0	0	0	0	0	0	0	0	0	0	0	0	0	1	0	0
827_828	GCATGTAAGCACAGGT-10	0	0	0	0	0	0	0	0	0	0	0	1	0	0	0	0	0	0	0	0
827_828	CGGAGTCAGACTTGAA-10	0	0	0	0	0	0	0	0	0	0	0	0	0	0	0	0	0	1	0	0
827_828	TGCTGCTGTCATATGC-10	0	0	0	0	0	0	0	0	0	0	0	0	0	0	0	0	0	1	0	0
827_828	GCATGCGCAATCACAC-10	0	0	0	1	0	0	0	1	0	0	0	0	0	0	0	0	0	0	0	0
827_828	TGGCGCACACAAGTAA-10	0	0	0	0	1	0	1	0	0	0	1	0	0	0	0	0	0	0	0	0
827_828	AGGCCGTTCCTGTACC-10	0	0	0	0	0	0	0	0	0	0	0	0	0	0	0	0	0	0	0	1
827_828	AGTTGGTGTCTAGCCG-10	0	0	0	0	0	0	1	0	0	0	0	0	0	0	0	0	0	1	0	0
827_828	AGTTGGTGTTCTGTTT-10	0	0	0	0	0	0	0	0	0	0	0	0	0	0	0	1	0	0	0	0
827_828	GACTAACCAGCCAATT-10	0	0	0	0	0	0	0	0	0	0	0	0	0	0	0	0	0	0	0	0
827_828	GGGAATGTCATTCACT-10	0	0	0	0	0	1	0	0	0	0	0	0	0	0	0	0	0	0	0	0
827_828	ACGCCGAAGAGGTAGA-10	0	0	0	0	0	0	0	0	0	0	1	0	0	0	0	0	0	0	0	0
827_828	CTCGGAGAGGAATGGA-10	0	0	0	0	0	0	0	0	0	0	0	0	0	0	0	0	0	0	0	0
827_828	GGGAATGGTCGAACAG-10	0	0	0	0	0	0	0	0	0	0	0	0	1	0	0	0	0	0	0	0
827_828	CACCAGGAGATCGGGT-10	0	0	0	0	0	0	0	0	0	0	0	0	0	0	0	0	0	1	0	0
827_828	ATCCGAACACCTCGTT-10	0	0	0	0	0	0	0	0	0	0	0	0	0	0	0	0	0	0	0	0
827_828	GCAGCCACACGAAACG-10	0	0	0	0	0	0	0	0	0	0	0	0	0	0	0	0	0	0	0	0
827_828	GATGAAATCCACGACG-10	0	0	0	0	0	0	0	0	0	0	1	0	0	0	0	1	0	1	0	0
827_828	ATGAGGGTCTACCAGA-10	0	0	0	0	0	0	0	0	0	0	0	0	0	0	0	1	0	1	1	1
827_828	GTACGTAGTTACTGAC-10	0	0	0	0	0	0	0	0	0	0	0	0	0	0	1	0	0	1	0	0
827_828	CTAGAGTCAATCACAC-10	0	0	0	0	0	0	1	0	0	0	0	0	0	0	0	0	0	0	0	0
827_828	GACGTTATCTGAGGGA-10	0	0	0	0	0	0	0	0	0	0	0	0	0	0	0	0	0	0	0	0
827_828	GTCTCGTGTGTTAAGA-10	0	0	0	0	0	0	0	0	0	0	0	0	0	0	0	0	0	0	0	0
827_828	AGAGCTTAGAAGATTC-10	0	0	0	0	0	0	0	0	0	0	0	0	0	0	0	0	0	0	0	0
827_828	CGAACATTCTACGAGT-10	0	0	0	0	0	0	1	0	0	0	0	0	1	0	0	0	0	0	1	0
827_828	ATCCACCCATCCAACA-10	0	0	0	0	0	0	0	0	0	0	0	0	0	0	0	0	0	0	0	0
827_828	CGAACATTCAGGCAAG-10	0	0	0	0	0	0	0	0	0	0	0	0	0	0	0	0	0	0	0	0
827_828	CGACTTCAGGCCCGTT-10	0	0	0	0	0	0	1	0	2	0	0	0	0	0	0	0	0	0	0	0
827_828	TTGACTTAGTATTGGA-10	0	0	0	0	0	0	0	0	0	0	0	0	0	0	0	0	0	0	0	0
827_828	CCTAGCTTCACGCATA-10	0	0	0	0	0	0	0	0	0	0	0	0	0	0	0	0	0	0	0	0
827_828	CACATTTAGCTAGTGG-10	0	0	0	0	0	0	1	0	0	0	0	0	1	0	0	0	0	0	0	0
827_828	CCAGCGATCCCAAGTA-10	0	0	0	0	0	0	2	0	0	0	0	0	0	0	0	0	0	0	0	0
827_828	GATCGCGGTGTTGGGA-10	0	0	0	0	0	0	0	0	0	0	0	0	0	0	0	0	0	0	0	0
827_828	TATCTCAAGCTGTCTA-10	0	0	0	0	0	1	0	0	0	0	0	0	1	0	0	0	0	0	0	0
827_828	TATGCCCCAGATCGGA-10	0	0	0	0	0	0	0	0	0	0	0	0	0	0	0	0	0	0	0	0
827_828	GTCCTCATCTTGAGAC-10	0	0	0	0	0	0	0	0	0	0	0	0	0	0	0	0	0	2	0	0
827_828	CCTCTGAAGTGCTGCC-10	0	0	0	1	0	0	0	0	0	0	0	0	0	0	0	0	0	0	0	0
827_828	CTCTGGTTCTCGTATT-10	0	0	0	0	0	1	0	0	0	0	0	0	0	0	0	0	0	0	0	0
827_828	AACTTTCTCTTACCGC-10	0	0	0	0	0	0	0	0	0	0	0	0	0	1	0	0	0	0	0	0
827_828	AGTGTCACATCGATGT-10	0	0	0	0	0	0	0	0	0	0	1	0	0	0	0	0	0	0	0	0
827_828	ACGGCCACATCACCCT-10	0	0	0	0	0	0	0	0	0	0	0	0	0	1	0	1	0	0	0	1
827_828	CAGCAGCTCGCACTCT-10	0	0	0	0	0	0	0	0	0	0	0	0	0	0	0	0	0	0	0	0
827_828	CTCTACGGTCCTCCAT-10	0	0	0	0	0	0	1	0	0	0	0	0	0	0	0	0	0	1	0	0
827_828	TATTACCAGGAACTGC-10	0	0	0	0	0	0	0	0	0	0	0	0	0	0	0	0	0	1	0	0
827_828	TTTATGCTCAGCGACC-10	0	0	0	0	0	0	0	0	0	0	0	0	0	0	0	0	0	1	0	1
827_828	TCAACGAAGCCCAGCT-10	0	0	0	0	0	0	2	0	0	0	0	0	0	0	0	0	1	0	0	0
827_828	GCTGGGTAGCGTTTAC-10	0	0	0	0	0	0	0	0	0	0	0	0	0	0	0	0	1	0	0	0
827_828	CTCTGGTAGACAAGCC-10	0	0	0	0	0	0	1	0	0	0	1	0	0	0	0	0	0	1	0	0
829_830	TTTACTGGTGGGTCAA-10	0	0	0	0	0	0	0	0	0	0	0	0	0	0	0	0	0	1	0	0
829_830	TCAGATGGTTCCACTC-10	0	0	0	0	0	0	1	0	0	0	0	0	0	0	0	0	0	0	1	0
829_830	TGGTTAGCATCACAAC-10	0	0	0	0	0	0	1	0	0	0	0	0	0	0	0	0	0	2	0	0
829_830	TCGCGAGTCCCTAACC-10	0	0	0	0	0	0	1	0	0	0	0	0	0	0	0	0	0	0	0	0
829_830	TTATGCTCAAAGGCGT-10	0	0	0	0	0	0	0	0	0	0	0	0	0	0	0	0	0	1	0	0
829_830	GCGCAGTGTCGAAAGC-10	0	0	0	0	0	0	0	0	0	0	0	0	0	0	0	0	0	0	0	0
829_830	TGTGTTTCAATCGAAA-10	0	0	0	0	0	0	0	0	0	0	0	0	0	0	0	0	0	0	1	0
829_830	TTCTCCTCAGCTGCAC-10	0	0	0	0	0	0	0	0	0	0	0	0	0	0	0	0	0	0	0	1
829_830	ACGAGCCTCAAAGACA-10	0	0	0	0	0	0	0	0	0	0	1	0	0	0	0	0	0	1	0	0
829_830	TACGGGCCAGACAAAT-10	0	0	0	0	0	0	0	0	0	0	0	0	0	0	0	0	0	1	0	0
829_830	TGGACGCAGATCCCGC-10	0	0	0	0	0	0	0	0	0	0	0	1	0	0	0	0	0	0	0	0
829_830	TGCGCAGGTGCACCAC-10	0	0	0	0	0	0	0	0	0	0	0	0	0	0	0	0	0	0	0	0
829_830	TTCTTAGTCCTTGCCA-10	0	0	0	0	0	0	0	0	0	0	0	0	0	0	0	0	0	0	0	0
829_830	TAGTGGTTCAGCTCTC-10	0	0	0	0	0	0	0	0	0	0	0	0	0	0	0	0	0	0	0	0
829_830	ACGTCAAGTGCAACTT-10	0	0	0	0	0	0	1	0	0	0	0	0	0	0	0	0	0	1	0	0
829_830	ACGAGCCAGACTACAA-10	0	1	0	0	0	0	0	0	0	0	0	0	0	1	0	0	1	0	0	0
829_830	GGACATTTCCCTTGTG-10	0	0	0	0	0	0	0	0	0	0	0	0	0	0	0	0	0	0	0	0
829_830	ACACCGGCATCGTCGG-10	0	0	0	0	0	0	0	0	0	0	0	0	0	0	0	0	0	1	0	0
829_830	TACTCATCATCGGGTC-10	0	0	0	0	1	0	0	0	0	0	0	0	0	0	0	0	0	0	0	0
829_830	TCAATCTGTAGCGTGA-10	0	0	0	0	0	0	0	0	0	0	0	0	0	0	0	0	0	0	0	0
829_830	ACACTGAAGCTCAACT-10	0	0	0	0	0	0	0	0	0	0	0	0	0	0	0	0	0	0	0	0
829_830	GGACATTGTGTAAGTA-10	0	0	0	0	0	0	0	0	0	0	1	2	0	0	0	0	0	0	0	0
829_830	TTGGAACGTCTCTCGT-10	0	0	0	0	0	0	0	0	0	0	0	0	0	0	0	0	0	0	0	0
829_830	TTGGCAACATGGAATA-10	0	0	0	0	0	0	0	0	0	0	1	0	0	0	0	0	0	0	0	0
829_830	ACGCCAGTCTTTACGT-10	0	0	0	0	0	1	0	0	0	0	0	0	0	0	0	0	0	0	0	0
829_830	GGCGTGTTCATGGTCA-10	0	0	0	0	0	0	1	0	0	0	0	0	0	0	0	0	0	0	0	0
829_830	GAACGGACATGGATGG-10	0	0	0	0	0	0	0	0	0	0	0	0	0	0	0	1	0	0	0	0
829_830	CTCGAGGCACCAGGCT-10	0	0	0	0	0	0	0	0	0	0	0	0	0	0	0	0	0	1	0	0
829_830	GTGCAGCCATACTACG-10	0	0	0	0	0	0	0	0	0	0	0	0	0	0	0	0	0	0	0	0
829_830	GCATACAGTTACAGAA-10	1	0	0	0	0	0	0	0	0	0	0	0	0	0	0	0	0	1	1	0
829_830	AGTGTCACACGAGGTA-10	0	0	0	0	0	0	0	0	0	0	0	0	0	0	0	0	0	0	0	0
829_830	CATTCGCTCATTGCGA-10	0	0	0	0	0	0	0	0	0	0	0	0	0	0	0	0	1	1	0	0
829_830	CTCGGAGCACATTAGC-10	0	0	0	0	0	0	0	0	0	0	0	0	0	0	0	0	0	0	0	1
829_830	CAACTAGTCCAGGGCT-10	0	0	0	0	0	0	0	0	0	0	0	0	0	0	0	0	0	0	0	0
829_830	CTAGTGATCCACGTGG-10	0	0	0	0	0	0	0	0	0	0	0	0	0	0	0	1	0	0	0	0
829_830	AACTCAGTCGTGACAT-10	0	0	0	0	0	0	0	0	0	0	0	0	0	0	0	0	0	0	0	0
829_830	AGCGGTCTCGCGTTTC-10	0	0	0	0	0	0	0	0	1	0	0	0	1	0	0	0	0	0	0	0
829_830	CAGATCAAGCCACGTC-10	0	0	0	0	0	0	0	0	1	0	0	0	0	0	0	0	0	3	0	0
829_830	AGAGCGATCGCCATAA-10	0	0	0	0	0	0	0	0	0	0	0	0	0	0	0	0	0	0	0	0
829_830	GTCTTCGGTAGAGGAA-10	0	0	0	0	0	0	0	0	0	0	1	0	0	0	0	0	0	0	0	1
829_830	CACACCTTCCTAAGTG-10	0	0	0	0	0	0	1	0	0	0	0	0	0	0	0	0	0	0	0	0
829_830	CACACCTCACAAGACG-10	0	0	0	0	0	0	0	0	0	0	0	0	1	0	0	0	0	0	0	0
829_830	TGTTCCGCATTCTTAC-10	0	0	0	0	0	0	0	0	0	0	0	0	1	0	0	0	0	0	0	0
829_830	CCTTCGAGTCAGATAA-10	0	0	0	0	0	1	2	0	0	0	0	0	0	0	0	0	0	0	0	0
829_830	ATTGGTGGTTATGCGT-10	0	0	0	0	0	0	1	0	0	0	0	0	0	0	0	0	0	0	0	0
829_830	CGCTATCGTCACACGC-10	0	0	0	0	0	0	0	0	1	0	0	0	1	0	0	0	0	0	0	0
829_830	AGAGCGAGTTCCCTTG-10	0	0	0	0	0	0	0	0	0	0	0	0	0	0	0	0	0	0	0	0
829_830	AGTGAGGGTAGCAAAT-10	0	0	0	0	0	0	0	0	0	0	0	0	0	0	0	0	0	0	0	0
829_830	AGATCTGGTCACTGGC-10	0	0	0	0	0	0	0	0	0	0	0	0	0	0	0	0	0	0	0	0
829_830	AGTCTTTAGGAATGGA-10	0	0	0	0	0	0	1	0	0	0	1	0	0	0	0	0	0	0	1	0
829_830	CTTGGCTTCTATCCTA-10	0	0	0	0	0	1	0	0	0	0	0	0	1	0	0	0	0	1	0	0
829_830	GCGAGAATCCGCAAGC-10	0	0	0	0	0	0	1	0	0	0	0	0	0	0	0	0	0	1	0	0
829_830	GTCAAGTAGCCAGTTT-10	0	0	0	0	0	0	1	0	0	0	0	0	0	0	0	1	0	0	0	0
830_831	ACGCAGCTCCTCATTA-10	0	0	0	0	0	0	0	0	0	0	0	0	0	0	0	0	1	0	0	0
830_831	TTAGTTCGTCCAGTGC-10	0	0	0	0	0	0	0	0	0	0	0	0	0	0	0	0	0	0	0	0
830_831	CGTCTACTCGTGACAT-10	0	0	0	0	0	0	1	0	0	0	0	0	0	0	0	0	0	1	0	0
830_831	CGTCTACTCGTTTGCC-10	0	0	0	0	0	0	0	0	0	0	0	0	0	0	0	0	0	2	0	0
830_831	GACGTGCAGAGTGAGA-10	0	0	0	0	0	0	2	0	0	0	0	0	0	0	0	0	0	1	0	0
830_831	CTAACTTGTCTTTCAT-10	0	0	0	0	0	0	0	0	0	0	0	0	0	0	0	0	0	0	0	0
830_831	AGCTCCTTCATAACCG-10	0	0	0	0	0	0	0	0	0	0	0	0	0	0	0	0	0	0	0	0
830_831	ATCCGAACATACGCTA-10	0	0	0	0	0	0	0	0	0	0	0	0	0	0	0	0	0	0	0	0
830_831	CTAAGACTCTTGAGGT-10	0	0	0	0	0	1	0	0	0	0	0	0	0	0	0	0	0	0	0	0
830_831	GACGCGTGTCAATACC-10	0	0	0	0	0	0	0	0	0	0	0	0	0	0	0	0	0	0	0	0
830_831	TGACGGCCATCAGTAC-10	0	0	0	0	0	0	0	0	0	0	0	0	0	0	0	0	0	0	0	0
830_831	TTTGCGCAGGCTAGCA-10	0	0	0	0	0	0	0	0	0	0	0	0	0	0	0	0	0	0	0	0
830_831	AGCATACAGTCCATAC-10	0	0	0	0	0	1	0	0	0	0	0	0	0	0	0	0	0	1	1	0
830_831	TGGACGCGTCAGTGGA-10	0	0	0	0	0	1	0	0	0	0	0	0	0	0	0	1	0	0	0	0
830_831	ATCCGAAAGTACGCCC-10	0	0	0	0	0	0	0	0	0	0	0	0	0	0	0	0	0	0	0	0
830_831	GAACATCAGAGCTGGT-10	0	0	0	0	0	0	0	0	0	0	0	0	0	0	0	0	0	1	0	0
830_831	AACTCTTAGTGAACGC-10	0	0	0	0	0	0	1	0	0	0	0	0	0	0	0	0	0	0	0	1
830_831	GAACGGAGTAGCTGCC-10	0	0	0	0	0	0	0	0	0	0	0	0	0	0	0	0	0	0	0	0
830_831	GTTAAGCAGCTCAACT-10	0	0	0	0	0	1	0	0	0	0	0	0	0	1	0	0	0	0	0	0
830_831	ATTACTCAGGCATTGG-10	0	0	0	0	0	0	0	0	0	0	0	0	1	0	0	0	0	0	0	0
830_831	GAACCTAGTATAGGTA-10	0	0	0	0	0	0	0	0	0	0	0	0	0	0	0	0	0	0	0	0
830_831	GAGGTGACACTATCTT-10	1	0	0	0	0	0	0	0	0	0	0	0	0	0	0	0	0	0	0	0
830_831	CGGAGCTTCACATAGC-10	0	0	0	0	1	0	1	0	0	0	1	0	0	0	0	0	0	0	0	0
830_831	ATTGGACCAATCACAC-10	0	0	0	0	0	0	0	0	0	0	0	0	0	0	0	0	0	1	0	0
830_831	CGCTGGATCTACGAGT-10	0	0	0	0	0	1	0	0	0	0	0	0	0	0	1	0	0	0	0	0
830_831	TTAACTCCAGCCTTTC-10	0	0	0	0	0	1	0	0	0	0	2	0	0	0	0	0	0	0	0	0
830_831	GAGTCCGAGGAGCGTT-10	0	0	0	0	0	0	1	0	0	0	0	0	0	0	0	0	0	0	0	0
830_831	GAGTCCGGTAAGGATT-10	0	0	0	0	0	0	0	0	0	0	0	0	0	0	0	0	0	0	0	0
830_831	TCTGAGAGTGATAAAC-10	0	0	0	0	0	0	0	0	0	0	0	0	0	0	0	0	0	0	0	0
830_831	CGTCACTAGTGCAAGC-10	0	0	0	0	0	0	0	0	0	0	0	0	0	0	0	0	0	0	0	0
830_831	TTCGAAGCACAGACTT-10	0	0	0	0	0	0	0	0	0	0	0	0	0	0	0	0	0	0	1	0
830_831	GTCATTTTCCACTGGG-10	0	0	0	0	0	0	0	0	0	0	0	0	0	0	0	0	0	0	0	0
830_831	CTGCCTATCTTGCCGT-10	1	0	0	0	0	0	0	0	0	0	0	0	0	0	0	0	0	0	0	0
830_831	CTGGTCTTCTCCTATA-10	0	0	0	0	0	0	1	0	0	0	0	0	1	0	0	0	0	0	0	0
830_831	AGTGAGGGTCATTAGC-10	0	0	0	0	0	0	0	0	0	0	0	0	0	0	0	0	0	0	0	0
830_831	CTGATAGGTGAGGGAG-10	0	0	0	0	0	0	0	0	0	0	1	0	1	0	0	1	0	0	0	0
830_831	AGTAGTCGTGCAGACA-10	0	0	0	0	0	0	0	0	0	0	0	0	0	0	0	0	0	0	0	0
830_831	GGTGTTAAGTGGTAGC-10	0	0	0	0	0	0	0	0	0	0	0	0	0	0	0	0	0	0	0	0
830_831	CTGAAGTGTCCATGAT-10	0	0	0	0	0	0	0	0	0	0	1	0	0	0	0	0	0	0	0	0
830_831	AGGGTGACAGGAATGC-10	0	0	0	0	0	1	0	0	0	0	0	0	1	0	0	0	0	0	0	0
830_831	CTTAGGAAGTACATGA-10	1	0	0	0	1	2	0	0	0	0	0	0	0	0	0	0	0	2	1	0
830_831	TTCTCCTTCAAAGTAG-10	0	0	0	0	0	0	0	0	0	0	0	0	0	0	0	0	0	0	0	0
830_831	GGGTTGCAGCACCGTC-10	0	0	0	0	0	0	0	0	0	0	0	0	0	0	0	0	0	0	0	0
830_831	AGTGTCAAGCTTATCG-10	0	0	0	0	0	0	0	0	0	0	0	0	0	0	0	1	0	0	0	0
830_831	ACATGGTTCGCAGGCT-10	0	0	0	0	0	0	1	0	0	0	0	0	0	0	0	0	0	0	1	0
830_831	GGTATTGGTTTGTTTC-10	0	0	0	0	0	0	0	0	0	0	0	0	0	0	0	0	0	1	0	0
830_831	CTCTGGTCACGGATAG-10	0	0	0	0	0	0	0	0	0	0	0	0	0	0	0	0	0	2	0	0
830_831	CTTAGGATCCTGCTTG-10	0	0	0	0	0	0	0	0	0	0	0	0	0	0	0	0	0	0	0	0
830_831	CTCGTACTCAATCACG-10	0	0	0	0	0	0	0	0	0	0	0	0	1	0	0	0	0	0	0	0
830_831	TGATTTCAGAGCTGGT-10	0	0	0	0	1	0	0	0	0	0	0	0	0	0	0	0	0	0	0	0
830_831	TGAGGGATCGCCAGCA-10	0	0	0	0	0	0	0	0	0	0	0	0	0	0	0	0	0	0	0	0
830_831	ATAAGAGGTTCTGTTT-10	0	0	0	0	0	0	0	0	0	0	0	0	0	0	0	0	0	0	0	0
830_831	CTTCTCTAGTCGAGTG-10	0	0	0	0	0	0	0	0	0	0	0	0	0	0	0	0	0	0	0	0
830_831	TGGCTGGAGGGATACC-10	0	0	0	0	0	0	0	0	0	0	0	0	0	0	0	0	0	0	0	0
830_831	TTGCGTCGTACGCACC-10	0	0	0	0	0	1	0	0	0	0	1	0	0	0	0	0	0	0	0	0
830_831	GACCAATCATTACGAC-10	0	0	1	0	0	1	0	0	0	1	0	0	0	0	0	0	0	0	0	0
830_831	ATCATCTTCTGTGCAA-10	0	0	0	0	0	0	0	0	0	0	0	0	0	1	0	0	0	1	0	0
830_831	TGAGCATGTGCCTGCA-10	0	0	0	0	1	0	0	0	0	0	0	0	0	0	0	0	0	0	0	0
830_831	ATCATGGTCTCTTGAT-10	0	0	0	0	0	0	0	0	0	0	0	0	0	0	0	0	0	0	0	1
830_831	TTGTAGGTCGGAAATA-10	0	0	0	0	0	1	1	0	0	0	0	0	0	1	0	0	1	0	0	0
830_831	TGGCTGGTCTTGAGGT-10	0	0	0	0	0	0	0	0	0	1	0	0	0	0	0	0	0	0	0	0
830_831	TGGGAAGGTTAAGACA-10	0	0	0	0	0	0	0	0	0	0	0	0	0	0	0	0	0	0	0	0
830_831	AAGGTTCCAGTAGAGC-10	0	0	0	0	0	0	0	0	0	0	0	0	0	0	0	0	0	1	0	0
830_831	TCTGAGAAGATCCTGT-10	0	0	0	0	0	0	0	0	0	0	0	0	0	0	0	1	0	0	0	0
830_831	AGAGCTTTCATGTGGT-10	0	0	0	0	0	0	0	0	0	0	0	0	1	0	0	0	0	0	0	0
830_831	GCTGCAGCAAGTTGTC-10	0	0	0	0	0	0	1	0	0	0	0	0	0	0	0	0	0	0	0	0
830_831	CATATTCAGAGCTTCT-10	0	0	0	0	0	1	0	0	0	0	0	0	0	0	0	0	0	0	0	0
830_831	CAGTCCTCATACTCTT-10	0	0	0	0	0	0	0	0	0	0	0	0	0	0	0	0	0	0	0	0
830_831	GCTGCGAAGACCCACC-10	0	0	0	0	0	0	0	0	0	0	0	0	0	0	0	0	0	0	0	0
830_831	CAGTAACCATTCCTCG-10	0	0	0	0	0	0	0	0	0	0	0	0	0	0	0	0	0	1	0	0
830_831	GCTGCGATCCCTTGTG-10	0	0	0	0	0	0	1	0	0	0	0	0	0	0	0	0	0	0	0	0
830_831	AACTCTTTCGAACTGT-10	0	0	0	0	0	0	0	0	0	0	0	0	0	0	0	0	0	0	0	0
830_831	GCAGCCACAGACAGGT-10	0	0	0	0	0	0	0	0	0	0	0	0	0	0	0	0	0	1	0	0
830_831	CCATTCGGTGAGGGAG-10	0	0	0	0	0	0	0	0	0	0	0	0	0	0	0	0	0	0	0	0
830_831	GCTGGGTAGATATGGT-10	0	0	0	0	0	0	0	0	0	0	0	0	0	0	0	0	0	0	0	0
830_831	CAGCCGACACAGGAGT-10	0	0	0	0	0	0	0	0	0	0	0	0	0	0	0	0	0	0	0	0
830_831	CCATTCGTCACGATGT-10	0	0	0	0	0	1	0	0	0	0	0	0	0	0	0	0	0	0	0	0
830_831	AAGACCTGTCTAGCCG-10	0	0	0	0	0	0	1	0	0	0	0	0	0	0	0	0	0	0	0	0
830_831	CAGCCGAAGATCTGCT-10	0	0	0	0	0	0	0	0	0	0	0	0	0	0	0	1	1	0	0	0
830_831	CAGCAGCTCAACGCTA-10	0	0	0	0	0	0	0	0	0	0	0	0	2	0	0	1	0	0	0	0
830_831	TACTCGCGTTGATTCG-10	0	0	0	0	0	0	0	0	0	0	0	0	0	0	0	1	0	0	0	0
830_831	TCAATCTAGTACGATA-10	0	0	0	0	0	0	0	0	0	0	0	0	0	0	0	0	0	0	1	0
830_831	TACTCGCGTGCGATAG-10	0	0	0	0	0	0	0	0	0	0	0	0	0	0	0	0	0	1	0	0
830_831	CATCGAAAGTTTGCGT-10	0	0	0	0	0	0	0	0	0	0	0	0	0	0	0	0	0	0	0	0
830_831	GTTCATTCAACTTGAC-10	0	0	0	0	0	0	0	0	0	0	1	0	0	0	0	0	0	0	0	0
830_831	AAGTCTGCAATTCCTT-10	0	0	0	0	0	1	0	0	0	0	0	0	0	0	0	0	0	0	0	0
830_831	AAGTCTGGTAGCAAAT-10	0	0	0	0	0	0	0	0	0	0	0	0	0	0	0	0	0	0	0	0
830_831	ACTGATGCACCAGATT-10	0	0	0	0	0	0	0	0	0	0	0	0	0	0	0	0	0	0	0	0
830_831	GTTCGGGGTACTCAAC-10	0	0	0	0	0	1	0	0	0	0	0	0	1	0	0	0	0	1	0	0
830_831	GTGGGTCGTCTAAACC-10	0	0	0	0	0	0	0	0	0	0	0	0	0	0	0	0	0	1	0	0
830_831	GTGGGTCAGTGGCACA-10	0	0	0	0	0	0	0	0	0	0	0	0	0	0	0	1	0	0	0	0
830_831	GTTTCTAGTTAAAGAC-10	0	0	0	0	0	0	0	0	0	0	0	0	0	0	0	0	0	0	0	0
830_831	ACTTGTTGTCGGGTCT-10	0	0	0	0	0	0	1	0	0	0	0	0	0	0	0	0	0	0	0	0
830_831	GTGCTTCGTTCGTGAT-10	0	0	0	0	0	0	0	0	0	0	0	0	0	0	0	0	0	0	0	0
830_831	AAGGAGCCATACGCTA-10	0	0	0	0	0	0	0	0	0	0	0	0	0	0	0	0	0	0	0	1
830_831	GTGCATACAAGGTGTG-10	0	0	0	0	0	0	0	0	0	0	0	0	1	0	0	0	0	0	0	0
830_831	GCTCCTATCTACTATC-10	0	0	0	0	0	0	0	0	0	0	0	0	0	0	0	0	0	0	0	0
830_831	GCATGTAAGTGTTTGC-10	0	0	0	0	0	0	1	0	0	0	0	0	0	0	0	0	0	0	0	0
830_831	CATCAAGGTACGCACC-10	0	0	0	0	0	0	2	0	0	0	0	0	0	0	0	0	0	0	0	0
830_831	TACTCGCCAAGCGCTC-10	0	0	0	0	0	0	0	0	0	0	0	0	0	0	0	1	0	0	0	1
830_831	GTACTCCTCAGTACGT-10	0	0	0	0	0	0	1	0	0	0	0	0	1	0	0	0	0	0	0	0
830_831	CAGCTGGTCTGTCCGT-10	0	0	0	0	0	0	0	0	0	0	0	0	1	0	0	0	0	3	0	0
830_831	GATCGTATCATAACCG-10	0	0	0	0	0	0	0	0	0	0	0	0	0	0	0	1	0	0	0	0
830_831	CCTTCGACACGGATAG-10	0	0	0	0	0	0	0	0	0	0	0	0	0	0	0	0	0	0	0	0
830_831	TCAGGATCACAACTGT-10	0	0	0	0	0	0	0	0	0	0	0	0	1	0	0	0	0	0	0	0
830_831	GTAGTCACAGGTCGTC-10	0	0	0	0	0	0	1	0	0	0	0	0	0	0	0	0	0	0	0	0
830_831	AACTTTCGTGCAGACA-10	0	0	0	0	0	0	1	0	1	0	0	0	0	0	0	0	0	0	0	0
830_831	CACACAAAGAGTAATC-10	0	0	0	0	1	0	0	0	1	0	0	0	0	0	0	0	0	2	0	0
830_831	CGACTTCAGCCAGTTT-10	0	0	0	0	0	0	1	0	0	0	0	0	0	0	0	1	1	1	0	0
830_831	CCTAAAGAGCGGCTTC-10	0	0	0	0	0	0	0	0	0	0	0	0	1	0	0	0	0	0	0	0
830_831	TCAGATGGTCAGTGGA-10	0	0	0	0	0	0	0	0	0	0	0	0	0	0	0	0	0	0	0	0
830_831	GCACATATCTTGAGAC-10	0	0	0	0	0	0	0	0	0	0	0	0	1	0	0	0	0	0	0	0
830_831	AACTTTCCAGATTGCT-10	0	0	0	0	0	0	0	0	0	0	0	0	0	0	0	0	0	0	0	0
831_832	ACGAGGAGTCCAGTGC-10	0	0	0	0	0	0	0	0	0	0	0	0	0	0	0	0	0	0	0	1
831_832	CAGTCCTGTGAAATCA-10	0	0	0	0	0	0	0	0	0	0	0	0	0	0	0	0	0	0	0	0
831_832	TAGACCACATCCGCGA-10	0	0	0	0	0	0	0	1	0	0	0	0	0	0	0	0	0	0	0	0
831_832	GGGTTGCAGCCAGTAG-10	0	0	0	0	0	0	0	0	0	0	0	0	0	0	0	0	0	0	0	0
831_832	TTTACTGCAGGTCTCG-10	0	0	0	0	0	0	1	0	0	0	1	0	0	0	0	0	0	0	0	0
831_832	GATCGTAAGGAGTCTG-10	0	0	0	0	0	0	0	0	0	0	0	0	0	0	0	0	0	0	0	0
831_832	CATGCCTAGATGCCAG-10	0	0	0	0	0	0	0	0	0	0	0	0	0	0	0	0	0	1	0	0
831_832	ACACCCTAGAGCTGCA-10	0	0	0	0	0	0	0	0	0	0	0	0	0	0	0	0	0	1	0	0
831_832	GTCGTAAGTACGCTGC-10	0	0	0	0	0	0	0	0	0	0	0	0	0	0	0	0	0	1	0	0
831_832	TACGGTAGTGCGAAAC-10	0	0	0	0	0	0	1	0	0	0	0	0	0	0	0	0	0	0	0	0
831_832	TTAGGCAAGACAAAGG-10	0	0	0	0	0	0	0	0	0	0	0	0	0	0	0	0	0	0	0	0
831_832	GGTATTGGTGGCTCCA-10	0	0	0	0	0	1	0	0	0	0	0	0	0	0	0	0	0	1	0	0
831_832	ATGGGAGTCTGTCTCG-10	0	0	0	0	0	0	0	0	0	0	0	0	0	0	0	0	0	0	0	0
831_832	TGTCCCAAGTGTACCT-10	0	0	0	0	0	0	0	0	0	0	0	0	0	0	0	0	0	0	0	0
831_832	GACTACACAGGGATTG-10	0	0	0	0	0	0	1	0	0	0	0	0	0	0	0	0	0	0	0	0
831_832	GTACTCCAGGGAGTAA-10	0	1	0	0	0	0	0	0	0	0	0	0	0	0	0	0	0	0	0	0
831_832	GCCAAATTCATTATCC-10	0	0	0	0	0	0	0	0	0	0	0	0	0	0	0	0	0	0	0	0
831_832	CGACTTCCACACATGT-10	1	0	0	0	0	0	0	0	0	0	0	0	0	0	0	0	0	0	0	0
831_832	GGATTACTCATGGTCA-10	0	0	0	0	0	0	0	0	0	0	0	0	0	0	0	0	0	0	0	0
831_832	TCATTACCAAGGGTCA-10	0	0	0	0	0	0	0	0	0	0	0	0	0	0	0	0	0	0	0	0
831_832	AGGCCACGTGCTCTTC-10	0	0	0	0	0	0	0	0	0	0	1	0	0	0	0	0	0	0	1	0
831_832	GGACGTCCATCCGTGG-10	0	0	0	0	1	1	1	0	0	0	1	0	0	0	0	0	0	0	0	0
831_832	GGACATTCACAACGTT-10	0	0	0	0	0	0	0	0	0	0	0	0	0	0	0	0	0	0	0	0
831_832	ACATACGCAGCTGGCT-10	0	0	0	0	0	1	0	0	0	0	0	0	0	0	0	0	1	0	0	0
831_832	TAGAGCTTCTTGCAAG-10	0	0	0	0	0	0	0	0	1	0	0	0	1	0	0	1	0	0	0	0
831_832	CAGTAACCAGACTCGC-10	0	0	0	0	0	0	0	0	0	0	1	0	0	0	0	0	0	0	0	0
831_832	GACAGAGTCCGTTGCT-10	0	0	0	0	0	0	0	0	0	0	1	0	0	0	0	0	0	1	0	0
831_832	TGACTTTTCAGATAAG-10	0	0	0	0	0	0	0	0	0	0	0	0	0	0	0	0	0	0	0	0
831_832	TCTTCGGGTCCTAGCG-10	0	0	0	0	0	0	0	0	0	0	0	0	0	0	0	0	0	0	0	0
831_832	GACCAATGTCATACTG-10	0	0	0	0	0	0	0	0	0	0	0	0	0	0	0	0	0	0	0	0
831_832	GGGAATGCAGCTATTG-10	0	0	0	0	0	0	0	0	0	0	0	0	0	0	0	0	0	0	0	0
831_832	CCCATACCAGTAGAGC-10	0	0	0	0	0	0	1	0	0	0	0	0	0	0	0	0	0	0	0	0
831_832	TGCACCTTCCAGAGGA-10	0	0	0	0	0	1	2	0	0	0	0	0	1	0	0	0	0	0	0	0
831_832	TGAGCCGTCAGTTAGC-10	0	0	0	0	0	0	0	0	0	0	0	0	1	0	0	0	0	0	0	0
831_832	AGTGTCATCTTTAGGG-10	0	0	0	0	0	0	0	0	0	0	0	0	0	0	0	0	0	1	0	0
831_832	CTCTGGTGTGCGGTAA-10	0	0	0	0	0	0	0	0	0	0	0	0	2	0	0	0	0	0	0	0
831_832	TGCCCATGTAAGTGTA-10	0	0	0	0	0	0	1	0	0	0	0	0	0	1	0	0	0	0	0	0
831_832	ACACCGGTCGCTGATA-10	0	0	0	0	0	0	3	0	0	0	1	0	1	0	0	0	0	1	0	0
831_832	GGCTCGAAGATGTGTA-10	0	0	0	0	0	0	0	0	0	0	1	0	0	0	0	1	0	0	0	0
832_833	ACGGAGACAGCGTCCA-10	0	0	0	0	0	0	0	0	0	0	0	0	0	0	0	0	0	0	0	0
832_833	AGGCCGTGTCAACTGT-10	0	0	0	0	0	0	0	0	0	0	0	0	0	0	0	0	0	0	0	0
832_833	ATCATGGGTCCAAGTT-10	0	0	0	0	0	0	0	0	0	0	0	0	0	0	0	0	0	0	0	0
832_833	AATCCAGCATTTCACT-10	0	0	0	0	0	0	0	0	0	0	0	0	0	0	0	1	0	1	0	0
832_833	TTGTAGGTCTAACTCT-10	0	0	0	0	0	0	0	0	0	0	0	0	0	0	0	0	0	0	0	0
832_833	AAAGATGAGTCCATAC-10	0	0	0	1	0	0	2	0	0	0	0	0	0	0	0	0	0	0	0	0
832_833	AAGGTTCAGATCCCGC-10	0	0	0	0	0	0	0	0	0	0	0	0	0	0	0	0	0	0	0	0
832_833	CAGATCACAGTCAGCC-10	0	0	0	0	0	0	0	0	0	0	0	0	0	0	0	0	0	0	0	0
832_833	AACTTTCCAACACCCG-10	0	0	0	0	0	0	1	0	0	0	0	0	1	0	0	0	0	1	0	1
832_833	AGCTCTCCACTTCGAA-10	0	0	0	0	0	0	0	0	0	0	0	0	0	0	0	0	0	1	0	0
832_833	TTTACTGGTACGACCC-10	0	0	0	0	0	0	0	0	0	0	0	0	0	0	0	0	0	0	0	0
832_833	CAACCAAGTGCCTGCA-10	0	0	0	0	0	0	0	0	0	0	0	0	0	0	0	0	0	0	0	0
832_833	AGGCCACGTAGTACCT-10	0	0	0	0	0	0	0	0	0	0	0	0	0	0	0	0	0	0	0	0
832_833	TTTACTGTCACCGGGT-10	0	0	0	0	0	0	0	0	0	0	0	0	0	0	0	0	0	0	0	0
832_833	AGCTCCTAGCCAGTTT-10	0	0	0	0	0	0	1	0	0	0	0	0	0	0	0	0	0	0	0	0
832_833	ATCTACTAGTACGTTC-10	0	0	0	0	0	0	0	0	0	0	0	0	0	0	0	0	0	0	0	0
832_833	TTGAACGCAAGTACCT-10	0	0	0	0	0	0	0	0	0	0	0	0	0	0	0	0	0	0	0	1
832_833	CATATGGCAATGGTCT-10	0	0	0	0	0	0	0	0	0	0	0	0	0	0	0	0	0	0	0	0
832_833	TTCTCCTCATTGGCGC-10	0	0	0	0	0	0	0	0	0	0	0	0	0	0	0	0	0	0	0	0
832_833	AACCATGAGAACTGTA-10	0	0	0	0	0	0	0	0	0	0	0	0	0	0	0	0	0	0	0	0
832_833	ATGAGGGAGCTAGTGG-10	0	0	0	0	0	1	0	0	0	0	0	0	0	0	0	0	0	0	1	0
832_833	AGCGGTCTCAGGTAAA-10	0	0	0	0	0	0	0	0	0	0	0	0	0	0	0	0	0	0	0	0
832_833	AGTGGGAAGGAACTGC-10	0	0	0	0	0	1	0	0	0	0	1	0	0	0	0	0	0	0	1	0
832_833	AGAGCTTTCACCGGGT-10	0	0	0	0	0	0	0	0	0	0	0	0	0	0	0	0	0	0	0	0
832_833	ATCATCTAGGACAGAA-10	0	0	0	0	0	1	1	0	0	0	0	0	0	1	0	0	0	1	2	1
832_833	ATCTGCCTCACCCTCA-10	0	0	0	0	0	0	0	0	0	0	0	0	1	0	0	0	0	1	0	0
832_833	AGTCTTTAGGGCATGT-10	0	0	0	0	0	0	0	0	0	0	0	0	0	0	0	0	0	0	0	0
832_833	ACGAGGAAGTGAATTG-10	0	0	0	0	0	0	0	0	0	0	0	0	0	0	0	0	0	1	0	1
832_833	CACCAGGCAGGACCCT-10	1	0	0	0	0	0	1	0	0	0	0	0	0	2	0	0	0	0	0	0
832_833	ACGGGTCAGTGAATTG-10	0	0	0	0	0	0	0	0	0	0	0	0	0	0	0	0	0	0	0	0
832_833	ATAGACCTCATACGGT-10	0	0	0	0	0	0	0	0	0	0	0	0	0	0	0	0	0	0	0	0
832_833	AACTTTCGTTTGCATG-10	0	0	0	0	0	0	1	0	0	0	0	0	1	0	0	0	0	0	0	0
832_833	AGGGATGGTATCACCA-10	0	0	0	0	0	0	0	0	0	0	0	0	0	0	0	0	0	0	0	0
832_833	TTGGAACCATTGAGCT-10	0	0	0	0	0	1	0	0	0	0	0	0	0	0	0	0	0	0	0	0
832_833	AAGCCGCCAAGCGAGT-10	0	0	0	0	0	0	0	0	0	0	0	0	0	0	0	1	0	0	0	0
832_833	TGTTCCGCAGTTCATG-10	0	0	0	0	0	0	0	0	0	0	0	0	1	0	0	0	0	1	0	0
832_833	ACGAGGAAGTCGCCGT-10	0	0	0	0	0	0	1	0	0	0	0	0	0	0	0	0	0	0	0	0
832_833	TGCCCTAGTCTGCAAT-10	0	0	0	0	0	0	2	0	0	0	0	0	0	0	0	0	0	2	0	0
832_833	CGTAGCGCACCAACCG-10	0	0	0	0	0	0	0	0	0	0	0	0	1	0	0	0	0	0	0	0
832_833	TAGTTGGGTCATGCCG-10	0	0	0	0	0	0	0	0	0	0	0	0	0	0	0	0	0	0	0	0
832_833	CGTGTCTTCGGAGGTA-10	0	0	0	0	0	0	0	0	0	0	0	0	0	0	0	0	0	0	0	0
832_833	TGAGCCGTCTGTCCGT-10	0	0	0	0	0	0	0	0	0	0	0	0	0	0	0	0	0	0	0	0
832_833	CGGACACTCAGGCCCA-10	0	0	0	0	0	0	0	0	0	0	0	0	0	0	0	0	0	0	0	0
832_833	GCAGCCACATTTCAGG-10	0	0	0	0	0	0	0	0	0	0	0	0	0	0	0	0	0	0	0	0
832_833	GCAGTTAAGATCCCAT-10	0	0	0	0	0	0	0	0	0	0	0	0	0	0	0	0	0	0	0	0
832_833	TCGAGGCTCAACACGT-10	0	0	0	0	0	1	0	0	0	0	0	0	0	0	0	0	1	0	0	0
832_833	GAACATCTCGAATGCT-10	0	0	0	0	0	0	0	0	0	0	1	0	0	0	0	0	0	0	1	0
832_833	GTGAAGGCAACTGCGC-10	0	0	0	0	0	0	0	0	0	0	0	0	0	0	0	0	0	0	0	0
832_833	CTCTGGTAGTAGTGCG-10	0	0	0	0	0	0	0	0	0	0	0	0	0	0	0	0	0	0	0	0
832_833	GAACATCCAGTGGAGT-10	0	0	0	0	0	0	0	0	0	0	0	0	0	0	0	0	0	0	0	0
832_833	GAAGCAGAGGCAAAGA-10	0	0	0	0	0	0	0	0	0	0	0	0	0	0	0	0	0	0	0	0
832_833	CGATTGAGTCTCACCT-10	0	0	0	0	0	0	0	0	0	0	0	0	0	0	0	0	0	0	1	0
832_833	TGCGGGTGTCCGTGAC-10	0	0	0	0	0	0	0	0	0	0	0	0	0	0	0	0	0	0	0	0
832_833	TGAGAGGTCCGTCAAA-10	0	0	0	0	0	0	0	0	0	0	0	0	0	0	0	0	0	1	0	0
832_833	CGATTGAGTTCTGGTA-10	0	0	0	0	0	0	0	0	0	0	0	0	0	0	0	0	0	0	0	0
832_833	GTGCAGCGTAGCAAAT-10	0	0	0	0	0	1	0	0	0	0	0	0	0	0	0	0	0	0	0	0
832_833	CGTCTACGTCACCTAA-10	0	0	0	0	0	1	0	0	0	0	0	0	0	0	0	0	0	0	0	0
832_833	GTCGGGTTCAGAGCTT-10	0	0	0	0	0	1	0	0	0	0	0	0	0	0	0	0	0	0	0	0
832_833	TCTCTAATCACCGTAA-10	0	0	0	0	0	0	2	0	0	0	0	0	1	0	1	0	0	0	0	0
832_833	GAACGGATCTGCAGTA-10	0	0	0	0	0	0	0	0	0	0	0	0	0	0	0	0	0	0	0	0
832_833	CTGCTGTGTGACCAAG-10	0	0	0	0	0	0	0	0	0	0	0	0	0	0	0	0	0	0	0	0
832_833	CGCTGGAGTGGAAAGA-10	0	0	0	0	0	0	0	0	0	0	0	0	0	0	0	0	0	0	0	0
832_833	CCTACACAGTGTCCCG-10	0	0	0	0	0	1	0	0	0	0	0	0	0	0	0	0	0	0	0	0
832_833	GTTAAGCGTCCGAAGA-10	0	0	0	0	0	0	0	0	0	0	0	0	0	0	0	0	0	0	0	0
832_833	CCGGGATCATGTCTCC-10	0	0	0	0	0	1	0	0	0	0	0	0	0	0	0	0	0	0	0	0
832_833	GACGCGTGTGCGAAAC-10	0	0	0	0	1	0	1	0	0	0	0	0	0	0	0	0	0	0	1	0
832_833	CATGGCGGTTCTGAAC-10	0	0	0	0	0	0	1	1	0	0	0	0	0	0	0	0	0	0	0	0
832_833	CGTCTACGTATGAATG-10	0	0	0	0	0	0	0	0	0	0	0	0	0	0	0	0	0	0	1	0
832_833	GAGGTGAGTCGGGTCT-10	0	0	0	0	0	0	0	0	0	0	0	0	0	0	0	0	0	0	0	0
832_833	GATCGATCAGCTGTAT-10	0	0	0	0	0	0	0	0	0	0	1	0	0	0	0	0	0	1	0	0
832_833	GATCGATTCTAACGGT-10	0	0	0	0	0	0	0	0	0	0	0	0	0	0	0	0	0	0	0	0
832_833	TGACAACTCACAATGC-10	0	0	0	1	0	0	0	0	0	0	0	0	0	0	0	0	0	0	0	1
832_833	GATGAAAGTGAGGGAG-10	0	0	0	0	0	0	0	0	0	0	0	0	0	0	0	0	0	0	0	0
832_833	GACGTTACAGCATGAG-10	0	0	0	0	0	0	0	0	0	0	0	0	0	0	0	0	0	0	0	0
832_833	GTAGGCCCAAGCCATT-10	0	0	0	0	0	0	0	0	0	0	0	0	0	0	0	0	0	1	0	0
832_833	GAATAAGCATGCCTTC-10	0	0	0	0	1	0	0	0	0	0	0	0	0	0	0	0	0	0	0	0
832_833	CCTCAGTTCATGTAGC-10	0	0	0	0	0	0	0	0	0	0	0	0	0	0	0	0	0	1	0	0
832_833	TGTCCCAAGCCATCGC-10	0	0	0	0	0	0	0	0	0	0	0	0	0	0	0	0	0	0	0	0
832_833	TGTATTCAGCGGCTTC-10	0	0	0	0	0	1	1	0	0	0	0	0	0	0	0	0	0	0	0	0
832_833	GGCGTGTCACCATGTA-10	0	0	0	0	0	0	0	0	0	0	0	0	0	0	0	1	1	2	0	0
832_833	CATCAAGTCCAAATGC-10	0	0	0	0	0	0	0	0	0	0	0	0	0	0	0	0	0	0	0	0
832_833	GGATTACCATACGCTA-10	0	0	0	0	0	0	0	0	0	0	0	0	0	0	0	0	0	0	0	0
832_833	GAAATGAGTCTGCGGT-10	0	0	0	0	0	1	0	0	2	0	0	0	0	0	0	0	0	0	0	0
832_833	GTAACTGGTTAAGACA-10	0	0	0	0	0	0	0	0	0	0	1	0	0	0	0	0	0	0	0	0
832_833	GGACATTAGTTAAGTG-10	0	0	0	0	0	0	1	0	0	0	0	0	0	0	0	0	0	0	0	0
832_833	GGAATAAAGTCGCCGT-10	0	0	0	0	0	0	1	0	0	0	0	0	0	0	0	0	0	0	0	0
832_833	CTCGTCATCTGCCCTA-10	0	0	0	0	0	0	0	0	1	0	2	0	0	0	0	0	0	0	1	0
832_833	CTTGGCTTCCAAAGTC-10	0	0	0	0	0	3	0	0	0	0	0	0	0	0	0	0	0	0	0	0
832_833	TACTTGTAGTACGATA-10	0	0	0	0	0	1	0	0	0	0	0	0	0	0	0	0	0	1	0	0
832_833	CCCAGTTAGATGCCAG-10	1	0	0	0	0	0	0	0	0	0	0	0	0	0	0	0	0	0	0	0
832_833	CGGTTAAGTGCAACGA-10	0	0	0	0	0	0	2	0	0	0	0	0	0	0	0	0	0	0	0	0
832_833	CCTACACTCCTCGCAT-10	0	0	0	0	0	0	0	0	0	0	0	0	0	0	0	0	0	0	0	0
832_833	TCAGCTCTCTCTGAGA-10	0	0	0	0	0	0	0	0	0	0	0	0	0	0	0	0	0	0	0	0
832_833	CCTTTCTAGGAATTAC-10	0	0	0	0	0	0	0	0	0	0	0	0	0	0	0	0	0	0	0	0
832_833	GTCACGGTCTGCAGTA-10	0	1	0	0	0	0	0	0	0	0	0	0	0	0	0	0	0	1	0	0
832_833	GCGCAACGTTTGGCGC-10	0	0	0	0	0	0	0	0	0	0	0	0	0	0	0	0	0	0	0	0
832_833	CGGTTAAGTGAGGCTA-10	0	0	0	0	0	0	0	0	0	0	0	0	0	0	0	0	0	1	0	0
832_833	CCTTTCTAGTTAGGTA-10	0	0	0	0	0	0	1	0	0	0	1	0	0	0	0	0	0	1	0	0
832_833	GCTCCTAAGAAGAAGC-10	0	0	0	0	0	0	0	0	0	0	0	0	1	0	0	0	0	0	0	0
832_833	CATCGAATCGACAGCC-10	1	0	0	0	0	0	0	0	0	0	0	0	0	0	0	0	1	1	0	0
832_833	GCTGCTTGTAACGCGA-10	0	0	0	0	0	0	0	0	0	0	0	0	0	0	0	1	0	0	0	0
832_833	CATGCCTCAAGCTGGA-10	0	0	0	0	0	0	0	0	0	0	0	0	0	0	0	0	0	0	0	0
832_833	CCACTACCATTAGGCT-10	0	0	0	0	0	0	0	0	0	0	0	0	0	0	0	0	0	0	0	0
832_833	GTCAAGTGTCTCCACT-10	0	0	0	0	0	0	0	0	0	0	1	0	1	0	0	0	0	0	0	0
832_833	TGGACGCCATAGTAAG-10	0	0	0	0	0	0	0	0	0	0	1	0	0	0	0	0	0	1	0	0
832_833	CCTTCCCGTTCGCGAC-10	0	0	0	0	0	0	0	0	0	0	0	0	1	0	0	0	0	0	0	0
834_835	TTCTCCTAGGATCGCA-11	0	0	0	0	0	0	0	0	0	0	0	0	0	0	0	0	0	0	0	0
834_835	AACTGGTTCTGAGTGT-11	0	0	0	0	0	1	0	0	0	0	1	0	1	1	0	0	0	0	0	0
834_835	AGGCCACCAGCCAGAA-11	0	0	0	0	0	0	0	0	0	0	1	0	1	0	0	0	0	0	0	0
834_835	CTCCTAGTCTAACTTC-11	0	0	0	0	0	0	1	0	0	0	0	0	1	0	0	0	0	1	1	0
834_835	TTGGCAATCCAATGGT-11	0	0	0	0	0	0	1	0	0	0	0	0	0	0	0	1	0	1	0	0
834_835	TTCTCCTAGGAATCGC-11	0	0	0	0	0	0	0	0	0	0	0	0	0	0	1	0	0	0	0	0
834_835	AGGTCATTCTTCGAGA-11	0	0	0	0	0	0	0	0	0	0	0	0	0	0	0	0	0	0	0	0
834_835	GACAGAGAGTAATCCC-11	0	0	0	0	0	0	0	0	0	0	1	0	1	0	0	0	0	0	0	0
834_835	TACGGGCTCTTCCTTC-11	0	0	0	0	0	1	0	0	0	0	0	0	0	0	0	0	0	1	0	0
834_835	TACCTATGTAGCGCAA-11	0	0	0	0	0	0	0	0	0	0	0	0	0	0	0	0	0	0	0	0
834_835	AGTAGTCTCTCGGACG-11	3	0	0	0	0	1	1	0	0	0	2	0	5	1	0	1	0	0	0	0
834_835	TTTGCGCCATGCGCAC-11	0	0	0	0	0	0	0	0	0	0	0	0	0	0	0	1	0	0	0	0
834_835	CTCGGAGAGACACGAC-11	0	0	0	0	0	0	0	0	0	0	0	0	0	0	0	0	0	1	0	0
834_835	GCGACCAGTATAGGGC-11	0	0	0	0	0	0	0	0	0	0	0	0	0	0	0	0	0	0	0	1
834_835	AAGGAGCCACGTCAGC-11	0	0	0	0	0	0	0	0	0	0	0	0	0	0	0	0	0	0	0	0
834_835	GACACGCGTATATGAG-11	0	0	0	0	0	0	0	0	0	0	0	0	0	0	0	0	0	0	0	0
834_835	CGATTGAGTTAGAACA-11	0	0	0	0	0	1	0	0	0	0	0	0	0	0	0	0	0	0	0	0
834_835	GGAGCAAGTCTTGATG-11	0	0	0	0	0	0	1	0	0	0	0	0	0	0	0	0	0	0	0	0
834_835	GATCTAGGTCGGCATC-11	1	0	0	0	0	0	0	0	0	0	0	0	0	0	0	1	0	1	0	0
834_835	TGGGCGTCACCGATAT-11	0	0	0	0	0	0	0	0	0	0	0	0	0	0	0	0	0	0	0	0
834_835	GGGTCTGAGGCAATTA-11	0	0	0	0	0	0	0	0	0	0	2	0	0	0	0	0	0	0	0	0
834_835	TAAGCGTTCGGAAATA-11	0	0	0	0	0	0	0	0	0	0	0	0	0	0	0	1	0	0	0	0
834_835	ACTGAGTCATTTGCTT-11	0	0	0	0	0	0	0	0	0	0	0	0	0	0	0	0	0	0	0	0
834_835	GACTAACGTGCACTTA-11	0	0	0	0	0	0	0	0	0	0	0	0	1	0	0	0	0	1	0	0
834_835	GACTACAGTAGCGCAA-11	0	0	0	0	0	0	0	0	0	0	0	0	1	0	0	0	0	0	0	0
834_835	TCTTCGGTCGCAAACT-11	0	0	0	0	0	1	0	0	0	0	0	0	0	0	0	0	0	1	0	0
834_835	ACTGTCCGTCGCATAT-11	0	0	0	0	0	0	0	0	0	0	0	0	0	0	0	0	1	0	0	0
834_835	ACTTACTGTCTGCCAG-11	0	0	0	0	0	0	1	0	0	0	0	0	0	0	1	2	0	1	0	0
834_835	CGATGGCGTTTGACAC-11	0	0	0	0	1	0	0	0	0	0	0	0	0	0	0	0	0	0	0	1
834_835	TAAGAGATCGCGCCAA-11	0	0	0	0	0	0	0	0	0	0	0	0	1	0	0	0	0	0	0	1
834_835	ACTTTCAAGTGAACAT-11	0	0	0	0	0	0	0	0	0	0	0	0	0	1	0	0	0	0	0	0
834_835	CCCATACGTTCCTCCA-11	0	0	0	0	0	0	0	0	0	0	0	0	0	0	0	0	0	0	0	0
834_835	GCGCAGTAGGCTCATT-11	0	0	0	0	0	0	0	0	0	0	0	0	1	0	0	1	0	0	0	0
834_835	GACGTTATCGGTTCGG-11	0	0	0	0	0	0	0	0	0	0	0	0	0	0	0	0	0	0	0	0
834_835	ACATGGTCAGCCTATA-11	0	0	0	0	0	0	0	0	0	0	0	0	1	0	0	0	0	0	0	0
834_835	AGAATAGCATTCACTT-11	0	0	0	0	0	0	1	0	0	0	0	0	1	0	0	0	0	0	0	0
834_835	GCGCAACGTGTGCGTC-11	0	0	0	0	0	0	1	0	0	0	0	0	0	0	0	1	0	0	0	0
834_835	CGAGCACCATTACCTT-11	0	0	0	0	0	0	0	0	0	0	0	0	0	0	0	1	0	0	0	0
834_835	ACAGCTAGTAGGGACT-11	0	0	0	0	0	0	0	0	0	0	0	0	0	0	0	0	0	0	0	0
834_835	GACGTGCGTTCTGAAC-11	0	0	0	0	0	0	0	0	0	0	0	0	0	0	0	0	0	0	0	1
834_835	GTTCTCGGTGATGCCC-11	0	0	0	0	0	0	0	0	0	0	0	0	0	0	0	0	0	0	0	0
834_835	AGATCTGAGGAGCGAG-11	0	0	0	0	0	0	1	0	0	0	0	0	0	0	0	0	0	1	0	0
834_835	GGGATGAGTTACGACT-11	0	0	0	0	0	1	0	0	0	0	0	0	0	0	0	0	0	1	0	0
834_835	AGCATACAGTCGCCGT-11	0	0	0	0	0	0	0	0	0	0	0	0	1	0	0	0	0	0	0	0
834_835	AGCCTAACATGAAGTA-11	0	0	0	0	0	0	0	0	0	0	0	0	0	0	0	0	0	0	0	0
834_835	AGCGGTCCAAGCCTAT-11	0	0	0	0	0	0	0	0	0	0	0	0	1	0	0	0	0	0	0	0
834_835	CTCTAATGTTTCCACC-11	0	0	0	0	0	0	0	0	0	0	0	0	0	0	0	0	0	3	0	0
834_835	TCTGGAAAGAATTCCC-11	0	0	0	0	0	0	0	0	0	0	0	0	0	0	0	0	0	1	0	0
834_835	GGGATGACACAGGCCT-11	0	0	0	0	0	0	0	0	0	0	0	0	0	0	0	0	0	0	0	0
834_835	GATGCTAAGTAGGCCA-11	0	0	0	0	0	0	0	0	0	0	0	0	0	0	0	1	0	0	0	0
834_835	CTAATGGAGATATACG-11	0	0	0	0	0	0	1	0	0	0	0	0	1	0	1	0	0	0	0	0
834_835	AACACGTTCTGCCCTA-11	0	0	0	0	0	0	0	0	0	0	0	0	0	0	0	0	0	0	0	0
834_835	ATTCTACGTTCAGTAC-11	0	0	0	0	0	0	0	0	0	0	0	0	0	0	0	0	0	0	0	0
834_835	GTCACGGCAAAGTCAA-11	0	0	0	0	0	0	0	0	0	0	0	0	0	0	0	0	0	0	0	0
834_835	ATCTGCCTCCGTCAAA-11	0	0	0	0	0	0	1	0	0	0	0	0	1	0	0	0	0	0	0	0
834_835	TAGCCGGCACGTCTCT-11	0	0	0	0	0	0	0	0	0	0	0	0	0	0	0	0	0	0	0	0
834_835	CACACCTCAGGGTATG-11	0	0	0	0	0	1	0	0	0	0	1	0	1	0	0	0	0	0	0	0
834_835	GCACTCTCAGATAATG-11	0	0	0	0	0	0	0	0	0	0	3	0	1	0	0	0	0	0	0	0
834_835	TGCCCATGTACCGAGA-11	0	0	0	0	0	0	0	0	0	0	1	0	0	0	0	0	0	0	0	0
834_835	GTGAAGGGTACGAAAT-11	0	0	0	0	0	0	0	0	0	0	0	0	0	0	0	0	0	0	0	0
834_835	TGGTTCCGTTTACTCT-11	0	0	0	0	0	0	0	0	0	0	0	0	0	0	0	0	0	0	0	0
834_835	TTAGGCATCGTGGACC-11	0	0	0	0	1	1	0	0	0	0	0	0	2	0	0	0	0	0	0	0
834_835	TCTATTGTCTAAGCCA-11	0	0	0	0	0	0	0	0	0	0	0	0	0	0	0	0	0	0	0	0
834_835	GTCACGGTCGGTTCGG-11	0	0	0	0	0	0	0	0	0	0	0	0	0	0	0	0	0	1	0	0
834_835	TTGACTTAGTTGCAGG-11	0	0	0	0	0	0	0	0	0	0	0	0	0	0	0	0	0	0	0	0
834_835	CTTACCGTCCAGAGGA-11	0	0	0	0	0	0	0	0	0	0	0	0	0	0	0	0	0	0	0	0
834_835	TGTGGTAGTTCAGGCC-11	0	0	0	0	0	0	0	0	0	0	0	0	0	0	0	0	0	0	0	0
834_835	GTCATTTAGTTACCCA-11	0	0	0	0	0	0	1	0	0	0	0	0	0	0	0	0	0	0	0	0
834_835	GTAGGCCCAGGACGTA-11	0	0	0	0	0	1	0	0	0	0	0	0	0	0	0	0	0	1	0	0
834_835	GTACTTTGTCTCATCC-11	0	0	0	0	0	0	0	0	0	0	0	0	0	0	0	0	0	0	0	0
834_835	TGTGGTAAGAGGGATA-11	0	0	0	0	0	1	0	0	0	0	0	0	0	0	0	0	0	0	0	0
834_835	CGTCACTGTTATTCTC-11	0	0	0	0	0	0	0	0	0	0	0	0	0	0	0	0	0	0	1	0
834_835	CGTCCATCATACTACG-11	0	0	0	0	0	0	0	0	0	1	0	0	0	0	0	0	0	0	0	0
834_835	ATTCTACGTAATCACC-11	0	0	0	0	0	1	0	0	0	0	0	0	0	1	0	1	0	0	0	0
834_835	GTCAAGTTCCCTAACC-11	0	0	0	0	0	0	0	0	0	0	1	0	0	0	0	0	1	0	0	0
834_835	TACTTACAGCCAGAAC-11	0	0	0	0	0	0	0	0	0	0	0	0	0	0	0	0	0	0	0	1
834_835	GTGCATACATTAGCCA-11	0	0	0	0	0	0	0	0	0	0	0	0	0	0	0	0	0	0	0	0
834_835	TCAGATGTCCATTCTA-11	0	0	0	0	0	0	0	0	0	0	0	0	0	0	0	0	0	1	0	0
834_835	ACTATCTTCAGCTCTC-11	0	0	0	0	0	0	0	0	0	0	0	1	1	0	0	0	1	0	0	1
834_835	CAGATCACATACTCTT-11	0	0	0	0	0	0	0	0	0	0	0	0	0	0	0	0	0	0	0	0
834_835	GTGCAGCCACACGCTG-11	0	0	0	0	0	0	0	0	0	0	0	0	0	0	0	0	0	0	0	0
834_835	TTTGTCACAGGATTGG-11	0	0	0	0	0	0	0	0	0	0	0	0	0	0	0	0	0	0	0	0
834_835	GAAGCAGAGTGCGTGA-11	0	0	0	0	0	0	0	0	0	0	0	0	0	0	0	0	0	0	0	0
834_835	CTACGTCGTTTGGGCC-11	0	0	0	0	0	0	0	0	0	0	0	0	0	0	0	0	0	0	0	0
834_835	TCTCATACATTGCGGC-11	1	0	0	1	0	0	0	0	0	0	0	0	0	0	0	0	1	0	0	0
834_835	GAACGGAAGGAGCGAG-11	0	0	0	0	0	0	0	0	0	0	0	0	0	0	1	0	0	0	0	0
834_835	CGGACACCACAACGTT-11	0	0	0	0	0	0	0	0	0	0	1	0	0	0	0	0	0	0	0	0
834_835	GTAACTGGTGGAAAGA-11	0	0	0	0	0	0	0	0	0	0	0	0	0	0	0	0	0	0	0	0
834_835	AAAGTAGCAGCTGTTA-11	0	0	0	0	0	0	0	0	0	0	1	0	0	0	0	0	0	0	0	0
834_835	GCATGCGCAGATTGCT-11	0	0	0	0	0	0	2	0	0	0	1	0	0	1	0	0	0	0	0	0
834_835	GATTCAGTCTCTAAGG-11	0	0	0	0	0	0	0	0	0	0	0	0	0	0	0	0	0	0	0	0
834_835	AAAGCAACAGCCTTGG-11	0	0	0	0	0	0	0	0	0	0	0	0	0	0	0	0	0	0	0	1
834_835	AAAGCAACACAGACTT-11	0	0	0	0	0	1	0	0	0	0	0	0	0	0	0	1	0	0	0	0
834_835	CACATAGTCTACTCAT-11	0	0	0	0	0	0	0	0	0	0	0	0	1	0	0	0	0	1	0	0
834_835	CTTCTCTGTGGAAAGA-11	0	0	0	0	0	0	1	0	0	0	0	0	0	0	0	0	0	0	0	0
834_835	CATCAGAAGGATGGTC-11	0	0	0	0	0	0	0	0	0	0	0	0	0	0	0	0	0	0	0	0
835_836	CAACCTCCACCCAGTG-11	0	0	0	0	0	0	0	0	0	0	0	0	1	0	0	0	0	0	0	0
835_836	CCATGTCCATTACGAC-11	0	0	0	0	0	0	0	0	0	0	0	0	0	0	0	0	0	0	0	0
835_836	GTAGTCATCATAACCG-11	0	0	0	0	0	0	0	0	0	0	0	0	0	0	0	0	0	0	0	0
835_836	CAACCAATCAATAAGG-11	0	0	0	0	0	0	0	0	0	0	0	0	0	0	0	0	0	1	0	0
835_836	TGACGGCTCAACACGT-11	0	0	0	0	0	0	0	0	0	0	1	0	0	0	0	0	0	0	1	0
835_836	TTCTTAGAGACCCACC-11	0	0	0	0	0	0	0	0	0	0	0	0	0	0	0	1	0	0	0	0
835_836	GTATCTTGTGCGGTAA-11	0	0	0	0	0	0	0	0	0	0	0	0	0	0	0	0	0	0	0	0
835_836	CAAGTTGTCGGGAGTA-11	0	0	0	0	1	0	0	0	0	0	1	1	0	0	0	0	0	1	0	0
835_836	CAGCATACACCTTGTC-11	0	0	0	0	0	0	0	0	0	0	0	0	0	1	0	0	1	3	0	0
835_836	CCCATACTCACAGTAC-11	0	0	0	0	0	1	0	0	0	0	0	0	2	0	0	1	0	0	0	1
835_836	TTAACTCAGGTGACCA-11	0	0	0	0	0	1	0	0	0	0	0	0	0	0	0	1	0	1	0	0
835_836	ACTGATGGTACTCAAC-11	0	0	0	0	0	0	0	0	0	0	0	0	0	0	0	1	0	0	0	0
835_836	TCAGGTAAGATGTAAC-11	0	0	0	0	0	0	1	0	0	0	0	0	0	0	0	0	0	0	0	0
835_836	CTGATCCGTCCTCCAT-11	1	0	0	0	0	0	0	0	0	0	0	0	0	0	0	1	0	0	0	0
835_836	CTGATCCAGAATAGGG-11	0	0	0	0	0	0	0	0	0	0	0	0	0	0	0	0	0	0	1	0
835_836	ACTGTCCAGCTCCTTC-11	0	0	0	0	0	0	0	0	0	0	0	0	0	0	0	0	0	0	0	0
835_836	CACAGTACAGGGAGAG-11	0	0	0	0	0	0	1	0	0	0	0	0	0	0	0	0	0	1	0	0
835_836	CACTCCACAACAACCT-11	0	0	0	0	0	1	0	0	1	0	0	0	3	0	0	0	0	0	0	0
835_836	CCATGTCCACTTAAGC-11	0	0	0	0	0	0	0	0	0	0	0	0	0	0	0	0	0	0	0	0
835_836	GTAACTGAGCATCATC-11	0	0	0	0	0	0	0	0	0	0	0	0	0	0	0	0	0	1	0	0
835_836	GTAGGCCAGCGTTGCC-11	0	0	0	0	0	0	0	0	1	1	0	0	0	0	0	0	0	0	0	0
835_836	CATTCGCTCTGCCAGG-11	0	0	0	0	0	0	0	0	0	0	0	0	0	0	0	0	0	1	0	0
835_836	TGCTGCTGTCCGAAGA-11	0	0	0	0	0	0	0	0	0	0	0	0	0	0	0	0	0	0	0	0
835_836	CATATGGCATCCCACT-11	0	0	0	0	0	0	0	0	0	0	0	0	0	0	0	0	0	0	0	0
835_836	GTGTTAGTCGCGCCAA-11	1	0	0	0	0	1	0	0	0	0	2	0	1	0	0	0	0	1	0	0
835_836	TGGCGCAAGATATGGT-11	0	0	0	0	0	0	0	0	0	0	0	0	0	0	0	0	0	1	0	0
835_836	TGGCTGGTCCTCATTA-11	0	0	0	0	0	0	1	0	0	0	0	0	1	0	0	0	1	1	0	0
835_836	ATCTGCCTCATCGCTC-11	0	0	0	0	0	0	0	0	0	0	0	0	0	0	0	0	0	0	0	0
835_836	GCAATCAAGTCATCCA-11	0	0	0	0	0	0	0	0	0	0	0	0	0	0	0	0	0	1	0	0
835_836	GTGCTTCGTAGCTAAA-11	0	0	0	0	0	0	0	0	0	0	0	0	0	0	0	0	0	0	0	0
835_836	TTGAACGTCTTGGGTA-11	0	0	0	0	0	0	0	0	0	0	0	0	0	0	1	1	1	0	0	0
835_836	AGTCTTTTCTCTAAGG-11	0	0	0	0	0	0	0	0	0	0	0	0	0	0	0	0	0	0	0	0
835_836	GTGCATAGTCCGCTGA-11	0	0	0	0	0	0	0	0	0	0	0	0	0	0	0	0	0	2	0	0
835_836	AGTGGGAAGAGTCTGG-11	0	0	0	0	0	0	0	0	0	0	0	0	0	0	0	0	1	0	0	0
835_836	CATCGGGCATGAAGTA-11	0	0	0	0	0	0	0	0	0	0	0	0	0	0	0	0	0	0	0	0
835_836	GTGGGTCAGGCTCTTA-11	0	0	0	0	0	0	0	0	0	0	0	0	0	0	0	0	0	1	1	0
835_836	CAACCAACAAGACGTG-11	0	0	0	0	0	0	0	0	0	0	0	0	0	0	0	1	0	0	0	0
835_836	CTGTGCTTCGATAGAA-11	0	0	0	0	0	0	1	0	0	0	0	0	0	0	0	0	0	0	0	0
835_836	GTACTCCCACGGATAG-11	0	0	0	0	0	0	0	0	0	0	0	0	1	0	0	0	0	1	0	0
835_836	AGAGCGACAGTCGATT-11	0	0	0	0	0	1	0	0	0	0	0	0	0	0	0	0	0	0	1	0
835_836	AGAGCTTGTACAAGTA-11	0	0	0	0	0	0	0	0	0	0	0	0	0	0	1	0	0	0	0	0
835_836	CCTCTGAAGGGATACC-11	0	0	0	0	0	0	0	0	0	0	0	0	0	0	0	0	0	0	0	0
835_836	GTTCGGGTCACTCCTG-11	0	0	0	0	0	0	1	0	0	0	0	0	0	0	0	0	0	1	0	0
835_836	CAGGTGCAGGATGGTC-11	0	0	0	0	0	0	1	0	0	0	0	0	0	0	0	0	1	1	0	0
835_836	AGATCTGCACTTAACG-11	0	0	0	0	0	1	0	0	0	0	1	0	0	0	0	0	1	0	0	0
835_836	CAGTCCTTCTCGAGTA-11	0	0	0	1	0	0	0	0	0	0	1	0	0	0	0	0	0	1	0	0
835_836	ATTGGACGTGCTTCTC-11	0	0	0	0	0	0	0	0	0	0	0	0	0	0	0	0	0	0	0	0
835_836	CCTACCACACCACCAG-11	0	0	0	0	0	0	0	0	0	0	0	0	0	0	0	1	0	0	0	0
835_836	TTAGGACGTTCGGGCT-11	0	0	0	0	0	0	0	0	0	0	0	0	1	0	0	0	0	0	0	0
835_836	AGCATACTCCGCAGTG-11	0	0	0	0	0	0	0	0	0	0	0	0	0	0	0	0	0	0	0	1
835_836	ATTATCCAGATGCGAC-11	0	0	0	0	0	0	0	0	0	0	0	0	0	0	0	1	0	0	0	0
835_836	GTCTTCGAGGCACATG-11	0	0	0	0	0	1	0	0	0	0	0	0	0	0	0	1	0	1	0	0
835_836	CTGATAGGTTGCCTCT-11	0	0	0	0	0	0	1	0	0	0	0	0	0	0	0	0	0	0	0	0
835_836	CCACCTAGTCGGCTCA-11	0	0	0	0	0	0	0	0	0	0	0	0	0	0	0	0	0	0	0	0
835_836	TATTACCCAAGAAAGG-11	0	0	0	0	0	1	0	0	0	0	0	0	1	0	0	0	0	2	0	0
835_836	CTGAAGTTCAAACCAC-11	0	0	0	0	0	1	0	0	0	0	0	0	0	1	0	0	0	0	0	0
835_836	TACGGGCAGTTTGCGT-11	0	0	0	0	0	0	0	0	0	0	0	0	0	0	0	0	1	0	0	0
835_836	CGATTGATCTTTCCTC-11	0	0	0	0	0	0	0	0	0	0	0	0	0	0	0	1	1	0	0	0
835_836	CGTCTACAGCCTCGTG-11	0	0	0	0	0	0	0	0	0	0	0	0	0	0	0	0	0	0	0	0
835_836	GGCGACTTCGGAGCAA-11	0	0	0	0	0	0	0	0	0	0	0	0	0	0	0	1	0	1	1	0
835_836	GAACATCAGCCGGTAA-11	0	0	0	0	0	0	0	0	0	0	0	0	0	0	0	0	0	0	0	0
835_836	CTCCTAGCAGACAAAT-11	0	0	0	0	0	0	0	0	0	0	0	0	2	0	0	0	1	0	0	0
835_836	ACATACGAGCGTCTAT-11	0	0	0	0	0	0	0	0	0	0	0	0	0	0	0	0	0	1	0	0
835_836	CTGTTTATCGCAAACT-11	0	0	0	0	0	0	0	0	0	0	0	0	0	0	0	1	0	0	0	0
835_836	GACAGAGTCAGCTCGG-11	0	0	0	0	0	0	0	0	0	0	0	0	0	0	0	0	0	0	0	0
835_836	AAGTCTGAGCGTCTAT-11	0	0	0	0	0	0	0	0	0	0	0	0	0	0	0	0	0	0	0	0
835_836	TTCCCAGTCGGCCGAT-11	0	0	0	0	0	0	0	0	1	1	1	0	1	0	0	0	1	0	0	0
835_836	TGCCCTAGTTGTGGAG-11	0	0	0	0	0	0	0	0	0	0	0	0	0	0	0	0	0	0	0	0
835_836	CGTGTCTAGCGTGAGT-11	0	0	0	0	0	0	0	0	0	0	0	0	0	0	0	0	0	0	0	0
835_836	TTTGGTTGTAGCAAAT-11	0	0	0	0	0	0	0	0	0	0	1	0	0	0	0	0	0	0	0	0
835_836	GACGGCTCACATCCGG-11	0	0	0	0	0	1	1	0	0	1	0	0	1	0	0	0	0	2	0	0
835_836	TTCGGTCAGGATATAC-11	0	0	0	0	0	0	0	0	0	0	0	0	0	0	0	0	0	0	0	0
835_836	GGAACTTAGCTAAACA-11	0	0	0	0	0	0	0	0	0	0	0	0	0	0	1	0	0	0	0	0
835_836	TAGTTGGAGCTGATAA-11	0	0	0	0	0	0	0	0	0	0	1	0	0	0	0	0	0	0	0	1
835_836	CGCGTTTGTGAAATCA-11	0	0	0	0	0	1	0	0	0	0	0	0	0	0	0	0	0	0	0	0
835_836	ACACTGAGTTCTGGTA-11	0	0	0	0	0	0	0	0	0	0	0	0	0	0	0	0	0	0	0	0
835_836	GGGAGATTCGGTTAAC-11	0	0	0	0	1	0	0	0	0	0	0	0	0	0	0	0	0	0	0	0
835_836	TGCGGGTTCTAACTTC-11	0	0	0	0	0	0	0	0	0	0	2	0	0	0	0	0	0	0	0	0
835_836	AAAGTAGAGTGCCATT-11	0	0	0	0	0	1	0	0	0	0	0	0	0	0	0	0	0	0	0	0
835_836	AACTCCCCACGTCAGC-11	0	0	0	0	0	1	0	0	0	0	0	0	0	0	0	0	0	1	0	1
835_836	CTACGTCCAGGATCGA-11	0	0	0	0	0	1	0	0	0	0	0	0	0	0	0	0	0	0	0	0
835_836	GGGATGACATGTAGTC-11	0	0	0	0	0	0	0	0	0	0	0	0	0	0	0	0	0	0	0	0
835_836	CTCTGGTGTTCGGGCT-11	0	0	0	0	0	0	1	0	0	0	0	0	1	0	0	0	0	0	0	0
835_836	CTCAGAATCACGAAGG-11	0	0	0	0	0	0	0	0	0	0	0	0	0	0	0	0	0	0	0	0
835_836	TAGGCATAGACTAAGT-11	0	0	0	0	0	2	0	0	1	0	0	0	0	0	0	0	0	0	0	0
835_836	TGGTTAGTCAACACTG-11	0	0	0	0	0	0	0	0	0	0	0	0	0	0	0	0	0	0	0	0
835_836	TGCGGGTCACACAGAG-11	0	0	0	0	0	0	0	0	0	0	0	0	0	0	0	0	0	0	0	0
835_836	AACTGGTGTTCCGTCT-11	0	0	0	0	0	0	0	0	0	0	0	0	0	0	0	0	0	0	0	0
835_836	GCTGGGTTCTAGAGTC-11	0	0	0	0	0	0	0	0	0	0	0	0	0	0	0	0	0	0	0	0
835_836	CGCTGGATCGGATGTT-11	0	0	0	0	0	0	0	0	0	0	0	0	0	0	0	0	1	0	0	0
835_836	ACGCCGACATGGGACA-11	0	0	0	0	0	0	0	0	0	0	0	0	1	0	0	0	0	0	0	0
835_836	CTCGAGGGTCAACATC-11	0	0	0	0	0	0	0	0	0	0	0	0	1	0	0	0	0	0	0	0
835_836	CGCTTCAAGTGCCAGA-11	0	0	0	0	0	0	0	0	0	0	0	0	0	0	0	0	0	0	1	0
835_836	CGCTTCAGTCGTTGTA-11	0	0	0	0	0	0	0	0	0	0	0	0	0	0	0	0	0	0	1	0
835_836	TTTACTGCATGTTGAC-11	0	0	0	0	0	0	0	0	0	0	0	0	1	0	0	0	0	0	0	0
835_836	TATGCCCGTCTCGTTC-11	0	0	0	0	0	0	1	0	1	0	0	0	0	0	0	0	0	1	1	0
835_836	CGGACACCACGTCTCT-11	0	0	0	0	0	1	0	0	0	0	0	0	0	0	0	0	0	1	0	0
835_836	CGGACGTTCTTGTATC-11	0	0	0	0	1	0	1	0	0	0	0	0	0	0	1	0	0	0	0	0
835_836	AAGGAGCCATGAGCGA-11	0	0	0	0	0	0	0	0	0	0	0	0	0	0	0	0	0	0	0	0
835_836	TACTTGTTCTCAAGTG-11	0	0	0	0	0	0	0	0	0	0	0	0	0	0	0	0	0	0	0	0
835_836	ACGATGTTCAGTTTGG-11	0	0	0	0	0	0	1	0	0	0	0	0	0	0	0	0	0	0	0	0
835_836	CGATGGCAGTGTCTCA-11	0	0	0	0	0	0	0	0	0	0	0	0	0	0	0	1	0	0	0	0
835_836	TCGAGGCAGGCCCGTT-11	0	0	0	0	0	0	1	0	0	0	0	0	0	0	0	0	0	0	0	0
835_836	ACGATACAGTTAAGTG-11	0	0	0	0	0	0	0	0	0	0	0	0	0	0	0	0	0	0	1	0
835_836	AAGGAGCGTCTAGTGT-11	1	0	0	0	0	0	0	0	0	0	1	0	1	0	0	0	0	0	0	0
835_836	TCTCTAATCAGCCTAA-11	1	0	0	0	1	0	1	0	0	0	1	0	0	0	0	0	0	0	1	0
835_836	GAATAAGGTCGCGAAA-11	0	0	0	0	0	0	1	0	0	0	0	0	0	0	0	1	0	0	0	0
835_836	GGCAATTCAGCTCGCA-11	0	0	0	0	0	0	0	0	0	0	0	0	0	0	0	0	0	0	0	0
835_836	TATGCCCCAGATCTGT-11	0	0	0	0	0	0	0	0	0	0	0	0	0	0	0	0	0	0	0	0
835_836	AAGGCAGCATGGTCTA-11	0	0	0	0	0	0	0	0	0	0	0	0	0	0	0	0	0	0	0	0
835_836	CGATGTATCGACAGCC-11	0	0	0	0	0	1	0	0	0	0	0	0	0	0	0	0	0	1	0	0
835_836	TAGCCGGTCCTAGTGA-11	0	0	0	0	0	0	0	0	0	0	0	0	0	0	0	0	0	1	0	1
835_836	ACCAGTAAGTCGTACT-11	0	0	0	0	0	1	0	0	0	0	1	0	0	0	0	0	0	2	0	0
835_836	TACTTGTCAATGGACG-11	0	0	0	0	0	0	0	0	0	0	0	0	0	0	0	0	0	0	0	0
835_836	GGCCGATGTACCCAAT-11	0	0	0	0	0	0	0	0	0	0	0	0	0	0	0	0	0	0	0	0
835_836	GGACATTAGTTGAGAT-11	0	0	0	0	0	1	0	0	0	0	0	0	0	0	0	0	0	0	0	0
835_836	GCTGCTTAGCAGGTCA-11	0	0	0	0	0	0	0	0	0	0	0	0	0	0	0	0	0	0	0	0
836_837	TGGGAAGAGTGACTCT-11	0	0	0	0	0	1	0	0	0	0	0	0	0	0	0	0	0	0	0	0
836_837	TACTCATGTCTCTCGT-11	0	0	0	0	0	0	0	0	0	0	1	0	0	0	0	0	0	1	0	0
836_837	CACCACTTCCGTAGTA-11	0	0	0	0	0	0	0	1	0	0	0	0	0	0	0	1	0	0	0	0
836_837	CGCTTCAAGAGTAATC-11	0	0	0	0	0	0	0	0	0	0	0	0	0	0	0	0	0	0	0	0
836_837	CACAGTACATACTCTT-11	0	0	0	0	0	0	0	0	0	0	0	0	0	0	0	0	0	0	0	0
836_837	TGATTTCTCATATCGG-11	0	0	0	0	0	0	0	0	0	0	0	0	0	0	0	0	0	1	0	0
836_837	CGTAGCGCAGGAATCG-11	0	0	0	0	0	0	0	0	0	0	0	0	0	0	0	0	0	0	0	0
836_837	CAGCGACGTATTCGTG-11	0	0	0	0	0	0	0	0	0	0	0	0	0	0	0	0	0	1	0	0
836_837	TTTGTCATCACATGCA-11	1	0	0	0	0	1	0	0	1	0	0	0	1	0	0	0	0	3	1	0
836_837	CAAGATCTCAAACCAC-11	0	0	0	0	0	1	0	0	0	0	0	0	0	0	0	0	0	0	0	0
836_837	CTAGAGTTCGTTTGCC-11	0	0	0	0	0	0	0	0	0	0	1	0	1	0	0	0	0	0	0	0
836_837	CGTCTACAGGCTCAGA-11	1	0	0	0	0	0	0	0	0	0	0	0	1	0	0	1	0	0	0	0
836_837	CCTAGCTTCCATGAGT-11	0	0	0	0	0	0	0	0	0	0	0	0	0	0	0	0	0	0	0	0
836_837	GCACTCTTCTGAAAGA-11	0	0	0	0	0	0	0	0	0	0	0	0	1	0	0	0	0	0	0	0
836_837	AAACCTGTCTTGACGA-11	0	0	0	0	0	0	0	0	0	0	0	0	0	0	0	0	0	0	0	0
836_837	TTGGCAACACAGAGGT-11	0	0	0	0	1	0	0	0	0	0	0	0	1	0	0	0	0	1	0	0
836_837	GTCCTCACAATGGATA-11	0	0	0	0	0	1	0	0	0	0	0	0	0	0	0	0	0	0	0	0
836_837	CAGTCCTAGCTAGTTC-11	0	0	0	0	0	0	0	0	0	0	0	0	0	0	0	0	0	0	0	0
836_837	CATCGAACATGCCCGA-11	0	0	0	0	0	0	0	0	0	0	0	0	0	0	0	0	0	0	0	0
836_837	CCAGCGACAAAGGTGC-11	0	0	0	0	1	0	0	0	0	0	0	0	0	0	0	0	0	0	0	0
836_837	CCATGTCAGGAGCGTT-11	0	0	0	0	0	1	0	0	0	0	0	0	0	0	0	1	0	0	0	0
836_837	CTAAGACGTGGAAAGA-11	0	0	0	0	0	0	2	0	0	0	0	0	0	0	0	0	0	0	0	0
836_837	GCGCAACTCGCTTGTC-11	0	0	0	0	0	0	1	0	0	0	0	0	0	0	1	0	0	0	0	0
836_837	CTACGTCAGTGGAGAA-11	0	0	0	0	0	0	0	0	0	0	0	0	0	0	0	0	0	0	0	0
836_837	CCATTCGAGAGACTAT-11	0	0	0	0	0	0	1	0	0	0	0	0	0	0	0	0	1	0	0	1
836_837	TTCTTAGAGAAGGACA-11	0	0	0	0	0	1	0	0	0	0	0	0	0	0	0	0	0	0	0	0
836_837	TGAAAGATCAGTGCAT-11	0	0	0	0	1	0	0	0	0	0	0	0	0	0	0	0	0	0	0	0
836_837	TGAGCATAGCCCAATT-11	0	0	0	0	0	0	0	0	0	0	0	0	0	0	0	0	0	0	0	0
836_837	CGAGCACCATGTTGAC-11	0	0	0	0	0	0	1	0	0	0	0	0	0	0	0	0	0	0	0	0
836_837	ACAGCCGTCTGCTTGC-11	0	0	0	0	0	0	0	0	0	0	0	0	0	0	0	0	0	0	0	0
836_837	AGATTGCCACGGTAAG-11	0	0	0	0	0	2	0	0	0	0	0	0	0	0	0	0	0	1	0	0
836_837	TCTGGAACAGACACTT-11	0	0	0	0	0	0	0	0	0	0	0	0	0	0	0	0	0	0	0	0
836_837	ACGCAGCGTTTGGGCC-11	0	0	0	0	0	0	0	0	0	0	0	0	0	0	0	0	0	1	0	0
836_837	ACTGCTCGTCCCTTGT-11	1	0	0	0	0	0	0	0	0	0	0	0	0	0	0	0	0	2	0	0
836_837	TTTATGCCATCACGAT-11	0	0	0	0	0	1	1	0	0	0	0	0	0	0	0	0	0	2	0	0
836_837	AGCGTCGCAGGGTACA-11	0	1	0	0	0	0	0	0	0	0	0	0	0	0	0	0	0	0	0	0
836_837	ACTGAGTCATATGGTC-11	0	0	0	0	0	1	0	0	0	0	3	1	0	0	1	0	0	3	0	0
836_837	TTGAACGCATACTCTT-11	0	0	0	0	0	0	0	0	0	0	0	0	0	1	0	0	0	0	0	0
836_837	TGTTCCGGTTAAGATG-11	0	0	0	0	0	0	0	1	0	0	1	0	1	0	0	0	0	2	0	0
836_837	TAAGTGCTCAAACAAG-11	0	0	0	0	0	0	0	0	0	0	0	0	0	0	0	0	0	0	0	0
836_837	AATCGGTTCTTCCTTC-11	0	0	0	0	0	0	0	0	0	0	0	0	0	0	0	0	0	0	0	0
836_837	TGAGAGGAGCTCCTCT-11	0	0	0	0	0	0	0	0	0	0	0	0	0	0	0	0	0	0	0	0
836_837	GGTGCGTCACTCAGGC-11	0	0	0	1	0	1	0	0	0	1	0	0	0	0	0	0	0	1	1	0
842_843	CGTAGGCAGCACACAG-10	0	0	0	0	0	0	0	0	0	0	0	0	0	0	0	0	0	0	0	0
842_843	ATAACGCTCATAACCG-10	0	0	0	0	0	0	1	0	0	0	1	0	0	0	0	0	0	1	0	0
842_843	CTCGTACTCACGCGGT-10	0	0	0	0	0	0	1	0	0	0	0	0	0	0	0	0	0	1	0	0
842_843	TCATTACGTTCGTGAT-10	0	0	0	0	0	0	0	0	0	0	0	0	0	0	0	0	0	0	0	0
842_843	CTGATCCTCCGTAGGC-10	0	0	0	1	0	0	0	0	0	0	0	0	0	0	0	0	0	0	0	0
842_843	AGTAGTCGTCAGAATA-10	0	0	0	0	0	0	0	0	0	0	0	0	0	0	0	0	0	1	0	0
842_843	TCGGTAACATCGTCGG-10	0	0	0	0	0	0	0	0	0	0	0	0	0	0	0	0	0	0	0	0
842_843	CACACCTGTCTTCGTC-10	0	0	0	0	0	0	0	0	0	0	0	0	0	0	0	0	0	0	0	0
842_843	CACAGGCAGATGCGAC-10	0	0	0	0	0	1	0	0	0	0	1	0	0	0	0	0	0	0	0	0
842_843	CTTTGCGGTATTCGTG-10	0	0	0	0	0	1	0	0	0	0	0	0	1	0	0	0	0	0	0	0
842_843	AAACCTGAGGTCATCT-10	0	0	0	0	0	0	0	0	0	0	1	0	0	0	0	0	0	0	0	0
842_843	GTCAAGTCAACTGCTA-10	0	0	0	0	1	0	0	0	0	0	0	0	0	0	0	0	1	0	0	0
842_843	AAAGTAGCATAGAAAC-10	0	1	0	0	0	0	0	0	0	1	0	0	0	0	0	0	0	0	0	0
842_843	TCTCTAACAAGCTGAG-10	0	0	0	0	0	0	0	0	0	0	0	0	0	0	0	0	0	0	0	0
842_843	TTTGTCAAGTAGGCCA-10	0	0	0	0	0	0	0	0	0	0	0	0	0	0	0	0	0	0	0	0
842_843	CCTTACGGTCAGCTAT-10	0	0	0	1	0	0	0	0	0	0	0	0	0	0	0	0	0	0	1	0
842_843	AACCGCGAGTTACGGG-10	0	0	0	0	0	0	0	0	0	0	0	0	0	0	0	0	0	0	0	0
842_843	GACAGAGAGGTTACCT-10	0	0	0	0	0	1	0	0	0	0	0	0	0	0	0	0	0	0	0	0
842_843	TTTGGTTAGGCTAGGT-10	0	0	0	0	0	0	0	0	0	0	0	0	0	0	0	1	0	0	0	0
842_843	GTCTCGTTCAACGGCC-10	0	0	0	0	0	0	1	0	0	0	0	0	0	0	0	1	0	0	0	0
842_843	ATAAGAGCAGACACTT-10	0	0	0	0	0	0	0	0	0	0	0	0	0	0	0	0	0	0	0	0
842_843	CTCGGAGTCTCTGCTG-10	0	0	0	0	0	0	0	0	0	0	0	0	0	0	0	1	0	0	0	0
842_843	ATCACGACATGGTCTA-10	0	0	0	0	0	0	1	0	0	0	0	0	0	0	0	0	0	0	0	0
842_843	CTCATTAAGCAGCCTC-10	0	0	0	0	1	1	0	0	0	0	0	0	0	0	0	0	0	0	0	0
842_843	CGGAGCTTCTCGATGA-10	0	0	0	0	0	0	0	0	0	0	0	0	0	0	0	0	0	0	0	0
842_843	CGCCAAGAGAGACTAT-10	0	0	0	0	0	0	0	0	0	0	0	0	0	0	0	0	0	1	0	0
842_843	CGTCAGGGTGACCAAG-10	0	0	0	0	0	0	0	0	0	0	0	0	0	0	0	0	0	0	0	0
842_843	CGTCAGGTCTCCAGGG-10	0	0	0	1	0	0	0	0	0	0	0	0	0	0	0	0	0	1	0	0
842_843	CGATGGCTCCACGAAT-10	0	0	0	0	0	0	0	0	0	0	0	0	0	0	0	0	0	0	0	0
842_843	CAAGGCCAGCACACAG-10	0	0	0	0	0	0	1	0	1	0	0	0	1	0	0	0	0	0	0	0
842_843	CGTTAGACAGACTCGC-10	0	0	0	0	0	0	0	0	0	0	0	0	0	0	0	0	0	1	0	0
842_843	CGTTCTGAGCGACGTA-10	0	0	0	0	0	0	1	0	0	0	0	0	0	0	0	0	0	0	0	0
842_843	GTCCTCAAGTGGGCTA-10	0	0	0	0	0	0	0	0	0	0	0	0	0	0	0	0	0	0	0	0
842_843	CATCAAGAGCTGATAA-10	0	0	0	0	0	1	0	0	0	0	0	0	0	0	0	0	1	0	0	0
842_843	CGGTTAATCTCGTATT-10	0	0	0	0	0	0	0	0	0	0	0	0	1	0	0	0	0	0	0	0
842_843	CTACACCGTCCATCCT-10	0	0	0	0	0	0	0	0	0	0	0	0	0	0	0	0	0	1	0	0
842_843	CTACATTCAGCCTATA-10	0	0	0	0	0	0	0	0	0	0	0	0	0	0	0	0	0	0	0	0
842_843	CTAGAGTAGTCTTGCA-10	0	0	0	0	0	0	0	0	0	0	1	0	0	0	0	0	0	1	0	0
842_843	CTAGCCTAGGAATCGC-10	0	0	0	0	0	0	0	0	0	0	0	0	0	0	0	0	0	0	0	0
842_843	GACCTGGCAGGTCGTC-10	0	0	0	0	0	0	0	0	0	0	0	0	0	0	0	0	0	0	0	0
842_843	TCAGCAACAATAGCGG-10	0	0	0	0	0	0	0	0	0	0	0	0	0	0	0	0	1	0	0	0
842_843	CTCACACTCTTACCTA-10	0	0	0	0	0	0	0	0	0	0	1	0	0	0	0	0	0	1	0	0
842_843	CTCAGAAGTCCAACTA-10	0	0	0	0	0	0	0	0	0	0	0	0	0	0	0	0	0	0	0	0
842_843	CAAGTTGCATTACCTT-10	0	0	0	0	0	0	1	0	0	0	0	0	0	0	0	0	0	1	0	0
842_843	ATCATCTCACGCTTTC-10	0	0	0	0	0	0	0	0	0	0	0	0	0	0	0	0	0	0	0	0
842_843	CCTTCGAGTAAGGGAA-10	0	0	0	0	0	0	0	0	0	0	0	0	0	0	0	0	1	0	0	0
842_843	ATCCGAAAGATAGGAG-10	1	0	0	0	0	0	0	0	0	0	0	0	0	0	1	0	0	0	0	0
842_843	AACTCCCCACACATGT-10	0	0	0	0	0	0	0	0	0	0	0	0	0	0	0	0	0	0	0	0
842_843	AACTCCCGTAGCTCCG-10	0	0	0	0	0	0	0	0	0	0	0	0	0	0	0	0	0	0	0	0
842_843	GACGTTACAAAGCAAT-10	0	0	0	0	0	0	0	0	0	0	0	0	0	0	0	0	0	1	0	0
842_843	GCGCAGTAGGTGTTAA-10	0	0	0	0	0	0	0	0	0	0	0	0	0	0	0	0	0	0	0	0
842_843	GCGCAGTAGTCTCCTC-10	0	0	0	0	0	0	0	0	1	0	0	0	0	0	0	1	0	1	1	0
842_843	GCGCAGTCATGACATC-10	0	0	0	0	0	0	0	0	0	0	0	0	0	0	0	0	0	1	0	0
842_843	GCGCCAATCATAACCG-10	0	0	0	0	0	0	0	0	0	0	0	0	0	0	0	0	0	0	0	0
842_843	ACACCAACACCTCGGA-10	0	0	0	0	0	0	0	0	0	0	0	0	0	0	0	0	0	0	0	0
842_843	TTCTACATCGCAGGCT-10	0	0	0	0	0	1	1	0	0	0	0	0	0	0	0	0	0	0	0	0
842_843	GCTGGGTAGCGTGAAC-10	0	0	0	0	0	0	0	0	0	0	1	0	0	0	0	0	0	0	0	0
842_843	TTCTACAGTAGGCATG-10	1	0	0	0	0	0	0	0	0	0	0	0	1	0	0	0	0	0	0	0
842_843	GCTTGAATCAGGTAAA-10	0	0	0	0	0	1	0	0	0	0	0	0	0	0	0	1	0	0	0	0
842_843	GCTTGAATCCGAAGAG-10	0	0	1	0	0	0	0	0	0	0	0	0	0	0	0	0	0	0	0	0
842_843	TTCGGTCTCGCTAGCG-10	0	0	0	0	0	0	0	0	0	0	1	0	0	0	0	0	1	1	0	0
842_843	GTAACTGGTCTCCACT-10	0	0	0	0	0	0	0	0	0	0	0	0	0	0	0	0	0	0	0	0
842_843	ACTGAGTGTAGGCATG-10	0	0	0	0	0	0	1	0	0	0	0	0	0	0	0	0	0	0	0	1
842_843	GGTGTTAGTCGAGTTT-10	0	0	0	0	0	0	1	0	0	0	0	0	0	0	0	1	0	0	0	0
842_843	GGCGTGTTCACTTACT-10	0	0	0	0	0	0	3	0	0	0	0	0	0	0	0	0	0	0	0	0
842_843	ACGCAGCAGCGCTCCA-10	0	0	0	0	1	0	0	0	1	0	0	0	0	0	0	0	0	0	0	0
842_843	GGGAATGAGTGGGTTG-10	0	0	0	0	0	0	0	0	0	0	0	0	0	0	0	0	0	0	0	0
842_843	TTAGGCACACCGGAAA-10	0	0	0	0	0	0	1	0	0	0	0	0	0	0	0	0	0	1	0	0
842_843	ACGATGTAGGATCGCA-10	0	0	0	0	0	0	0	0	0	0	1	0	0	0	0	0	0	0	0	0
842_843	GGGCACTTCTACCTGC-10	0	0	0	0	0	0	0	0	0	0	0	0	0	0	0	1	0	0	0	0
842_843	GGGTCTGAGGCTAGAC-10	0	0	0	0	0	1	0	0	0	0	0	0	0	0	0	0	0	0	0	0
842_843	TGTCCCAGTCGAGTTT-10	0	0	0	0	0	0	0	0	0	0	0	0	0	0	0	0	0	1	1	0
842_843	TGTCCCATCGCCAGCA-10	0	0	0	0	0	1	0	0	0	0	0	0	0	0	0	0	0	1	0	0
842_843	GGTATTGAGTCAAGCG-10	0	0	0	0	0	0	0	0	0	0	0	0	0	0	0	0	0	0	0	1
842_843	TGTTCCGTCTACTCAT-10	0	0	0	0	0	0	0	0	0	0	0	0	0	0	0	0	0	1	0	0
842_843	TGTTCCGTCAAGCCTA-10	0	0	0	0	0	0	0	0	0	0	0	0	0	0	0	0	0	0	0	0
842_843	ACAGCCGAGTTGCAGG-10	0	0	0	0	0	0	0	0	0	0	0	0	1	0	0	0	0	2	1	0
842_843	GCGCAACGTTACCGAT-10	0	0	0	0	0	0	0	0	0	0	0	0	0	0	0	1	0	0	0	0
842_843	TTCTCAAAGTCAAGGC-10	0	0	0	0	0	0	0	0	0	0	0	0	0	0	0	1	0	0	0	0
842_843	GTAGGCCAGATGTAAC-10	0	0	0	0	0	0	0	0	0	0	0	0	0	0	0	0	0	1	0	0
842_843	AGCATACAGAGTCTGG-10	0	0	0	0	0	1	1	0	0	0	0	0	0	0	0	0	0	0	0	0
842_843	CACATAGTCATGGTCA-10	0	0	0	0	0	0	2	0	0	0	0	0	0	0	1	0	0	0	1	0
842_843	TTTACTGTCTAACTTC-10	0	0	0	0	0	0	0	0	0	0	0	0	0	0	0	0	0	0	0	0
842_843	GGTGCGTCATCGTCGG-10	0	0	0	0	0	0	0	0	0	0	0	0	0	0	0	0	0	0	0	1
842_843	GACTACAGTTACGTCA-10	1	0	0	0	0	0	0	0	0	0	0	0	0	0	0	0	0	1	1	0
842_843	TGACAACGTCCGAATT-10	0	0	0	0	0	1	0	0	0	0	0	0	0	0	0	1	0	0	0	0
842_843	GATCAGTTCTAGCACA-10	0	0	0	0	0	0	0	0	0	0	0	0	0	0	0	0	0	0	0	0
842_843	GATCGATTCCGAACGC-10	0	0	0	0	0	0	0	0	0	0	0	0	0	0	0	0	0	0	0	0
842_843	GATCGTAAGGAGCGTT-10	0	0	0	0	0	0	0	0	0	0	0	0	0	0	0	0	0	0	0	0
842_843	GATCGTAGTCTTCTCG-10	0	0	0	0	0	0	0	0	0	0	0	0	0	0	0	0	0	0	0	0
842_843	TGAGAGGAGCGACGTA-10	0	0	0	0	0	0	1	0	0	0	0	0	0	0	0	0	0	1	0	0
842_843	GATGCTAAGAAACGAG-10	0	0	0	0	0	0	0	0	0	0	0	0	0	0	0	0	0	0	0	0
842_843	GATTCAGAGCTGCCCA-10	0	0	0	0	0	0	0	0	0	0	0	0	0	0	0	0	0	1	0	0
842_843	AACTTTCTCAGGTTCA-10	0	0	0	0	0	0	0	0	0	0	0	0	0	0	0	0	0	0	0	0
842_843	GCAGCCACAATGGAAT-10	0	0	0	0	0	0	0	0	0	0	0	0	0	0	0	0	0	1	3	0
842_843	TTGCCGTTCGTGGTCG-10	0	0	0	0	0	0	1	0	0	0	0	0	0	0	0	0	0	1	0	0
842_843	AGAGCGAAGAACAACT-10	0	0	0	0	0	0	0	0	0	0	1	0	0	0	0	1	0	1	0	0
842_843	GCATGATTCCTCTAGC-10	0	0	0	0	0	0	0	0	0	0	1	0	0	0	0	0	0	0	0	0
842_843	GTAGGCCGTGCACGAA-10	0	0	0	0	0	0	0	0	0	0	0	0	1	0	0	0	0	0	0	0
842_843	GCATGCGTCCAAATGC-10	0	0	0	0	0	0	0	0	0	0	0	0	0	0	1	0	0	2	0	0
842_843	GCCTCTAAGGATGCGT-10	0	0	0	0	0	0	0	0	0	0	0	0	0	0	0	0	0	0	0	0
842_843	TGCCCTACACAGAGGT-10	0	0	0	0	0	0	0	0	0	0	0	0	0	0	0	0	0	0	0	0
842_843	GCCTCTATCCGCGTTT-10	0	0	0	0	0	0	1	0	0	0	1	0	0	0	0	0	0	0	0	0
842_843	GCGACCAAGCGATAGC-10	0	0	0	0	0	0	1	0	0	0	0	0	0	0	0	0	1	0	0	0
842_843	ACTGTCCTCTTCCTTC-10	0	0	0	0	0	0	0	0	0	0	0	0	0	0	0	0	0	0	0	0
842_843	GCGCAACCAGTCAGAG-10	0	0	0	0	0	0	0	0	0	0	0	0	0	0	0	0	0	0	0	0
842_843	GCGCAACGTCTAAACC-10	0	0	0	0	0	0	1	0	0	0	0	0	0	0	0	0	0	0	0	0
842_843	GACGTGCAGCCTTGAT-10	0	0	0	0	0	0	0	0	0	0	0	0	0	0	0	0	0	0	0	0
842_843	TAGTGGTAGAACTGTA-10	0	0	0	0	0	0	0	0	0	0	0	0	0	0	0	0	0	0	0	0
842_843	CTAATGGAGTTAACGA-10	0	0	0	0	0	0	0	0	0	0	0	0	0	0	0	0	1	0	0	0
842_843	TAGACCAGTTGGTTTG-10	0	0	0	0	0	0	0	0	0	0	0	0	0	0	0	0	0	0	0	0
842_843	CAGGTGCGTTCCGGCA-10	0	0	0	0	0	0	0	0	0	0	0	0	0	0	0	0	0	0	0	0
842_843	GTGAAGGCAGACTCGC-10	0	0	0	0	1	0	0	0	0	0	0	0	0	0	0	0	0	0	0	0
842_843	CAGCTGGCATCCTTGC-10	0	0	0	0	0	0	0	0	0	0	0	0	0	0	0	0	0	0	0	0
842_843	GTGAAGGGTGTTTGTG-10	0	0	0	0	0	0	1	0	0	0	1	0	0	0	0	0	0	2	0	0
842_843	TACACGATCTGGAGCC-10	1	1	0	0	0	1	0	0	0	0	0	0	0	0	0	0	0	0	0	0
842_843	TAAGCGTTCATCATTC-10	0	0	0	1	0	0	0	0	0	0	0	0	0	0	0	0	0	1	0	0
842_843	TAAGCGTCAAGCGCTC-10	0	0	0	0	0	0	0	0	0	0	0	0	0	0	0	0	0	0	0	0
842_843	CCACTACCACCAGGCT-10	0	0	0	0	0	0	0	0	0	0	0	0	0	0	0	0	0	0	0	0
842_843	CATGGCGGTCTGATTG-10	0	0	0	0	0	0	0	0	0	0	0	0	0	0	0	0	0	0	0	0
842_843	CATATGGCAGACGTAG-10	0	0	0	0	0	0	0	0	0	0	0	0	0	0	0	0	0	0	0	0
842_843	TACTTACCATCTCCCA-10	0	0	0	0	0	0	1	0	0	0	0	0	0	0	0	1	0	0	1	0
842_843	CCACCTAGTCACAAGG-10	0	0	0	0	0	0	1	0	0	0	0	0	0	0	0	0	0	0	0	0
842_843	CATGCCTAGTTAAGTG-10	0	0	0	0	0	0	0	0	0	0	0	0	0	0	0	0	0	0	0	0
842_843	CATCGGGGTCTTGCGG-10	0	0	0	0	0	0	1	0	0	0	0	0	0	0	0	0	0	0	0	0
842_843	GTGAAGGAGAGCTGGT-10	0	0	0	0	0	0	0	0	0	0	0	0	0	0	0	0	1	1	1	0
842_843	GTTCTCGTCCGTTGTC-10	0	0	0	0	0	1	0	0	0	0	0	0	0	0	0	0	0	0	0	0
842_843	GTGCAGCTCATGGTCA-10	0	0	0	0	0	0	0	0	0	0	0	0	0	0	0	0	0	0	0	0
842_843	CCGGTAGGTAGCGTCC-10	0	0	0	1	0	1	0	0	0	0	0	0	0	0	0	0	0	1	0	0
842_843	GTGCTTCCAGGTTTCA-10	0	0	0	0	0	1	0	0	0	0	0	0	1	0	0	0	0	0	0	0
842_843	CAGAGAGTCAGTCCCT-10	0	0	0	0	0	1	0	0	0	0	0	0	0	0	0	0	0	0	1	0
842_843	CCGTGGAGTGGTAACG-10	0	0	0	0	0	0	0	0	0	0	1	0	0	0	0	0	0	0	0	0
842_843	CAGCAGCGTAGCCTAT-10	0	0	0	0	0	2	0	0	0	0	0	0	0	0	0	0	0	0	0	0
843_844	CAGCCGAAGCCCAATT-10	0	0	0	0	0	0	0	0	0	0	0	0	0	0	0	0	0	0	0	0
843_844	TCGGTAAGTGTGAAAT-10	0	0	0	0	0	0	1	0	0	0	0	0	0	0	0	1	0	2	0	0
843_844	ATGCGATGTAGCCTCG-10	0	0	0	0	0	0	0	0	0	0	0	0	0	0	0	0	0	0	0	0
843_844	TCGGTAATCCTCGCAT-10	0	0	0	0	0	0	0	0	0	0	0	0	0	0	0	0	0	0	0	0
843_844	GAACGGAGTTATCCGA-10	0	0	0	1	0	0	0	0	0	0	0	0	0	0	0	0	0	0	0	0
843_844	CGTAGGCGTGAAATCA-10	0	0	0	0	0	0	0	0	0	0	1	0	0	0	0	0	0	0	0	1
843_844	AGCCTAATCGTGGACC-10	0	0	0	0	0	0	0	0	0	0	0	0	0	0	0	0	0	1	0	0
843_844	ATTATCCTCGTACCGG-10	0	0	0	1	0	0	0	0	0	0	1	0	0	0	0	1	0	3	0	0
843_844	CAGCTGGGTCAATACC-10	1	0	0	0	0	0	0	0	0	0	1	0	0	0	0	1	0	0	0	0
843_844	CGCTTCATCCTCTAGC-10	0	0	0	0	0	0	1	0	0	0	1	0	0	0	0	0	0	0	0	0
843_844	GTCGTAACATTGCGGC-10	0	0	0	0	1	0	0	0	0	0	0	0	1	0	0	0	0	0	0	0
843_844	CTTGGCTTCTCTAAGG-10	0	0	0	0	0	0	0	0	0	0	1	0	0	0	0	0	0	0	0	0
843_844	CTTACCGTCGACCAGC-10	0	0	0	0	0	1	0	0	0	0	0	0	0	0	0	0	0	1	0	0
843_844	ATCCACCAGAGACTTA-10	0	0	0	0	0	0	0	0	0	0	0	0	0	0	0	0	0	0	0	0
843_844	CCCAATCGTTTGTTTC-10	0	0	0	0	0	0	0	0	0	0	0	0	1	0	1	0	0	0	0	0
843_844	GTCTTCGTCTTACCGC-10	0	0	0	0	0	0	0	0	0	0	0	0	0	0	0	0	0	1	0	0
843_844	CAGCCGAAGGGATGGG-10	0	0	0	0	0	0	0	0	0	0	1	0	0	0	0	0	0	0	0	0
843_844	CTCGTACAGTGTCCCG-10	0	0	0	0	0	0	0	0	0	0	0	0	0	0	0	0	0	0	0	0
843_844	TCAGGATGTAGCCTAT-10	0	0	0	0	0	0	0	0	0	0	0	0	0	0	0	0	0	0	0	0
843_844	TCAGCAACAAGCGATG-10	0	0	0	0	0	0	0	0	0	0	0	0	1	0	0	0	0	1	0	0
843_844	TCGGTAAGTACTTGAC-10	0	0	0	0	0	1	0	0	0	0	0	0	0	0	0	0	0	0	1	0
843_844	TCATTACAGGGATCTG-10	0	0	0	0	0	1	1	0	0	0	0	0	0	0	0	1	0	1	0	0
843_844	CTGAAGTTCTGTCTAT-10	0	0	0	0	0	0	0	0	0	0	0	0	0	0	0	0	0	1	0	0
843_844	CTGATCCAGAGGTTGC-10	0	0	0	0	0	0	1	0	0	0	1	0	0	0	0	1	0	0	0	0
843_844	ATGAGGGAGTCTCCTC-10	0	0	0	0	0	0	0	0	0	0	0	0	0	0	0	0	0	1	0	0
843_844	CAGCGACGTTCCGTCT-10	0	0	0	0	0	0	0	0	0	0	0	0	1	0	0	0	0	0	0	0
843_844	CTTAACTTCTGTACGA-10	0	0	0	0	0	0	0	0	0	0	0	0	0	0	0	0	1	0	0	0
843_844	GTCACAAAGGCTAGAC-10	0	0	0	0	0	1	0	0	0	0	0	0	1	0	0	0	0	0	0	0
843_844	GTCACGGCAATGTAAG-10	0	0	0	0	1	0	0	0	0	0	0	0	0	0	0	0	0	1	0	0
843_844	TTTGCGCGTCGGATCC-10	0	0	0	0	0	0	0	0	0	0	0	0	2	0	0	0	0	0	0	0
843_844	TAGAGCTGTGACGGTA-10	0	0	0	0	0	1	0	0	0	0	0	0	0	0	0	0	0	0	1	0
843_844	CCACCTATCAAACCAC-10	0	0	0	0	0	1	0	0	0	0	0	0	0	0	0	0	0	0	0	0
843_844	AATCGGTGTTCACGGC-10	0	0	0	0	0	0	0	0	0	0	1	0	0	0	0	0	0	0	0	0
843_844	GTACTTTGTGCCTTGG-10	0	0	0	0	0	0	0	0	0	0	0	0	0	0	0	0	0	0	0	0
843_844	GCTGCGATCATAGCAC-10	0	0	0	0	0	1	0	0	0	0	0	0	0	0	0	0	0	0	0	1
843_844	TGTTCCGCACCGATAT-10	0	0	0	0	0	0	0	0	0	0	0	0	0	0	0	0	0	0	0	0
843_844	GGAATAAAGGCTAGCA-10	0	0	0	0	0	0	0	0	0	0	0	0	0	0	0	0	0	0	0	0
843_844	TGGCGCATCCACTCCA-10	0	0	0	0	0	0	0	0	0	0	0	0	0	0	0	0	0	0	0	0
843_844	TGGTTAGAGTTAGGTA-10	0	0	0	0	0	0	0	0	0	0	1	0	1	0	0	0	0	1	0	0
843_844	TGGTTAGCACAGAGGT-10	0	0	0	0	0	0	0	0	0	0	0	0	0	0	0	0	0	0	0	0
843_844	GGACATTTCGAGAGCA-10	0	0	0	0	0	1	0	0	0	0	0	0	0	1	0	0	0	3	0	0
843_844	ACACTGAGTCCTCCAT-10	0	0	0	0	0	1	0	0	0	0	0	0	0	0	0	0	0	0	1	0
843_844	GGCGACTCATTCACTT-10	0	0	0	0	0	0	0	0	0	0	0	0	0	1	0	0	0	1	0	0
843_844	GGTGTTACAACGATCT-10	0	0	0	0	0	0	1	0	0	0	0	0	0	0	0	0	0	1	0	0
843_844	GGCTGGTAGCGATCCC-10	0	0	0	0	0	0	0	0	0	0	0	0	0	0	0	0	0	0	0	0
843_844	ACGATGTAGTGCGTGA-10	0	0	0	0	0	0	0	0	0	0	0	0	0	0	1	0	0	0	0	1
843_844	ACATGGTCACCAACCG-10	0	0	0	0	0	0	0	0	0	0	0	0	0	0	0	0	0	0	0	0
843_844	ACGATACTCAATCACG-10	1	0	0	0	0	0	0	0	0	0	1	0	0	0	0	0	0	2	0	0
843_844	TGTGTTTGTCCTGCTT-10	0	0	0	0	0	0	0	0	0	0	0	0	0	0	0	0	1	1	0	0
843_844	AATCCAGTCTCGTATT-10	0	0	0	0	0	0	0	0	0	0	0	0	0	0	0	0	0	1	0	0
843_844	TCTTCGGAGTATCGAA-10	0	0	0	0	0	0	1	0	0	0	1	0	0	0	0	0	0	0	0	0
843_844	TGGACGCAGCCCTAAT-10	0	0	0	1	0	0	0	0	0	0	0	0	0	0	0	2	1	0	0	0
843_844	ACTGCTCAGGGATACC-10	0	0	0	0	0	0	0	0	0	0	0	0	0	0	0	0	0	0	0	0
843_844	TGAAAGAGTTTGACTG-10	0	0	0	0	0	0	0	0	0	0	0	0	0	0	0	0	0	0	0	1
843_844	CGCGGTAAGGCACATG-10	0	0	0	0	0	0	0	0	0	0	0	0	0	0	0	1	0	2	0	0
843_844	GACTAACGTGATGATA-10	0	0	0	0	0	0	0	0	0	0	0	0	0	0	0	0	0	1	0	0
843_844	AACTCTTTCTAAGCCA-10	0	0	0	0	0	0	0	0	0	0	0	0	0	0	0	0	0	0	0	0
843_844	GATCGCGAGTTGAGTA-10	0	0	0	0	0	0	0	0	0	0	0	0	0	0	0	0	0	2	0	0
843_844	TGAGCATCATCCGTGG-10	0	0	0	0	0	1	1	0	0	0	0	0	0	0	0	0	0	1	0	0
843_844	TGAGCATGTTCCCGAG-10	0	0	0	0	0	1	1	0	0	0	1	0	0	0	0	0	0	1	0	0
843_844	TGAGCCGGTATTAGCC-10	0	0	0	0	0	0	0	0	0	0	0	0	0	0	0	0	0	1	0	0
843_844	GCAATCAGTAAGGGCT-10	0	0	0	0	0	0	0	0	2	0	0	0	0	0	0	0	0	0	0	0
843_844	GCACTCTGTGTAACGG-10	0	0	0	0	0	0	1	0	0	0	1	0	1	0	0	0	0	1	0	0
843_844	TGAGGGAAGCGTGTCC-10	0	0	0	0	0	0	0	0	0	0	0	0	0	0	0	0	0	0	0	0
843_844	GCATGATAGTTGAGAT-10	0	0	0	0	0	0	1	0	1	0	0	0	0	0	0	0	0	0	0	0
843_844	CATATGGCAGAGTGTG-10	0	0	0	0	0	0	0	0	0	0	0	0	0	1	0	0	0	0	0	0
843_844	TGCCCATCATTCTTAC-10	0	0	0	0	0	0	0	0	0	0	0	0	0	0	0	0	0	0	0	0
843_844	TTCTCCTCATAGGATA-10	0	0	0	0	0	0	0	0	0	0	0	0	0	0	0	0	0	0	0	0
843_844	GCGACCAGTCTTCTCG-10	0	0	0	0	0	0	0	0	0	0	0	0	0	0	0	0	0	0	0	0
843_844	TGCGTGGTCTTCCTTC-10	0	0	0	0	0	0	0	0	0	0	1	1	1	0	0	0	0	0	1	0
843_844	TTCTCAACACATTAGC-10	0	0	0	0	0	0	0	0	0	0	1	0	0	0	0	0	0	2	0	0
843_844	CAACCTCTCGGAAACG-10	0	0	0	0	0	1	0	0	2	1	0	0	0	0	0	0	0	1	0	0
843_844	CTGAAGTGTACATCCA-10	0	0	0	1	1	0	0	0	0	0	0	0	0	0	0	0	0	0	0	0
843_844	CGATGGCTCATTTGGG-10	0	0	0	0	0	0	0	0	0	0	0	0	0	0	0	0	0	0	0	0
843_844	CGAATGTCACCACCAG-10	0	0	0	0	0	0	0	0	0	0	0	0	0	0	0	0	0	1	1	0
843_844	CAAGATCCATTTGCTT-10	0	0	0	0	0	0	0	0	0	0	0	0	0	0	0	0	0	0	0	0
843_844	CCTTACGCAACGCACC-10	0	0	0	0	0	0	0	0	0	0	0	0	0	0	0	0	0	0	0	0
843_844	TCAACGATCAAGAAGT-10	0	0	0	0	0	0	0	0	0	0	0	0	1	0	0	0	0	0	0	0
843_844	CACAGGCCAAACCCAT-10	0	0	0	0	0	0	0	0	5	0	1	0	0	0	0	0	0	3	0	0
845_846	ACGGGTCCACGGTAAG-11	0	0	0	0	0	0	0	0	0	0	0	0	0	0	0	0	0	0	0	0
845_846	ATCTGCCGTATTCTCT-11	0	0	0	0	0	0	0	0	0	0	0	0	0	0	0	0	0	0	0	0
845_846	CGTAGGCAGTGTCTCA-11	0	0	0	0	0	0	0	0	0	0	0	0	0	0	0	0	0	0	0	0
845_846	AGTGTCACATCCGCGA-11	0	0	0	0	0	0	0	0	0	0	0	0	0	0	0	0	0	0	0	0
845_846	TTCTCCTAGCGATCCC-11	0	0	0	0	0	0	0	0	0	0	0	0	0	0	0	0	0	0	0	0
845_846	CTCTAATCACATCCAA-11	0	0	0	0	0	0	0	0	1	0	0	0	0	0	0	0	0	0	0	0
846_847	GCGAGAACAGATCGGA-11	0	0	0	0	0	0	1	0	0	0	1	0	0	0	0	0	0	0	0	0
846_847	AGACGTTAGCTGCCCA-11	0	0	0	0	0	0	1	0	0	0	0	0	0	0	0	0	0	1	0	0
846_847	ATAACGCGTAGCACGA-11	0	0	0	0	0	0	0	0	0	0	0	0	0	0	0	0	1	0	0	0
846_847	ATAGACCCAGACAAAT-11	0	0	0	0	0	0	2	0	0	0	0	0	0	1	0	0	0	0	0	1
846_847	CACCAGGAGCTAGGCA-11	0	0	0	0	0	1	1	0	0	0	0	0	0	0	0	0	0	2	1	0
846_847	ATCATCTTCAACACCA-11	0	0	0	0	0	0	0	0	0	0	1	0	0	0	0	1	0	2	0	0
846_847	CATGGCGCATGCCACG-11	0	0	0	0	0	0	1	0	0	0	0	0	0	0	0	0	0	0	0	0
846_847	GGACAGAAGAATTCCC-11	0	0	0	0	0	0	0	0	0	0	0	0	1	0	0	0	0	0	0	0
846_847	TCCCGATAGTCGCCGT-11	0	0	0	0	0	1	0	0	0	0	1	0	1	0	0	0	0	0	1	0
846_847	AACTTTCGTCATGCAT-11	0	0	0	0	2	0	1	0	0	0	2	0	0	1	0	0	1	1	0	0
846_847	TGAGGGAAGAAACGCC-11	0	0	0	0	0	0	0	0	0	0	0	0	0	0	0	0	0	0	0	0
846_847	CGTCACTCACCAGGCT-11	0	0	0	0	0	0	0	0	0	0	0	0	0	1	0	0	0	0	0	0
846_847	ATTGGACCACCAGTTA-11	0	0	0	0	0	0	0	0	0	0	0	0	0	0	0	0	0	1	0	0
846_847	ACGATACAGGCTAGAC-11	0	0	0	0	0	0	1	0	1	0	1	0	1	0	1	1	0	0	0	0
846_847	GTCATTTCATACTACG-11	0	0	0	0	0	0	0	0	0	0	1	0	0	0	0	0	0	1	0	1
846_847	GTCGTAAGTCCGTGAC-11	0	0	0	0	1	0	0	0	0	0	1	0	0	1	0	1	0	2	1	0
846_847	CTACATTTCCTTTCTC-11	0	0	0	1	0	0	1	0	0	0	0	0	0	0	0	0	0	2	0	0
846_847	GACGTGCGTACATCCA-11	0	0	0	0	0	1	3	0	0	0	0	0	0	1	0	0	0	3	1	0
846_847	ATCTGCCTCATTATCC-11	0	0	0	0	0	0	0	0	0	0	0	0	0	1	0	0	0	1	1	1
846_847	CAGCGACAGGAGTTTA-11	0	0	0	0	0	0	0	0	0	0	0	0	0	0	0	0	0	2	0	0
847_848	CTCGGAGCAGTGGAGT-11	0	0	0	0	0	0	0	0	0	0	1	0	0	0	0	0	0	0	1	0
847_848	TCTGAGATCTCTAGGA-11	0	0	0	0	0	0	0	0	0	0	0	0	1	0	0	1	0	1	1	0
847_848	CACATAGCAGCTCCGA-11	0	0	0	0	0	1	1	0	0	0	0	0	0	0	0	0	0	0	0	0
847_848	TCATTACCAACTGCGC-11	0	0	0	0	0	1	0	0	0	0	0	0	0	0	0	0	0	0	1	0
847_848	AACTTTCTCCAAACAC-11	0	0	0	0	0	0	0	0	0	0	0	0	0	0	0	0	0	0	0	0
847_848	CTCTAATAGTGTACCT-11	0	0	0	0	0	0	0	0	0	0	0	0	0	0	0	0	0	0	0	0
847_848	TACGGATCACTATCTT-11	0	0	0	0	0	0	0	0	0	0	0	0	0	0	0	0	0	0	0	0
847_848	CTCGTACTCCGAGCCA-11	0	0	0	0	0	0	0	0	0	0	0	0	0	0	0	0	0	0	0	0
847_848	GGAATAAGTCACTTCC-11	0	0	0	0	0	0	1	0	1	0	0	0	1	0	0	2	0	1	1	0
847_848	CAGTCCTTCAACACCA-11	0	0	0	0	0	0	0	0	0	0	0	0	0	0	0	0	0	0	0	0
847_848	GGAACTTCAAGTTAAG-11	0	0	0	0	0	0	0	0	0	0	0	0	0	0	0	0	0	0	0	0
847_848	GGGCATCGTCCATCCT-11	1	0	0	0	0	0	0	0	0	0	0	0	0	0	0	0	0	0	0	0
847_848	AAGCCGCTCCCTGACT-11	0	0	0	0	0	0	0	0	0	0	0	0	0	0	0	0	0	0	0	0
847_848	TCAATCTAGATGCCAG-11	0	0	0	0	0	0	0	0	0	0	0	0	0	0	0	0	0	0	1	0
847_848	CTTAGGACATCGATTG-11	0	0	0	0	0	0	0	0	0	0	0	0	0	0	0	0	0	1	0	1
847_848	GTCACAAGTTCAGACT-11	0	0	0	0	0	0	0	0	0	0	1	0	0	0	0	0	0	0	0	0
847_848	GCATGATGTCACCTAA-11	0	0	0	0	0	0	0	0	0	0	0	0	0	0	0	1	0	0	0	0
847_848	ATTTCTGCACAGACTT-11	0	0	0	0	0	0	0	0	0	0	0	0	0	0	0	0	0	1	0	0
847_848	TCAGCAATCCAAAGTC-11	0	0	0	0	0	0	0	0	0	0	0	0	0	0	0	0	0	0	0	0
847_848	GGGCATCGTTGCGCAC-11	0	0	0	0	0	0	0	0	0	0	0	0	2	0	1	0	0	0	0	0
847_848	CTACATTTCTGCCCTA-11	0	0	0	0	0	0	0	0	0	0	0	0	1	0	0	0	0	0	1	0
847_848	ACGCAGCTCGGTTCGG-11	0	0	0	0	0	1	0	0	0	0	0	0	0	0	0	0	0	1	0	0
847_848	ACGCAGCGTCCAGTTA-11	0	0	0	0	0	0	0	0	0	0	1	0	0	0	0	0	0	0	1	0
847_848	ACGAGCCGTATAGGTA-11	0	0	1	0	1	0	0	0	0	0	0	0	0	0	0	0	0	1	0	0
847_848	TACAGTGTCGTAGGAG-11	0	0	0	0	0	0	0	0	0	0	0	0	1	0	0	0	0	1	0	0
847_848	ACCCACTTCTTGCATT-11	0	0	0	0	0	0	0	0	0	0	0	0	0	0	0	0	0	1	1	0
847_848	ACATACGGTTTGTTGG-11	0	0	0	0	0	0	0	0	0	0	0	0	0	0	0	0	0	0	0	0
847_848	GTACGTAGTTTGGGCC-11	0	0	0	0	0	0	0	0	0	0	0	0	1	0	1	0	1	0	0	0
847_848	TCTTCGGTCCGAAGAG-11	0	0	0	0	0	0	0	0	0	0	1	0	0	0	0	0	0	0	0	0
847_848	TGCCAAAAGAAGAAGC-11	0	0	0	0	1	0	0	0	0	0	1	0	0	0	0	0	0	0	0	0
847_848	AATCGGTCACGTCTCT-11	0	0	0	0	0	0	0	0	0	0	0	0	0	0	0	0	0	0	0	0
847_848	CATCAAGCAACGATCT-11	0	0	0	0	0	0	0	0	0	0	0	0	0	0	0	0	0	0	0	0
847_848	ACAGCCGGTCCAAGTT-11	0	0	0	0	0	0	0	0	0	0	0	0	0	0	0	0	0	0	0	0
847_848	ACAGCCGCAGCGTAAG-11	0	0	0	0	0	0	0	0	0	0	1	0	0	0	0	0	0	0	0	0
847_848	CATATTCTCTCCAGGG-11	0	0	0	0	0	0	0	0	1	0	0	0	1	0	0	0	0	0	0	0
847_848	ACACTGATCTAAGCCA-11	0	0	0	0	0	0	0	0	0	0	0	0	0	0	0	0	0	0	0	0
847_848	TCAGCAACATTACCTT-11	0	0	0	0	0	0	1	0	0	0	0	0	0	0	0	0	0	0	0	0
847_848	CGGTTAACAAATCCGT-11	0	0	0	0	0	0	0	0	0	0	0	0	0	0	0	0	0	1	1	0
847_848	ACACCCTTCGTAGGTT-11	0	0	0	0	0	0	0	0	0	0	0	0	0	0	0	0	0	0	0	0
847_848	TTTATGCAGGCCCTTG-11	0	0	0	0	0	0	0	0	0	0	0	0	0	0	0	0	0	0	0	0
847_848	ACACCCTGTCTCAACA-11	0	0	0	0	0	0	0	0	0	0	0	0	0	0	0	1	0	0	0	0
847_848	GTCACGGAGATGTCGG-11	0	0	0	0	0	0	0	0	0	0	0	0	0	0	0	0	0	0	0	0
847_848	GACCAATTCGCTAGCG-11	0	0	0	0	0	0	2	0	1	0	0	0	0	1	0	0	0	0	0	0
847_848	TGAGCATAGAAGGACA-11	0	0	0	0	0	0	1	0	0	0	0	0	0	0	0	0	0	1	0	0
847_848	ACACTGACATGCTAGT-11	0	0	0	0	0	0	0	0	0	0	0	0	0	0	0	0	0	0	0	0
847_848	CGGTTAATCGCAAACT-11	0	0	0	0	0	0	0	0	0	0	0	0	0	0	0	0	0	0	0	0
847_848	TTGGAACTCCACGCAG-11	0	0	0	0	0	0	0	0	0	0	0	0	0	0	0	0	0	0	0	0
847_848	CACTCCAAGATATGGT-11	0	0	0	0	0	0	0	0	0	0	0	0	1	0	0	0	0	0	0	0
847_848	CTTACCGCAGCGTTCG-11	0	0	0	0	0	0	0	0	0	0	0	0	0	0	0	0	0	0	0	0
847_848	CAGAGAGGTCTGGAGA-11	0	0	0	0	0	0	0	0	0	0	0	0	0	0	0	0	0	0	0	0
847_848	TGGCGCATCATCGATG-11	0	0	0	0	0	0	0	0	0	0	0	0	0	0	0	1	0	0	0	0
847_848	CTCAGAAGTCTAGCGC-11	0	0	0	0	0	0	0	0	0	0	3	0	0	0	0	0	0	1	0	0
847_848	GCTGCGAAGCCGGTAA-11	0	0	0	0	0	0	0	0	0	0	1	0	0	0	0	0	0	0	0	0
847_848	CGTCTACGTCCTGCTT-11	0	0	0	0	0	0	0	0	0	0	0	0	0	0	0	0	0	1	0	0
847_848	CGTCTACCATGGAATA-11	0	0	0	0	0	1	0	0	0	0	0	0	0	0	0	0	0	0	0	0
847_848	TCAATCTGTTGAACTC-11	0	0	0	0	0	0	0	0	0	0	1	0	0	0	0	0	0	0	0	0
847_848	CAGCAGCTCAACACCA-11	0	0	0	0	0	0	0	0	0	0	0	0	1	0	0	0	0	0	0	0
847_848	CCTCTGAGTTCGCTAA-11	0	0	0	0	0	0	0	0	0	0	0	0	0	0	0	0	0	1	0	0
847_848	CACCTTGGTCATGCCG-11	0	0	0	0	0	0	0	0	0	0	0	0	0	0	0	0	0	0	1	0
847_848	GCTGCTTTCGTTTATC-11	0	0	0	0	0	0	0	0	0	0	0	0	0	0	0	0	0	0	0	0
847_848	CAGCCGAGTCTAGCGC-11	0	0	0	0	0	1	0	0	0	0	0	0	1	0	0	0	0	0	0	0
847_848	TTTGCGCAGGAGTCTG-11	0	0	0	0	0	0	0	0	0	0	0	0	0	0	0	0	0	0	0	1
847_848	GGGACCTAGGTGACCA-11	0	0	0	0	0	0	1	0	0	0	0	0	0	0	0	0	0	0	0	1
847_848	CAGTAACCAAGAGTCG-11	0	0	0	0	0	2	0	0	0	0	0	0	1	0	0	0	0	1	0	0
847_848	CGTCCATAGCGCTCCA-11	0	0	0	0	0	0	0	0	0	0	0	0	0	0	0	0	0	0	0	0
847_848	TCGAGGCGTTCATGGT-11	0	0	0	1	0	0	0	0	0	0	0	0	0	0	0	0	0	0	0	0
847_848	CGTCAGGGTCCAACTA-11	0	0	0	0	0	0	0	0	0	0	0	0	0	0	0	0	0	0	0	0
847_848	CTGTGCTAGAGTCGGT-11	0	0	0	0	0	0	1	0	0	0	0	0	0	1	0	0	0	0	0	0
847_848	TTATGCTCACCATCCT-11	0	0	0	0	0	0	0	0	0	0	1	0	0	0	0	0	0	0	0	0
847_848	TTTGTCATCGGATGTT-11	0	0	0	0	0	0	0	0	0	0	0	0	0	0	0	0	0	0	0	0
847_848	TCACGAACAGCCTTTC-11	0	0	0	0	0	0	0	0	0	0	0	0	0	0	0	1	0	0	0	0
847_848	CAGCCGAGTAGGAGTC-11	0	0	0	0	0	0	0	0	0	0	0	0	0	0	0	0	0	0	0	0
847_848	TGCCCTAGTGTGGTTT-11	0	0	0	0	0	0	1	0	0	0	0	0	0	0	0	0	0	1	0	0
847_848	TTAGGACTCTTGTACT-11	0	0	0	0	0	0	1	0	0	0	0	0	0	0	0	0	0	0	0	0
847_848	TTCGAAGAGAGAGCTC-11	0	0	0	1	0	0	0	0	0	0	0	0	0	0	0	0	0	1	0	0
847_848	AACTCCCGTTGACGTT-11	0	0	0	0	0	0	0	0	0	0	0	0	0	0	0	0	0	0	0	0
847_848	TACTCATAGAGATGAG-11	0	0	0	0	0	0	0	0	0	0	0	0	0	0	0	0	0	0	0	0
847_848	TACTTGTGTCTTGTCC-11	0	0	0	0	0	1	0	0	1	0	0	0	0	1	0	2	0	1	1	0
847_848	GGAAAGCTCAGAGGTG-11	0	0	0	0	0	0	0	0	0	0	0	0	0	0	0	0	0	0	0	0
847_848	GTCAAGTAGGTAGCCA-11	0	0	0	0	0	0	0	0	0	0	0	0	0	0	0	0	0	2	0	0
847_848	CGGTTAATCCAAATGC-11	0	0	0	0	0	0	0	0	0	0	0	0	0	0	0	0	0	0	0	0
847_848	AACTCAGAGGGTCGAT-11	0	0	0	0	0	0	0	0	0	0	1	0	1	1	0	0	0	1	0	0
847_848	CCTCAGTAGAGGTACC-11	0	0	0	0	0	0	0	0	0	0	0	0	1	0	0	0	0	1	0	0
847_848	ACGCCGAAGCTCCTTC-11	0	0	0	0	0	0	0	0	0	0	0	0	0	0	0	0	0	0	0	0
847_848	CTAATGGGTTAGAACA-11	0	0	0	0	0	0	0	0	0	0	0	0	0	0	0	0	0	0	0	0
847_848	CGCGTTTAGCTCCTTC-11	0	0	0	0	0	0	2	0	0	1	0	0	0	0	0	0	0	0	1	0
847_848	CGCGTTTGTCGCATAT-11	0	0	0	0	0	0	0	0	0	0	0	0	0	0	0	0	0	0	0	0
847_848	CCTTACGAGCGTCTAT-11	0	0	0	0	0	0	0	0	0	0	1	0	0	0	0	0	0	0	0	1
847_848	CGCGTTTGTGATGTCT-11	0	0	0	0	0	0	0	0	0	0	0	0	0	0	0	0	0	1	0	0
847_848	AAACCTGCACATCCAA-11	0	0	0	0	0	0	0	0	0	0	0	0	0	0	0	0	0	1	0	0
847_848	TACTCATTCTTGAGGT-11	0	0	0	0	0	0	0	0	0	0	0	0	0	0	0	1	0	0	0	1
847_848	GCTGCAGCAAGTAGTA-11	0	0	0	0	1	0	0	0	0	0	0	0	0	0	0	0	0	0	1	0
847_848	TGAGAGGGTATCGCAT-11	0	0	0	0	0	0	0	0	0	0	0	0	0	0	0	0	0	0	0	0
847_848	TCACGAAAGTCAAGCG-11	0	0	0	0	0	0	0	0	0	0	0	0	0	0	0	0	0	0	0	0
847_848	GGAAAGCGTCGCATAT-11	0	0	0	0	1	0	0	0	0	0	0	1	0	0	0	0	0	0	0	0
847_848	TAGGCATTCACCATAG-11	0	0	0	0	0	0	0	0	0	0	0	0	0	0	0	0	0	0	0	0
847_848	TCGCGTTGTGGCAAAC-11	0	0	0	0	0	0	0	0	0	0	0	0	1	0	0	0	0	0	0	0
847_848	TTCGGTCCATCACCCT-11	0	0	0	0	0	0	0	0	0	0	0	0	0	0	0	1	0	0	0	0
847_848	TGCCCATCACCGAAAG-11	0	0	0	0	0	0	0	0	0	0	1	0	0	0	0	0	0	0	0	0
847_848	TCGCGTTCACCCATTC-11	0	0	0	0	0	0	0	0	0	0	0	1	0	0	0	1	0	0	0	1
847_848	CACATAGGTTGCGCAC-11	0	0	0	0	0	0	0	0	0	0	0	0	1	0	0	0	0	0	0	0
847_848	TTTGGTTCAACACCTA-11	0	0	0	0	0	0	0	0	0	0	0	0	1	0	0	0	0	0	0	0
847_848	ACAGCCGCAGGGTACA-11	0	0	0	0	0	0	0	0	0	0	0	0	1	0	0	0	0	0	0	0
847_848	GCGGGTTGTCAAAGCG-11	0	0	0	0	0	1	0	0	0	0	0	0	0	1	0	0	0	1	0	0
847_848	CCATGTCTCGGTTAAC-11	0	0	0	0	0	0	0	0	0	0	1	0	0	0	0	0	0	0	0	0
847_848	CGACTTCCAATCTACG-11	0	0	0	0	0	0	0	0	0	0	0	0	0	0	0	0	0	0	0	0
847_848	CAAGAAACAATAGAGT-11	0	0	0	0	0	0	0	0	0	0	0	0	0	1	0	0	0	0	0	0
847_848	TCAACGATCTCTAGGA-11	0	0	0	0	0	0	0	0	0	0	0	0	0	0	0	0	0	0	0	0
847_848	AGCGTATCAACTGGCC-11	0	0	0	0	0	0	0	0	0	0	0	0	0	0	0	0	0	0	0	1
847_848	ACGGAGAGTATTCTCT-11	0	0	0	0	0	0	0	0	0	0	1	0	0	0	0	0	0	0	0	0
847_848	GATGCTAAGGCCCTTG-11	0	0	0	0	0	0	0	0	0	0	0	0	0	0	0	0	0	0	0	0
847_848	TCAACGAGTTCCCTTG-11	0	0	0	0	0	0	0	0	0	0	0	0	0	0	0	0	0	0	0	0
847_848	GTTCGGGCATCCAACA-11	0	0	0	0	0	0	0	0	0	0	0	0	0	0	0	0	0	0	0	0
847_848	CATCGGGCAGACGCAA-11	0	0	0	0	0	0	0	0	0	0	0	0	0	0	0	0	0	0	0	0
847_848	CGAGCACAGGGAGTAA-11	0	0	0	0	0	0	0	0	0	0	0	0	0	0	0	0	0	1	0	0
847_848	CCATTCGCATCGTCGG-11	0	0	0	0	0	0	0	0	0	0	0	0	0	0	0	0	0	1	0	0
847_848	TGACTTTCACCAGGTC-11	0	0	0	0	0	1	0	0	0	0	0	0	0	0	0	0	0	0	0	0
847_848	CAAGAAAGTACATGTC-11	0	0	0	0	0	0	0	0	0	0	0	0	0	0	0	0	0	0	0	0
847_848	TGACGGCTCTCAAGTG-11	0	0	0	0	0	0	0	0	0	0	0	0	1	0	0	0	0	0	0	0
847_848	GTTTCTAGTATCTGCA-11	0	0	0	0	0	2	0	0	0	0	0	0	0	0	0	0	0	0	0	0
847_848	GATCGATGTCTCTTTA-11	0	0	0	0	0	1	0	0	0	0	0	0	0	0	0	0	0	0	0	0
847_848	CGCTGGAGTGAGGGTT-11	0	0	0	0	0	0	0	0	1	0	0	0	0	0	0	0	0	0	0	0
847_848	TAAGAGAAGCGCTTAT-11	0	0	0	0	0	0	0	0	0	0	0	0	0	1	0	0	0	0	0	0
847_848	CAAGGCCTCCGCGCAA-11	0	0	0	0	0	0	0	0	0	0	0	0	0	0	0	0	0	0	0	1
847_848	TTGGCAAGTGCAGTAG-11	0	0	0	0	0	0	0	0	0	0	0	0	0	0	0	0	0	0	0	0
847_848	AGCTCTCCATGATCCA-11	0	0	0	0	0	0	0	0	0	0	0	0	0	0	0	0	0	0	0	0
847_848	GTAACTGCAATAGCAA-11	0	0	0	0	1	0	0	0	0	0	0	0	0	0	0	0	0	1	1	0
847_848	AGCTTGATCTTAGCCC-11	0	0	0	0	0	1	0	0	0	0	0	0	0	0	0	0	0	0	0	0
847_848	GTGTGCGGTGAAAGAG-11	0	0	0	0	0	0	0	0	0	0	0	0	0	0	0	0	0	0	0	0
847_848	GGAGCAAGTGCTTCTC-11	0	0	0	0	0	0	0	0	0	0	0	0	0	0	0	0	0	0	0	0
847_848	ATTCTACGTTACGCGC-11	0	0	0	0	0	0	0	0	1	0	1	0	1	0	0	0	0	0	0	0
847_848	ATTATCCCACCATCCT-11	0	0	0	0	0	0	0	0	0	0	0	0	0	0	0	0	0	0	0	0
847_848	ATTACTCTCCGCAAGC-11	1	0	0	0	0	0	0	0	0	0	0	0	0	0	0	0	0	1	0	0
847_848	GTAACTGAGAACAACT-11	0	0	0	0	0	0	0	0	0	0	0	0	0	0	0	0	0	1	0	0
847_848	GTCTCGTGTGCCTGGT-11	0	0	0	0	0	0	0	0	0	0	0	0	0	0	0	0	0	0	0	0
847_848	CCAATCCTCTTCTGGC-11	0	0	0	0	0	0	0	0	0	0	1	0	0	0	0	0	0	0	0	0
847_848	CAACCTCGTCACCCAG-11	0	0	0	0	0	0	1	0	0	0	0	0	0	0	1	0	0	1	0	0
847_848	CAACTAGGTGGCAAAC-11	0	0	0	0	0	1	0	0	0	1	0	0	0	0	0	0	0	0	0	0
847_848	ATAAGAGCAGCATACT-11	0	0	0	0	0	0	0	0	0	0	0	0	0	0	0	1	0	0	0	0
847_848	TGAGAGGCACACATGT-11	0	0	0	0	0	0	0	0	0	0	0	0	1	0	0	0	0	0	0	0
847_848	CGAATGTTCACTTATC-11	0	0	0	0	0	0	0	0	0	0	0	0	0	0	0	0	0	1	0	0
847_848	AGTGTCATCATTCACT-11	0	0	0	0	0	0	0	0	0	0	0	0	0	0	0	0	0	0	0	0
847_848	AGTGTCACATATGCTG-11	0	0	0	0	0	0	0	0	0	0	0	0	0	0	0	0	0	0	0	0
847_848	AGTGGGAGTTCCACTC-11	0	0	0	0	0	0	0	0	0	0	0	0	0	0	0	0	0	1	0	0
847_848	AGTCTTTGTCGGCATC-11	0	0	0	1	0	0	0	0	0	0	0	0	0	0	0	1	0	0	0	0
847_848	GGTATTGTCGGAGGTA-11	0	0	0	0	0	0	0	0	0	0	0	0	0	0	0	0	0	0	0	0
847_848	GATGCTAGTCGACTAT-11	0	0	0	0	0	0	0	0	0	0	0	0	0	0	0	0	0	0	0	0
847_848	AGGGTGATCCCATTAT-11	0	0	0	0	0	0	0	0	0	0	1	0	0	0	0	0	0	0	0	0
847_848	TGGCCAGAGTATCTCG-11	0	0	0	0	0	0	1	0	0	0	0	0	1	0	0	0	0	0	0	0
847_848	GTGTGCGCAAGTTGTC-11	0	0	0	0	0	0	0	0	0	0	0	0	0	0	0	0	0	1	0	0
847_848	AGGCCGTCATACAGCT-11	0	0	0	0	0	0	0	0	0	0	0	0	1	0	0	0	0	0	0	0
847_848	CGGACTGAGTACATGA-11	0	0	0	0	0	0	0	0	0	0	0	0	0	0	0	0	0	0	0	0
847_848	CTACATTGTCTAAACC-11	0	0	0	0	0	0	0	0	0	0	0	0	0	0	0	0	0	0	0	0
847_848	TCAATCTCATCACAAC-11	0	0	0	0	0	1	0	0	0	0	0	0	0	0	0	1	0	1	0	0
847_848	GCCTCTACAGTGGAGT-11	0	0	0	0	0	0	0	0	0	0	0	0	0	0	0	0	0	1	0	0
847_848	ACTGATGGTCTAGTCA-11	0	0	0	0	0	0	0	0	0	0	0	0	0	0	0	0	0	0	0	0
847_848	GCAGTTACAGTGGGAT-11	0	0	0	0	0	0	0	0	0	0	0	0	0	0	0	0	0	0	0	0
847_848	GCGCCAAAGCGTGTCC-11	0	0	0	0	0	0	0	0	0	0	0	0	0	0	0	0	0	0	0	0
847_848	CTTAGGAGTCATATCG-11	0	0	0	0	0	0	0	0	0	0	0	0	0	0	0	0	0	0	0	0
847_848	TGAAAGAAGCGTTCCG-11	0	0	0	0	0	0	1	0	0	0	0	0	0	0	0	0	0	0	0	0
847_848	CCGTTCACACGTAAGG-11	0	0	0	0	0	0	0	0	0	0	0	0	0	0	0	0	0	0	0	0
847_848	CATCAGACATCTATGG-11	0	0	0	0	0	0	0	0	0	0	0	0	0	0	0	0	0	0	0	0
847_848	GGGTTGCTCTGTTTGT-11	0	0	0	0	0	0	0	0	0	0	1	0	0	0	0	0	0	0	0	0
847_848	GGCGACTTCGAACTGT-11	0	0	0	0	0	0	0	0	0	0	0	0	0	0	0	0	0	0	0	0
847_848	ACTTGTTAGCCAGAAC-11	0	0	0	0	1	0	0	0	0	0	1	0	0	0	0	0	0	0	0	0
847_848	ACTTGTTAGCGTAGTG-11	0	0	0	0	0	0	0	0	0	0	0	0	0	0	0	0	0	0	0	0
847_848	CCGTACTTCATTCACT-11	0	0	0	0	0	0	0	0	0	0	0	0	0	0	0	0	0	0	0	0
847_848	CATCAAGCATGAGCGA-11	0	0	0	0	0	0	0	0	0	0	0	0	0	0	0	1	0	0	0	0
847_848	ACGGCCACAAATACAG-11	0	0	0	0	0	0	0	0	0	0	0	0	0	0	0	0	0	0	0	0
848_849	ACGCCAGGTGCAGACA-11	1	0	0	0	0	0	0	0	0	0	0	0	0	0	0	0	0	0	0	0
848_849	GCTGGGTAGATCCTGT-11	0	0	0	0	0	0	0	0	0	0	0	0	0	0	0	0	0	0	0	0
848_849	TCGTAGAAGCTGAACG-11	0	0	0	0	0	0	0	0	0	0	0	0	0	0	0	0	0	0	0	1
848_849	CCACTACGTGGCCCTA-11	0	0	0	0	1	0	0	0	0	0	0	0	0	0	0	2	1	0	0	0
848_849	TCCCGATGTACATCCA-11	0	0	0	0	0	0	0	0	0	0	0	0	0	0	0	0	0	1	0	0
848_849	CAGCAGCAGCCACGCT-11	0	0	0	0	0	0	0	0	0	0	0	0	0	0	0	0	0	0	1	0
848_849	AGTTGGTAGTGCCAGA-11	0	0	0	0	0	0	0	0	0	0	0	0	0	0	0	0	0	0	0	0
848_849	TCAGCAAAGTGGAGTC-11	0	0	0	0	0	0	0	0	0	0	0	0	0	0	0	0	0	0	0	0
848_849	ACCTTTACATCGGTTA-11	0	0	0	0	0	0	0	0	0	0	0	0	0	0	0	0	0	0	0	0
848_849	CACTCCAGTACCGGCT-11	0	0	0	0	1	0	0	0	0	0	0	0	0	0	0	0	0	0	0	0
848_849	CAGCTGGGTACAGTTC-11	0	0	0	0	0	0	0	0	0	0	0	0	0	0	0	0	0	0	0	0
848_849	CCTAAAGAGTAATCCC-11	0	0	0	0	0	0	0	0	0	0	0	0	0	0	0	0	1	0	0	0
848_849	CTAATGGTCAGCTTAG-11	0	0	0	0	0	0	0	0	0	0	0	0	0	0	0	0	0	0	0	1
848_849	GTATTCTGTCTTGATG-11	0	0	0	0	0	0	0	0	0	0	0	0	0	0	0	0	0	1	0	0
848_849	GGCTCGATCGCCATAA-11	0	0	0	0	0	0	0	0	0	0	0	0	0	0	0	0	0	0	0	0
848_849	AGTGAGGTCTCTAAGG-11	0	0	0	0	0	0	0	0	0	0	0	0	0	0	0	0	0	0	0	0
848_849	GCCAAATAGCGCTCCA-11	0	0	0	0	0	0	0	0	0	0	1	0	0	0	0	0	0	0	0	0
848_849	GCGACCAAGTCCGGTC-11	0	0	0	0	0	0	0	0	0	0	0	0	0	0	0	0	0	1	0	0
848_849	AGTGAGGGTACCGTTA-11	0	0	0	0	0	0	0	0	0	0	0	0	0	0	0	0	0	0	0	0
848_849	TGAGCCGGTACCGGCT-11	0	0	0	0	0	0	0	0	0	0	0	0	1	0	0	0	0	0	0	0
848_849	GTGCTTCAGTCCAGGA-11	0	0	0	0	0	0	1	0	0	0	1	0	0	0	0	0	0	0	0	0
848_849	TTAGTTCCAGCGATCC-11	0	0	0	0	0	0	0	0	0	0	0	0	0	0	0	0	0	0	0	0
848_849	GTCATTTGTTCACGGC-11	0	0	0	0	0	0	0	0	0	0	0	0	0	0	0	0	0	0	0	0
848_849	ATTTCTGTCTGTCAAG-11	0	0	0	0	0	0	1	0	0	0	0	0	1	0	0	0	0	0	0	1
848_849	TCTTTCCAGCGATTCT-11	0	0	0	0	0	0	0	0	0	0	0	0	0	0	0	0	0	0	0	0
848_849	CCAATCCGTGACAAAT-11	0	0	0	0	0	0	0	0	0	0	0	0	0	0	0	0	0	0	0	0
848_849	TTAGTTCGTACATGTC-11	0	0	0	0	0	0	0	0	0	0	0	0	0	0	0	0	0	0	0	0
848_849	ACGAGGATCGTTGCCT-11	0	0	0	0	0	0	0	0	0	0	0	0	0	0	0	0	0	0	0	0
848_849	ATAGACCTCATCATTC-11	0	0	0	0	0	0	0	0	0	1	0	0	0	0	0	0	0	0	0	0
848_849	CCACTACCATGACATC-11	0	0	0	1	0	0	0	0	0	0	0	0	0	0	0	0	0	0	0	0
848_849	TTCCCAGGTCTCACCT-11	0	0	0	0	0	1	0	0	0	0	0	0	0	0	0	0	0	2	0	0
848_849	ACGGCCAGTCGCGAAA-11	1	0	0	0	0	0	0	0	0	0	0	0	0	0	0	0	0	0	0	0
848_849	ACGCAGCGTTCCAACA-11	0	0	0	0	0	0	0	0	0	0	0	0	0	0	0	0	0	1	0	0
848_849	CAGCTAAGTTAGATGA-11	0	0	0	0	0	0	0	0	0	0	1	0	1	0	0	0	0	0	0	0
848_849	CAGCTAATCGGAAACG-11	0	0	0	0	0	0	0	0	0	0	0	0	0	0	0	0	0	0	0	0
848_849	CACACAAGTAAACACA-11	0	0	0	0	0	1	1	0	0	0	0	0	0	0	0	0	0	0	0	0
848_849	TGGTTCCCAAAGGTGC-11	0	0	0	0	0	0	0	0	0	0	0	0	0	0	0	0	0	0	0	0
848_849	CAGCGACTCTAACTGG-11	0	0	0	0	0	0	0	0	0	0	0	0	0	0	0	0	0	0	0	0
848_849	ATGGGAGGTCTTGATG-11	0	0	0	0	0	0	0	0	0	0	1	0	0	0	0	0	0	0	1	0
848_849	CTACATTTCAGTTGAC-11	0	0	0	0	0	0	0	0	0	0	0	0	0	0	0	0	0	0	0	0
848_849	ATGCGATGTACGACCC-11	0	0	0	0	0	0	1	0	0	0	0	0	0	0	0	0	0	0	0	0
848_849	CTTACCGGTGTTCTTT-11	0	0	0	0	0	0	0	0	0	0	0	0	0	0	0	0	0	0	0	1
848_849	CCAATCCAGGCCATAG-11	0	0	0	0	0	0	0	0	0	0	0	0	0	0	0	0	0	1	0	0
848_849	CAGCTAATCTTTAGGG-11	0	0	0	0	1	0	0	0	0	0	0	0	0	0	0	0	0	0	0	0
848_849	ATCTGCCTCGGTGTCG-11	0	0	0	0	0	0	0	0	0	0	0	0	0	0	0	0	0	0	0	0
848_849	GCTTGAAGTCTCTTAT-11	0	0	0	0	0	0	0	0	0	0	1	0	1	0	0	0	0	0	0	0
848_849	CTGATCCTCGTCTGCT-11	0	0	0	0	0	0	2	0	0	0	0	0	0	0	0	0	0	1	0	0
848_849	ATCGAGTGTGACGGTA-11	0	0	0	0	0	0	0	0	0	0	0	1	0	0	0	0	0	0	0	0
848_849	ATCCACCAGGCTAGGT-11	0	0	0	0	0	0	0	0	0	0	0	0	0	0	0	0	0	0	0	0
848_849	CTGCTGTTCTCGAGTA-11	0	0	0	0	0	0	0	0	0	0	0	0	0	0	0	0	0	0	0	0
848_849	GCAATCATCGCGGATC-11	0	0	0	0	0	0	0	0	0	0	0	0	0	0	0	0	0	0	0	0
848_849	GAACATCTCACCTCGT-11	0	0	0	0	0	0	0	0	0	0	0	0	0	0	0	0	0	0	0	0
848_849	TAGACCAAGCCACGCT-11	0	0	0	0	0	0	0	0	0	0	0	0	0	0	0	0	0	0	0	1
848_849	ATCATGGAGAGGTTAT-11	0	0	0	0	0	0	0	0	0	0	1	0	0	0	0	0	0	0	0	0
848_849	ATTGGACAGTTAACGA-11	0	0	0	0	0	0	0	0	0	0	0	0	0	0	0	0	0	1	0	0
848_849	GGCGTGTGTCCTCCAT-11	0	0	0	0	0	0	0	0	0	0	0	0	0	0	0	0	0	0	1	0
848_849	TGGTTAGGTCGCGAAA-11	0	0	0	0	0	0	0	1	0	0	0	0	0	0	0	0	0	0	0	0
848_849	AAGTCTGGTCGTGGCT-11	0	0	0	0	1	0	0	0	0	0	0	0	0	0	0	0	0	0	0	0
848_849	GCTCCTATCGGAATCT-11	0	0	0	0	0	0	0	0	0	0	0	0	0	0	0	0	0	0	0	0
848_849	TCTTCGGAGCTAACAA-11	0	0	0	0	0	0	2	0	0	0	0	0	0	0	0	0	0	1	0	1
848_849	GAATAAGGTTCGTTGA-11	0	0	0	0	0	0	0	0	0	0	0	0	0	0	0	0	0	0	0	0
848_849	ACTTTCAGTCAGAAGC-11	0	0	0	0	0	0	0	0	0	0	0	0	0	0	0	1	0	0	0	0
848_849	AGAGTGGGTGCACTTA-11	0	0	0	0	0	0	0	0	0	0	0	0	0	0	0	0	1	0	0	0
848_849	GCATACAGTACCGCTG-11	0	0	0	0	0	0	0	0	0	0	0	0	0	0	0	0	0	0	0	0
848_849	TATGCCCCACACAGAG-11	0	0	0	0	0	1	0	0	0	0	0	0	0	0	0	0	0	0	0	0
848_849	GAATGAATCGTGTAGT-11	0	0	0	0	0	0	0	0	0	0	0	0	0	0	0	0	0	0	0	0
848_849	CCTCAGTAGACAGAGA-11	0	0	0	0	0	0	1	0	0	0	0	0	1	0	0	0	0	0	0	0
848_849	CGGTTAAAGAGATGAG-11	0	0	0	0	0	0	1	0	0	0	0	0	1	0	0	0	0	0	0	0
848_849	AGAGCGAGTCCGAATT-11	0	0	0	0	0	0	0	0	0	0	1	0	0	1	0	0	0	0	0	0
848_849	CTCGAGGCACGGTTTA-11	0	0	0	0	0	0	1	0	0	0	0	0	0	0	0	0	0	0	0	0
848_849	CTTTGCGCAATAGCAA-11	0	0	0	0	0	0	1	0	0	0	0	0	0	0	0	0	0	0	0	0
848_849	CGAGAAGCAATGGTCT-11	0	0	0	0	0	0	0	0	0	0	0	0	1	0	0	0	0	0	0	0
848_849	AGACGTTTCGAGGTAG-11	0	0	0	0	0	0	1	0	0	0	0	0	0	0	0	0	0	0	0	0
848_849	CATCCACAGGATATAC-11	0	0	0	0	0	0	0	0	0	0	1	0	0	0	0	0	0	0	0	0
848_849	TGACGGCTCCTCAACC-11	0	0	0	0	0	0	0	0	0	0	1	0	0	0	0	0	1	0	0	0
848_849	CCTTTCTCAAATACAG-11	0	0	0	0	0	0	0	0	0	0	0	0	0	0	0	0	0	0	0	0
848_849	AAGGCAGAGATGGGTC-11	0	0	0	0	0	0	0	0	0	0	0	0	0	0	0	0	0	0	0	0
848_849	TACCTATGTTATGCGT-11	0	0	0	0	0	0	0	0	0	0	0	0	0	0	0	0	0	2	0	0
848_849	TAAACCGCATCCTTGC-11	0	0	0	0	0	1	0	0	0	0	0	0	0	0	0	0	0	0	0	0
848_849	GACCTGGAGCTTATCG-11	0	0	0	0	0	0	0	0	0	0	0	0	0	0	0	0	0	0	0	0
848_849	TACCTATCAGGGAGAG-11	0	0	0	0	1	1	0	0	0	0	0	0	0	0	0	0	0	0	0	0
848_849	CGAGCACGTCTAAACC-11	0	0	0	0	0	1	0	0	0	0	0	0	0	0	0	0	0	1	1	0
848_849	GACACGCTCGCTAGCG-11	0	0	0	0	0	0	0	0	3	0	0	0	0	0	0	0	0	0	0	0
848_849	AAGGTTCAGATGCGAC-11	0	0	0	0	0	0	0	0	0	0	0	0	1	0	0	0	0	0	0	1
848_849	TCAGGTATCGCCAGCA-11	0	0	0	0	0	0	0	0	0	0	0	0	0	0	0	1	0	1	0	0
848_849	CCGGTAGGTCCAGTTA-11	0	0	0	0	0	0	0	0	0	0	0	0	1	0	1	0	0	0	0	0
848_849	TTAGGCACACGGACAA-11	0	0	0	0	0	0	0	0	0	0	0	0	0	0	0	0	0	0	0	0
848_849	AACTTTCCATGGTAGG-11	0	0	0	0	0	0	0	0	0	0	0	0	0	0	0	0	0	0	0	0
848_849	TCGTAGAAGTTAGGTA-11	0	0	0	0	0	0	0	0	0	0	0	0	0	0	0	0	0	0	0	0
848_849	AAAGCAAAGCTAGTTC-11	0	0	0	0	0	0	0	0	0	0	0	0	0	0	0	0	0	0	0	0
848_849	AGCTTGAAGAGGACGG-11	0	0	0	0	0	0	0	0	0	0	0	0	0	0	0	0	0	0	0	0
848_849	TCGGTAACAGTACACT-11	0	0	0	0	0	0	0	0	0	0	0	0	0	0	0	0	0	0	0	0
848_849	GTTCATTAGTTTGCGT-11	0	0	0	0	0	0	0	0	0	0	0	0	0	0	0	0	0	0	0	0
848_849	TCAGCAACAGACGTAG-11	0	0	0	0	0	2	0	0	0	0	0	0	0	0	0	0	0	0	0	0
848_849	AAATGCCAGAACTCGG-11	0	0	0	0	0	0	0	0	0	0	0	0	0	0	0	0	0	0	0	0
848_849	CGCTATCCATTTCACT-11	0	0	0	0	0	0	0	0	0	0	0	0	0	0	0	0	0	0	0	0
848_849	AACACGTAGTTTCCTT-11	0	0	0	0	0	0	0	0	0	0	0	0	0	0	0	0	1	0	0	0
848_849	TGATTTCCAGACGCTC-11	0	0	0	0	0	0	0	0	0	0	0	0	0	0	0	1	0	0	0	0
848_849	CGCTATCGTCACCTAA-11	0	0	0	0	0	0	0	0	0	0	0	0	0	0	0	0	0	0	0	1
848_849	TGTATTCCATGAGCGA-11	0	0	0	0	0	0	0	0	0	0	0	0	0	0	0	0	0	0	0	0
848_849	TGGCGCATCTGTGCAA-11	0	0	0	0	0	0	0	0	0	0	0	0	0	0	0	0	1	0	0	0
848_849	AACCGCGAGTCAAGGC-11	0	0	0	0	0	1	0	0	0	0	0	0	0	0	0	0	0	0	0	0
848_849	CGCGGTAGTTATTCTC-11	0	0	0	0	0	0	1	0	0	0	0	0	0	0	0	0	0	0	0	0
848_849	TTCTTAGTCTGCTTGC-11	0	0	0	0	0	0	0	0	0	0	1	0	0	0	0	0	0	0	0	0
848_849	CTGAAACAGGTAAACT-11	0	0	0	0	0	1	0	0	0	0	0	0	0	0	0	0	0	2	0	0
848_849	TCTTTCCGTCCATGAT-11	0	0	0	0	0	0	0	0	0	0	0	0	0	0	0	0	0	2	0	0
848_849	CGGCTAGAGATCCCGC-11	0	0	0	0	0	0	0	0	0	0	0	0	0	0	0	0	0	0	1	0
848_849	GGGTTGCGTTCAGCGC-11	0	0	0	0	0	0	0	0	0	0	0	0	0	0	0	0	0	1	0	0
848_849	TCGCGTTTCACTTCAT-11	0	0	0	0	0	0	0	0	0	0	0	0	0	0	0	0	0	0	0	0
849_850	GAAACTCGTCTAAAGA-11	0	0	0	0	0	1	0	0	0	0	0	0	0	0	0	0	0	0	0	1
849_850	CTTGGCTCATAGACTC-11	0	0	0	0	0	0	1	0	0	0	0	0	0	0	0	0	0	1	0	0
849_850	GGATTACGTCTACCTC-11	0	0	0	0	0	0	0	0	0	0	0	0	0	0	0	0	0	1	0	0
849_850	TGCGGGTGTGCAACTT-11	0	0	0	0	0	1	0	0	0	0	0	0	0	0	0	0	0	1	0	0
849_850	TTAGGCAGTCTCTCGT-11	0	0	0	0	0	0	0	0	0	0	0	0	0	0	0	0	1	0	0	1
849_850	GCGACCAAGAGTAAGG-11	0	0	0	0	0	0	1	0	0	0	1	0	0	0	0	0	0	0	1	0
849_850	TTAGTTCAGTATTGGA-11	0	0	0	0	0	1	0	0	0	0	0	0	0	0	0	0	0	0	0	1
849_850	GGCGACTTCATGCTCC-11	0	0	0	0	0	0	0	0	0	0	0	0	0	0	0	0	0	0	0	0
849_850	GGCGTGTCACGGATAG-11	0	0	0	0	0	2	1	0	0	0	0	0	0	0	0	0	0	0	1	0
849_850	CTGGTCTGTAGGAGTC-11	0	0	0	0	0	0	0	0	0	0	0	0	0	0	0	0	0	0	0	0
849_850	CTTAGGATCTTGCATT-11	0	0	0	0	0	0	0	0	0	0	0	0	1	0	0	0	0	0	0	0
849_850	GGACATTTCCGTTGCT-11	0	0	0	0	0	0	0	0	0	0	0	0	0	0	0	0	0	0	0	0
849_850	TTTGCGCTCAAACCGT-11	0	0	0	0	0	0	0	0	0	0	0	0	0	0	0	0	0	0	0	0
849_850	GCCTCTACAATCTACG-11	0	0	0	0	0	0	0	0	0	0	0	0	0	0	0	0	0	1	0	0
849_850	CTCACACGTACCGTAT-11	0	0	0	0	0	0	0	0	0	0	0	0	0	0	0	0	0	1	0	0
849_850	GGAAAGCCACTGTCGG-11	0	0	0	0	0	0	1	0	0	0	0	0	0	0	0	0	0	0	0	0
849_850	TTTGCGCGTGCTCTTC-11	0	0	0	0	0	0	1	0	0	0	0	0	0	0	0	0	0	2	0	0
849_850	TGGCTGGCAGCGTTCG-11	0	0	0	0	0	0	1	0	0	0	0	0	0	0	0	0	0	0	0	0
849_850	GGATTACTCTTTACAC-11	0	0	0	0	0	0	0	0	0	0	0	0	0	0	0	0	0	0	0	0
849_850	TTGGAACTCTCTGCTG-11	0	0	0	0	0	0	0	0	0	0	0	0	0	0	0	0	0	0	0	0
849_850	TGAGAGGTCCCAACGG-11	0	0	0	0	0	0	0	0	0	0	0	0	0	0	0	0	0	0	0	1
849_850	GGCTCGAAGCAGATCG-11	0	0	0	0	0	0	0	0	0	0	0	0	0	0	0	0	0	0	0	0
849_850	GAGCAGACATGGTAGG-11	0	0	0	0	0	0	0	0	0	0	0	0	0	0	0	0	0	1	0	0
849_850	GACTACAGTCAGGACA-11	0	0	0	0	0	0	0	0	0	0	0	0	0	0	0	0	0	1	0	0
849_850	GCAGCCATCGCATGAT-11	0	0	0	0	0	0	0	0	0	0	0	0	0	1	0	0	0	0	0	0
849_850	TTCTTAGCAGTAGAGC-11	0	0	0	0	0	0	0	0	0	0	0	0	0	0	0	0	0	0	0	0
849_850	GCGCCAAAGCATCATC-11	0	0	0	0	0	0	0	0	0	0	0	0	1	0	0	0	0	0	0	0
849_850	GTCACGGTCCGTTGTC-11	0	0	0	0	0	0	1	0	0	0	0	0	0	0	0	0	0	0	0	0
849_850	TCTTTCCTCCTTCAAT-11	0	0	0	0	0	0	1	0	0	0	0	0	0	0	0	0	0	0	0	0
849_850	GAGGTGATCATGTCTT-11	0	0	0	0	0	0	0	0	0	0	0	0	0	0	0	0	0	0	0	0
849_850	TGAGCATAGTTCGATC-11	0	0	0	0	0	0	0	0	1	0	0	0	0	0	0	0	0	0	0	0
849_850	GACTAACGTACTCGCG-11	0	0	0	0	0	0	0	0	0	0	0	0	0	0	0	0	0	0	0	0
849_850	GGGTCTGCAAGACACG-11	0	0	0	0	0	1	0	0	0	0	0	0	0	0	0	0	0	0	0	0
849_850	GTCACGGGTTCTGGTA-11	0	0	0	0	0	0	0	0	0	0	0	0	0	0	0	0	0	1	0	0
849_850	CTGCGGATCCCAGGTG-11	0	0	0	0	0	0	0	0	0	0	0	0	1	0	0	2	0	0	0	0
849_850	TGCTGCTAGAAGGTTT-11	0	0	0	0	0	0	0	0	0	0	1	0	0	0	0	0	0	0	0	0
849_850	TTTACTGCAAGCCTAT-11	0	0	0	0	0	0	0	0	0	0	0	0	0	0	0	0	0	0	0	0
849_850	TGAGAGGTCGCAAACT-11	0	0	0	0	0	0	0	0	0	0	0	0	0	0	0	0	0	0	0	0
849_850	GCAGTTAGTAGCTCCG-11	0	0	0	0	0	0	0	0	0	0	0	0	0	0	0	0	0	1	0	0
849_850	TGACAACAGTTGCAGG-11	0	0	0	0	0	0	0	0	0	0	0	0	0	0	0	0	0	0	0	0
849_850	TGACAACGTTCCACAA-11	0	0	0	0	0	0	1	0	0	0	0	0	0	0	0	0	0	0	0	0
849_850	TAAACCGAGCATCATC-11	0	0	0	0	0	0	2	0	0	0	0	0	0	0	0	0	0	0	0	0
849_850	GCAGCCACAATCGGTT-11	0	0	0	0	0	0	0	0	0	0	0	0	0	0	0	0	0	0	0	0
849_850	GTCGGGTGTCGGGTCT-11	0	0	0	0	0	0	0	0	0	0	0	0	0	0	0	0	0	1	0	0
849_850	GTCTCGTGTGAGGGAG-11	0	0	0	0	0	0	0	0	0	0	1	0	0	0	0	0	0	1	0	0
849_850	GTCTCGTTCGCCCTTA-11	0	0	0	0	0	0	0	0	0	0	0	0	0	0	0	1	0	0	0	0
849_850	GTCCTCACACTACAGT-11	0	0	0	0	0	0	1	0	0	0	0	0	0	0	0	0	0	2	0	0
849_850	GGTGAAGGTTTCGCTC-11	0	0	0	0	0	0	0	0	0	0	0	0	0	0	0	0	0	1	0	0
849_850	CTGATAGTCTACCAGA-11	0	0	0	0	0	0	1	0	0	0	0	0	0	0	0	0	0	2	0	0
849_850	GTTCATTTCTCTGCTG-11	0	0	0	0	0	0	1	0	0	0	0	0	0	0	0	0	0	0	0	0
849_850	TTCTTAGGTACAGTTC-11	0	0	0	0	0	0	0	0	0	0	0	0	0	0	0	0	0	0	0	0
849_850	TGATTTCTCCCATTTA-11	0	0	0	0	0	0	1	0	0	0	0	0	0	0	0	0	0	0	0	0
849_850	GATGAAATCTTCAACT-11	0	0	0	0	0	0	0	0	0	0	0	0	0	0	0	0	0	0	1	0
849_850	GGTATTGAGGCATGTG-11	0	0	0	0	0	0	0	0	0	0	0	0	0	0	0	0	0	0	0	0
849_850	GATCTAGAGGATGGTC-11	0	0	0	0	0	0	0	0	0	0	0	0	0	0	0	0	0	0	0	0
849_850	GCGCAGTGTTCGTTGA-11	0	0	0	0	0	1	0	0	0	0	0	0	0	0	0	0	0	0	0	0
849_850	TTAACTCTCGCATGGC-11	0	0	0	0	0	0	1	0	0	0	0	0	0	1	0	0	0	0	0	0
849_850	TAAACCGAGATGTGTA-11	0	0	0	0	0	0	0	0	0	0	0	0	0	0	0	0	0	0	0	0
849_850	GCGCAGTTCCAAATGC-11	0	0	0	0	0	0	1	0	0	0	1	0	1	0	0	0	0	0	0	0
849_850	GTAACGTGTCTAGGTT-11	0	0	0	0	0	0	1	0	0	0	0	0	0	0	0	0	0	2	0	0
849_850	TCTTCGGCAGTCACTA-11	0	0	0	0	0	0	0	0	0	0	0	0	0	0	0	0	0	0	0	0
849_850	TACCTATAGAGGGATA-11	0	0	0	0	0	0	0	0	0	0	0	0	0	0	0	0	0	0	0	0
849_850	TACCTATCAACGATCT-11	0	0	0	0	0	0	0	0	0	0	0	0	0	0	0	0	0	0	0	0
849_850	TTCTCAACATAGACTC-11	0	0	0	0	0	0	0	0	0	0	0	0	0	0	0	0	1	1	0	0
849_850	TTCTCAACATACGCTA-11	0	0	0	0	0	0	0	0	0	0	0	0	0	0	0	0	0	1	0	0
849_850	TTCTCAACACTTCGAA-11	0	0	0	0	0	0	0	0	0	0	0	0	0	0	0	0	0	0	0	0
849_850	GGGCACTTCGGACAAG-11	0	0	0	0	0	0	0	0	0	0	0	0	0	0	0	0	0	0	0	0
849_850	GGGATGACAGTTTACG-11	0	0	0	0	0	0	0	0	0	0	1	0	0	0	0	0	1	0	0	0
849_850	GCTGCAGTCGAACGGA-11	0	0	0	0	0	1	0	0	0	0	0	0	0	0	0	0	0	0	0	0
849_850	TACTTACAGCCGCCTA-11	0	0	0	0	0	0	0	0	0	0	0	0	1	0	0	0	0	0	0	0
849_850	TTCCCAGTCGCGCCAA-11	0	0	0	0	0	0	0	0	0	0	0	0	0	0	0	0	0	2	0	0
849_850	TGCGGGTAGCGATAGC-11	0	0	0	0	0	0	0	0	0	0	0	0	1	0	0	0	0	0	0	0
849_850	TGGGCGTGTTCGAATC-11	0	0	0	0	0	1	0	0	0	0	0	0	0	0	0	0	0	0	0	0
849_850	GGGAGATGTCCCTTGT-11	0	0	0	0	0	0	1	0	0	0	0	0	0	0	0	0	0	0	0	0
849_850	GCGAGAAAGATGTGTA-11	0	0	0	0	0	0	0	0	0	0	0	0	1	0	0	0	0	0	0	0
849_850	GAAATGAAGTACTTGC-11	0	0	0	0	0	0	0	0	0	0	0	0	0	0	0	0	0	0	0	0
849_850	TGCGGGTGTTTGGCGC-11	0	0	0	0	0	0	0	0	0	0	0	0	1	0	0	0	0	1	0	1
849_850	TACTTACCATCCCATC-11	0	0	0	0	0	0	0	0	0	1	0	0	1	0	0	0	0	1	0	0
849_850	GGCTGGTAGACGACGT-11	0	0	0	0	0	0	0	0	0	0	0	0	0	0	0	0	0	0	0	0
849_850	TTGTAGGAGCATCATC-11	0	0	0	0	0	0	0	0	0	0	0	0	0	0	0	0	0	0	0	0
849_850	GAACCTAGTCGTCTTC-11	0	0	0	0	0	0	0	0	0	0	0	0	1	0	0	0	0	0	0	0
849_850	GCTTCCATCTACTTAC-11	0	0	0	0	0	0	0	0	0	0	0	0	1	0	0	0	0	0	0	0
849_850	GGGCATCCAATGTAAG-11	0	0	0	0	0	0	0	0	0	0	0	0	0	0	0	0	0	1	0	0
849_850	GCTGCAGAGGATGCGT-11	0	0	0	0	0	0	0	0	0	0	0	0	0	0	0	0	1	0	0	1
849_850	TCTTCGGAGCCTCGTG-11	0	0	0	0	0	0	0	0	0	0	0	0	0	0	0	0	0	0	0	0
849_850	CTGAAACAGACTAAGT-11	0	0	0	0	0	0	0	0	0	0	0	0	0	0	0	1	0	0	0	1
849_850	TTCTCCTTCAGGTAAA-11	0	0	0	0	0	0	0	0	0	0	0	0	0	0	0	0	0	0	0	1
849_850	CTCGTCAGTTAAGGGC-11	0	0	0	0	0	0	0	0	0	0	0	0	0	0	0	0	0	0	0	0
849_850	CTCGTACCAAGCCCAC-11	0	0	0	0	0	1	0	0	0	0	0	0	1	0	0	0	0	2	0	0
849_850	TTCTCCTAGAGTTGGC-11	0	0	0	0	0	0	0	0	1	0	0	0	1	0	0	0	0	1	0	0
849_850	TCTGAGAAGAAACCTA-11	0	0	0	0	0	0	0	0	0	0	0	0	0	0	0	0	0	0	0	0
849_850	GACACGCCACCAGTTA-11	0	0	0	0	0	0	0	0	0	0	0	0	0	0	0	0	0	1	0	0
849_850	CTCGAAAGTTCCCTTG-11	0	0	0	0	0	1	0	0	0	0	0	0	0	0	0	0	0	1	0	0
849_850	GCTCTGTCAGACGTAG-11	0	0	0	0	0	0	0	0	0	0	0	0	0	0	0	0	0	0	0	0
849_850	TCTCTAAAGGTGATTA-11	0	0	0	0	0	0	0	0	0	0	0	0	0	0	0	0	0	0	0	0
849_850	TTTATGCCACGCCAGT-11	0	0	0	0	0	0	0	0	0	0	0	0	0	0	0	0	0	0	0	0
849_850	TTCTCCTAGAGCTATA-11	0	0	0	0	0	0	0	0	0	0	0	0	0	0	0	0	0	1	1	0
849_850	CTCCTAGAGTGGGTTG-11	0	0	0	0	0	0	1	0	0	0	0	0	0	0	0	0	0	0	0	0
849_850	GAATAAGAGAATTCCC-11	0	0	0	0	0	1	0	0	0	0	0	0	0	0	0	0	0	0	0	0
849_850	TGAGAGGGTTACTGAC-11	0	0	0	0	0	0	0	0	0	0	0	0	1	1	0	0	0	1	0	0
849_850	TTCTCAATCATAACCG-11	0	0	0	0	0	0	0	0	0	0	0	0	0	0	0	0	0	0	0	0
849_850	TTCTCAAGTATAGGTA-11	0	0	0	0	0	0	0	0	0	0	0	0	0	0	0	0	0	1	0	0
849_850	GGCGTGTAGTATTGGA-11	0	0	0	1	0	0	0	0	0	0	0	0	0	0	0	0	0	1	0	0
849_850	CGCTGGAGTGTAACGG-11	0	0	0	0	0	0	7	0	0	0	0	0	0	0	0	0	0	0	0	0
849_850	CACCACTTCGAACGGA-11	0	0	0	0	0	0	0	0	0	0	0	0	0	0	0	0	0	2	0	0
849_850	CCTTTCTTCTTTAGTC-11	0	0	0	0	0	0	0	0	0	0	0	0	0	0	0	0	0	1	0	0
849_850	CACCAGGCAGCCAATT-11	0	0	0	0	0	0	1	0	0	0	0	0	0	0	0	0	0	1	0	0
849_850	AGCGTATAGGGCTTGA-11	0	0	0	0	0	0	0	0	0	0	0	0	0	0	0	0	0	0	0	0
849_850	CCGTTCACACCTTGTC-11	0	0	0	0	0	0	0	0	0	0	0	0	0	0	0	0	0	2	0	0
849_850	AAAGTAGGTCTAGCCG-11	0	0	0	0	0	0	0	0	1	0	0	0	0	0	0	0	0	1	0	0
849_850	AAATGCCCATACCATG-11	0	0	0	0	0	0	0	0	0	0	0	0	0	0	0	0	0	0	0	0
849_850	CGACTTCTCGCTAGCG-11	0	0	0	0	0	0	0	0	0	0	1	0	0	0	0	0	0	0	0	0
849_850	AACACGTGTTACCAGT-11	0	0	0	0	0	0	0	0	0	0	0	0	0	0	0	0	0	1	0	0
849_850	CACACTCCAATTCCTT-11	0	0	0	0	0	0	0	0	0	0	0	0	0	0	0	0	0	0	0	0
849_850	CCCTCCTAGATTACCC-11	0	0	0	0	0	0	0	0	0	0	0	0	0	0	0	0	0	1	0	0
849_850	AAAGATGTCCCGACTT-11	0	0	0	0	0	0	0	0	0	0	0	0	0	0	0	0	0	1	0	0
849_850	AGCATACGTTACAGAA-11	0	0	0	0	0	0	0	0	0	0	0	0	0	0	0	0	0	0	0	0
849_850	CACACCTCACCCTATC-11	0	0	0	0	0	0	0	0	1	0	0	0	0	0	0	0	0	0	0	0
849_850	AACCGCGTCCTAGGGC-11	0	0	0	0	0	0	1	0	0	0	0	0	0	0	0	0	0	0	0	0
849_850	CGTTGGGGTGTTGGGA-11	0	0	0	0	0	0	0	0	0	0	1	0	0	0	0	0	0	0	0	1
849_850	CACAGTAAGTAGGCCA-11	0	0	0	0	0	0	0	0	0	0	0	0	0	0	0	0	0	1	0	0
849_850	CCATTCGGTAGTGAAT-11	0	0	0	0	0	0	0	0	0	0	0	0	0	0	0	0	0	0	0	0
849_850	AGATTGCCAGACAAAT-11	0	0	0	0	0	0	0	0	0	0	0	0	0	0	0	0	0	0	0	0
849_850	CGGAGTCTCCTGTACC-11	0	0	0	0	1	0	0	0	0	0	0	0	0	0	0	0	0	0	0	0
849_850	CCACTACTCATGTGGT-11	0	0	0	0	0	0	1	0	5	0	0	0	0	0	0	0	0	0	0	0
849_850	AACTCCCGTGCCTGCA-11	0	0	0	0	0	0	1	0	0	0	0	0	1	0	0	0	0	1	0	0
849_850	ATTGGACTCTTGAGGT-11	0	0	0	0	0	1	0	0	0	0	0	0	0	0	0	0	0	0	0	0
849_850	AACACGTTCCACGTTC-11	0	0	0	0	0	1	0	0	0	0	0	0	0	0	0	0	0	0	0	0
849_850	AAACCTGTCCCTGACT-11	0	0	0	0	0	0	1	0	0	0	0	0	0	0	0	0	0	0	0	0
849_850	CGACCTTTCAACACTG-11	0	0	0	0	0	0	0	0	0	0	0	0	0	0	0	0	0	0	0	0
849_850	CAAGTTGAGGAATGGA-11	0	0	0	0	0	0	1	0	0	0	0	0	0	0	0	0	0	0	0	0
849_850	TCTATTGGTCTAGCGC-11	0	0	0	0	0	0	0	0	0	0	0	0	0	0	0	0	0	0	1	0
849_850	ATTACTCTCAACTCTT-11	0	0	0	0	0	0	0	0	0	0	0	0	0	0	0	0	0	0	0	0
849_850	ATGAGGGGTGCTGTAT-11	0	0	0	0	0	0	0	0	0	0	0	0	0	0	0	0	0	0	0	0
849_850	ATTGGTGTCGGTCCGA-11	0	0	0	0	0	0	0	0	0	0	0	0	0	0	0	0	0	0	0	0
849_850	TCACGAAAGACAGAGA-11	0	0	0	0	0	0	1	0	0	0	0	0	0	0	0	0	0	1	0	0
849_850	ATCTACTTCAGAGACG-11	0	0	0	0	0	0	0	0	0	0	0	0	0	0	0	0	0	0	1	0
849_850	ATCTACTCAATCAGAA-11	0	0	0	0	0	0	1	0	1	0	0	0	0	0	0	0	0	0	0	0
849_850	ATCGAGTGTATTCGTG-11	0	0	0	0	0	0	0	0	0	0	0	0	0	1	0	0	0	2	0	0
849_850	ATCCGAAGTAGGACAC-11	0	0	0	0	0	0	0	0	0	0	0	0	0	0	0	1	0	0	0	0
849_850	CAAGAAACACCAGGTC-11	0	0	0	0	0	0	0	0	0	0	0	0	0	0	0	0	0	0	0	0
849_850	TCACAAGAGTTGCAGG-11	0	0	0	0	0	1	0	0	0	0	0	0	0	0	0	0	1	0	0	0
849_850	TCGAGGCGTGCGAAAC-11	0	0	0	0	0	0	0	0	0	0	0	0	0	0	0	0	0	0	1	0
849_850	ATCATGGGTCGCGAAA-11	0	0	0	0	0	0	0	0	0	0	0	0	0	0	0	0	0	0	0	0
849_850	CGAATGTCAGTAACGG-11	0	0	0	0	0	0	0	0	0	0	0	0	1	0	0	0	1	0	0	0
849_850	AGTTGGTCACATAACC-11	0	0	0	0	0	0	0	0	0	0	0	0	1	0	0	0	0	0	0	0
849_850	AGTTGGTAGGCGTACA-11	0	0	0	0	0	0	0	0	0	0	0	0	0	0	0	1	0	0	0	0
849_850	CGACCTTCAAAGTCAA-11	0	0	0	0	0	2	0	0	0	0	0	0	0	0	0	0	0	0	0	0
849_850	AGTAGTCGTTCCGTCT-11	0	0	0	0	0	0	0	0	0	0	0	0	1	0	0	0	0	0	0	0
849_850	CAAGAAATCGGAGCAA-11	0	0	0	0	0	0	0	0	0	0	0	0	0	0	0	0	0	0	0	0
849_850	TCGAGGCAGCCAGGAT-11	0	0	0	0	0	0	0	0	0	0	0	0	0	0	0	0	0	0	0	0
849_850	AGGTCCGGTCCATGAT-11	0	0	0	0	0	0	0	0	0	0	0	0	1	0	0	0	0	0	0	0
849_850	AGGGTGATCTGTGCAA-11	0	0	0	0	0	0	2	0	0	0	0	0	0	0	0	0	0	2	0	1
849_850	AGGGTGAGTCCTCTTG-11	0	0	0	0	0	0	0	0	0	0	1	0	1	0	0	0	0	0	0	0
849_850	CGTCAGGCAGTTCATG-11	0	0	0	0	0	0	0	0	0	0	0	0	0	0	0	0	0	0	0	0
849_850	AAGACCTGTCGTTGTA-11	0	0	0	0	0	0	1	0	0	0	0	0	0	0	0	0	0	1	0	0
849_850	AACTGGTTCCTTGACC-11	0	0	0	0	0	0	1	0	1	0	0	0	0	0	0	0	0	0	0	0
849_850	CACAGTAAGAGTGAGA-11	0	0	0	0	0	0	0	0	0	0	1	0	0	0	0	1	1	1	0	0
849_850	CGATCGGCAAGTAGTA-11	0	0	0	0	0	0	0	0	0	0	0	0	1	0	0	1	0	1	0	0
849_850	ACGGAGAAGTTACCCA-11	0	0	0	0	0	0	0	0	0	0	0	0	0	0	1	0	0	0	0	0
849_850	CCTTCCCCAAGCCGCT-11	0	0	0	0	0	0	0	0	0	0	0	0	0	0	0	0	0	0	0	0
849_850	ACGGAGATCGCCCTTA-11	0	0	0	0	0	1	0	0	0	1	0	0	0	0	0	0	0	2	0	0
849_850	ACGGGCTAGCAGGTCA-11	0	0	0	0	0	0	0	0	0	0	0	0	0	0	0	0	0	0	0	0
849_850	CACATAGGTAGTACCT-11	0	0	0	0	0	0	0	0	0	0	0	0	0	0	0	0	0	0	0	0
849_850	TCAGGATTCGCTTAGA-11	0	0	0	0	0	0	0	0	0	0	0	0	0	0	1	0	0	0	0	0
849_850	ACGGGTCAGCCAGTTT-11	0	0	0	0	0	0	1	0	0	0	0	0	1	0	0	0	0	0	0	0
849_850	CAGTCCTGTCTCTTTA-11	0	0	0	0	0	0	0	0	0	0	0	0	0	0	0	0	0	0	0	0
849_850	ACTGAGTGTCAGTGGA-11	0	0	0	0	0	0	1	0	0	0	0	0	0	0	0	0	0	0	1	0
849_850	ACTGAGTGTTGTTTGG-11	0	0	0	0	0	0	0	0	0	0	0	0	0	0	0	0	0	1	0	0
849_850	CAGTAACCAGTTAACC-11	0	0	0	0	0	0	0	0	0	0	0	0	0	0	0	0	0	1	0	0
849_850	CAGGTGCGTAGATTAG-11	0	0	0	0	0	0	0	0	0	0	0	0	1	0	0	0	0	0	0	0
849_850	CAGCGACGTAAGGGCT-11	0	0	0	0	0	0	0	0	0	0	0	0	0	0	0	0	0	0	1	0
849_850	ACTGATGAGCTGTTCA-11	0	0	0	0	0	0	0	0	0	0	0	0	1	0	0	0	0	0	0	0
849_850	CGGACGTTCCGAATGT-11	0	0	0	0	0	0	1	0	0	0	0	0	0	0	0	0	0	0	0	0
849_850	TGAGAGGCATGGATGG-11	0	0	0	0	0	0	0	0	0	0	0	0	0	0	0	0	0	1	0	0
849_850	TAGGCATAGGCTCATT-11	0	0	0	0	0	0	0	0	0	0	0	0	0	0	0	0	0	0	0	0
849_850	CAGATCAGTTTGACTG-11	0	0	0	0	0	1	2	0	0	0	0	0	0	0	0	0	0	0	0	0
849_850	ACTGTCCCATATGCTG-11	0	0	0	0	0	0	0	0	0	0	0	0	0	0	0	0	0	1	0	0
849_850	CACATTTGTCGAAAGC-11	1	0	0	0	0	0	1	0	0	0	0	0	0	0	0	0	0	1	0	0
849_850	CAGAGAGCAGACGTAG-11	0	0	0	0	0	0	0	0	0	1	0	0	0	0	0	0	0	1	0	0
849_850	CACCTTGAGATATGCA-11	0	0	0	0	0	0	0	0	0	0	0	0	0	0	0	0	0	0	0	0
849_850	CCTAGCTAGTAAGTAC-11	0	0	0	0	0	0	0	0	0	0	0	0	0	0	0	0	0	0	0	0
849_850	ACCCACTTCGCGTAGC-11	0	0	0	0	0	0	0	0	0	0	0	0	0	0	0	0	0	0	0	0
849_850	ACGCAGCTCACTGGGC-11	0	0	0	0	0	0	0	0	0	0	0	0	0	0	0	0	0	0	0	0
849_850	CATGACACAGCTCGAC-11	0	0	0	0	0	0	0	0	0	0	0	0	0	0	0	0	0	1	0	0
849_850	AGAGTGGTCGGCTACG-11	0	0	0	0	0	0	1	0	0	0	0	0	0	0	0	0	0	1	0	0
849_850	TCAGCTCGTGAAAGAG-11	0	0	0	0	0	1	0	0	0	0	1	0	0	0	0	1	0	1	1	0
849_850	CATGCCTTCGAGGTAG-11	0	0	0	0	0	0	0	0	0	0	0	0	0	0	0	0	0	0	0	0
849_850	AAGGCAGAGCACAGGT-11	0	0	0	0	0	0	1	0	1	1	0	0	1	0	0	0	0	0	0	0
849_850	AGAGCGAAGACTAGAT-11	0	0	0	0	1	0	0	0	0	0	0	0	0	0	0	0	0	0	0	0
849_850	CACAGTACATTAACCG-11	0	0	0	0	0	0	1	0	0	0	0	0	0	0	0	0	0	2	0	0
849_850	AGAATAGCAGACGCAA-11	0	0	0	0	0	0	0	0	0	0	0	0	0	0	0	0	0	0	0	0
849_850	CGTCACTGTCCAGTAT-11	0	0	0	0	0	0	0	0	0	0	0	0	0	0	0	0	0	1	0	0
849_850	AATCGGTAGCGCTCCA-11	0	0	0	0	0	0	0	0	0	0	1	0	0	0	0	0	0	1	0	0
849_850	CATCAGATCTCGATGA-11	0	1	0	0	0	0	0	0	0	0	1	0	1	0	0	0	0	1	0	0
849_850	CTACACCGTCCAACTA-11	0	0	0	0	0	0	0	0	0	0	0	0	0	0	0	0	0	0	0	0
849_850	ACACCAATCAACACCA-11	0	0	0	0	0	0	0	0	0	0	0	0	1	0	0	0	0	0	0	0
849_850	TCACGAACACCGCTAG-11	0	0	0	0	0	0	0	0	0	0	1	0	0	0	0	0	1	0	0	0
849_850	ACTTTCATCAAAGACA-11	0	0	0	0	0	0	0	0	0	0	0	0	0	0	0	0	0	0	0	0
849_850	ACACCCTTCTGTACGA-11	0	0	0	0	0	0	0	0	0	0	0	0	0	0	0	0	0	0	0	0
849_850	ACTTGTTAGTGCCATT-11	0	0	0	0	0	0	0	0	0	0	0	0	0	0	0	0	0	0	0	0
849_850	ACATACGGTCGAATCT-11	0	0	0	0	0	0	0	0	0	0	1	0	0	0	0	1	0	1	0	0
849_850	ACAGCCGCATGAAGTA-11	0	0	0	0	0	0	0	0	0	0	0	0	0	0	0	0	0	0	0	0
849_850	CGGAGCTGTTACAGAA-11	0	0	0	0	0	0	0	0	0	0	1	0	0	0	0	0	0	1	0	0
849_850	ACACCCTTCCGGGTGT-11	0	0	0	0	0	0	1	0	0	0	0	0	1	0	0	0	0	0	0	0
849_850	ACTTTCAGTTCTGAAC-11	0	0	0	0	1	0	0	0	0	0	0	0	0	0	1	0	0	0	0	0
850_851	TTTACTGTCGATCCCT-11	0	0	0	0	0	0	0	0	0	0	0	0	0	0	0	0	0	0	0	0
850_851	TTTATGCAGTAGCCGA-11	0	0	0	0	0	0	0	0	0	0	0	0	0	0	0	0	0	1	0	0
850_851	TACCTTAAGGCAGTCA-11	0	0	0	0	0	0	0	0	0	0	0	0	0	0	0	0	0	0	0	0
850_851	CGAACATTCTGCTGCT-11	0	0	0	0	0	0	0	0	0	0	0	0	1	0	0	0	0	0	0	0
850_851	TCAGGATCACGGATAG-11	0	0	0	0	0	0	1	0	0	0	0	0	1	0	0	0	0	0	0	0
850_851	CGCTATCTCAGAGCTT-11	1	0	0	0	0	0	1	0	0	0	0	0	0	0	0	0	0	1	0	1
850_851	CACACCTGTGTGGCTC-11	0	0	0	0	0	0	0	0	0	0	0	0	0	0	0	0	0	0	0	0
850_851	CTTAACTGTCCAGTAT-11	0	0	0	0	0	0	1	0	0	0	0	0	0	0	0	0	0	0	0	0
850_851	CACAAACAGCCAGTTT-11	0	0	0	0	0	0	0	0	0	0	0	0	0	0	0	1	0	1	1	0
850_851	AGCATACTCCCGACTT-11	0	0	0	0	0	0	0	0	0	0	0	0	0	0	0	0	0	0	0	0
850_851	ATGAGGGCACGCTTTC-11	0	0	0	0	0	0	0	0	0	0	0	0	0	0	0	0	0	0	0	0
850_851	CGATCGGCACACCGAC-11	0	0	0	0	0	0	0	0	0	0	0	0	0	0	0	0	0	1	0	1
850_851	ACTTACTAGTGCCATT-11	0	0	0	0	0	0	0	0	0	0	0	0	0	0	0	0	0	0	0	0
850_851	GACTAACCATGTTCCC-11	0	0	0	0	0	0	0	0	0	0	1	0	0	0	0	0	0	1	0	0
850_851	ACCCACTTCATGTCCC-11	0	0	0	0	0	0	0	0	0	0	2	0	0	0	0	0	0	1	0	0
850_851	GACGTTAGTCACCCAG-11	0	0	0	0	0	0	0	0	0	0	0	0	0	0	0	0	0	1	0	0
850_851	ACACCAAGTACTTAGC-11	0	0	0	0	0	0	0	0	0	1	0	0	0	0	0	0	0	0	0	0
850_851	AGAATAGAGCGTGAAC-11	0	0	0	0	0	0	0	0	0	0	0	0	0	0	0	0	0	0	0	0
850_851	AAGTCTGTCGTATCAG-11	0	0	0	0	0	0	1	0	0	0	0	0	0	0	0	0	0	0	0	0
850_851	AGAGCGAAGCCACCTG-11	0	0	0	0	0	0	0	0	0	0	0	0	0	0	0	0	0	0	0	0
850_851	AAGCCGCAGAGTCTGG-11	0	0	0	0	0	0	0	0	0	0	1	0	1	0	0	0	0	0	0	1
850_851	CTCGTACCATTAGGCT-11	0	0	0	0	0	0	0	0	0	0	1	0	1	0	0	0	0	2	0	0
850_851	AACTTTCAGATCCGAG-11	0	0	0	0	0	0	0	0	0	0	2	0	0	0	0	0	0	0	0	0
850_851	AACCGCGGTGTTCGAT-11	0	0	0	0	0	0	0	0	0	0	0	0	1	0	0	1	0	0	0	0
850_851	GTACTTTAGAACAATC-11	0	0	0	0	0	0	1	0	0	0	0	0	0	1	0	0	0	0	0	0
850_851	TAAGCGTCAGAAGCAC-11	0	0	0	0	0	0	0	0	0	0	0	0	0	0	0	0	0	1	0	0
850_851	TCTTCGGTCCTCATTA-11	0	0	0	0	0	0	0	0	0	0	0	0	0	0	0	0	0	0	0	0
850_851	CTGAAACGTCTTCAAG-11	0	0	0	0	0	0	0	0	0	0	0	0	0	0	0	0	0	0	0	1
850_851	GATTCAGTCCTGTACC-11	0	0	0	0	0	0	0	0	0	0	0	0	0	0	0	0	0	2	0	0
850_851	GCAAACTAGAGGGATA-11	0	0	0	0	0	0	0	0	0	0	1	0	0	0	0	0	0	0	0	0
850_851	ATCCACCAGCGAGAAA-11	0	0	0	0	0	0	0	0	0	0	1	0	0	0	0	0	0	1	0	0
850_851	GGTATTGCACTCGACG-11	0	0	0	0	0	0	1	0	0	0	0	0	0	0	0	0	0	0	0	0
850_851	TGCGGGTAGTTCCACA-11	0	0	0	0	0	0	0	0	0	0	0	0	0	0	0	0	0	0	1	0
850_851	GTAGGCCAGGCTATCT-11	0	0	0	0	0	0	1	0	0	0	1	0	2	1	0	0	0	0	0	0
850_851	TTAGTTCAGTGTCTCA-11	0	0	0	0	0	0	0	1	0	0	0	0	0	0	0	1	0	0	0	0
850_851	CGTGTCTGTCAAGCGA-11	0	0	0	0	0	0	0	0	0	0	0	0	0	1	0	0	0	0	0	0
850_851	GCGAGAACAAAGCAAT-11	0	0	0	0	0	0	0	0	1	0	0	0	0	0	0	0	0	0	0	0
850_851	GCGCGATGTTACCAGT-11	0	0	0	0	0	0	1	0	0	0	0	0	0	0	0	0	0	0	0	0
850_851	GCATGATGTCGAACAG-11	0	0	0	0	0	0	0	0	0	0	0	0	0	0	0	0	0	0	0	1
850_851	CATCGAACACCTATCC-11	0	0	0	0	0	0	0	0	0	0	0	0	1	0	0	0	0	0	0	0
850_851	CCTACACGTGTGAATA-11	0	0	0	0	0	0	1	0	0	0	0	1	0	0	0	0	0	1	0	0
850_851	TGGGAAGAGCCACGCT-11	0	0	0	0	1	0	1	0	0	0	1	0	0	0	0	0	0	0	0	0
850_851	CACATAGAGCTGCGAA-11	0	0	0	0	0	0	0	0	0	0	1	0	0	0	0	0	0	0	0	0
850_851	CGTAGGCGTTTCGCTC-11	0	0	0	0	2	1	0	0	0	0	0	0	0	0	0	0	0	1	0	0
850_851	CCTACCACACTGCCAG-11	0	0	0	0	0	0	0	0	0	0	0	0	0	0	0	0	0	2	0	0
850_851	CGTTCTGCATACTACG-11	0	0	0	0	0	0	0	0	0	0	0	0	0	0	0	0	0	1	0	0
850_851	TTGGAACAGGATTCGG-11	0	0	0	0	0	0	0	0	0	0	0	0	0	0	0	0	0	0	0	0
850_851	CGGCTAGCAGCTCGAC-11	0	0	0	0	0	0	0	1	0	0	1	0	0	0	0	0	0	0	0	0
850_851	CAGCAGCAGCGACGTA-11	0	0	0	0	0	0	0	0	0	0	0	0	0	0	0	0	0	0	0	0
850_851	CATGCCTGTGCTTCTC-11	0	0	0	0	0	0	0	0	0	0	0	0	0	0	0	0	0	0	0	0
850_851	CATCAGATCAGTTTGG-11	0	0	0	0	0	1	0	0	0	0	0	0	0	0	0	0	0	1	0	0
850_851	CATCAGACAGCGATCC-11	0	0	0	0	0	0	0	0	0	0	0	0	0	0	0	0	0	0	0	0
850_851	GCCAAATGTCTTGCGG-11	0	0	0	0	0	1	0	0	0	0	0	0	0	0	0	0	0	1	0	0
850_851	CATGCCTAGGAGTTGC-11	0	0	0	0	0	0	0	0	0	0	0	0	1	0	0	0	0	0	0	0
850_851	CTAGCCTGTCCGAACC-11	0	0	0	0	0	0	0	0	0	0	0	0	0	0	0	0	0	0	0	0
850_851	CAGCTGGTCCACTGGG-11	0	0	0	0	0	0	0	0	0	0	0	0	0	0	1	0	0	0	0	0
851_852	TTGACTTCATGCCTAA-11	0	0	0	0	0	0	0	0	0	0	1	0	0	0	0	0	0	0	0	0
851_852	CGGACTGGTTCTGTTT-11	0	0	0	0	0	1	0	0	0	0	0	0	1	0	0	0	0	0	0	0
851_852	AGGGAGTTCCCACTTG-11	0	0	0	0	0	0	0	0	0	0	0	0	0	0	0	0	0	0	1	0
851_852	CGAATGTAGATAGCAT-11	0	0	0	0	0	0	1	0	0	0	0	0	0	0	0	0	0	0	0	0
851_852	TGGGCGTCAAGTTAAG-11	0	0	0	0	0	0	0	0	0	0	0	0	0	0	0	1	0	1	0	0
851_852	CGTCAGGGTAAATGAC-11	0	0	0	0	0	0	0	0	0	0	0	0	0	0	0	0	0	0	0	0
851_852	ATTGGTGAGGCATGGT-11	0	0	0	0	1	0	0	0	0	0	0	0	0	0	0	0	0	0	0	0
851_852	CGTCTACTCAGGATCT-11	0	0	0	0	0	0	0	0	0	0	0	0	0	0	0	0	0	1	0	0
851_852	CCGTACTCAGGACGTA-11	0	0	0	0	0	0	1	0	0	0	0	0	0	0	0	0	0	0	0	0
851_852	GCAGCCACATTGGGCC-11	0	0	0	0	0	0	0	0	0	0	1	0	0	0	0	0	0	0	0	0
851_852	TGTTCCGAGCGATATA-11	0	0	0	0	0	0	0	0	0	0	0	0	0	1	0	0	0	3	1	0
851_852	AGCTCCTCATGCTGGC-11	0	0	0	0	0	0	0	0	0	0	0	0	0	0	0	0	0	0	0	0
851_852	GTACGTAGTCTAGTCA-11	0	0	0	0	0	0	0	0	0	0	0	0	0	0	0	0	0	0	0	0
851_852	CCCAATCTCCAGATCA-11	0	0	0	0	0	0	0	0	0	0	0	0	0	0	0	0	0	0	0	0
851_852	CGCCAAGTCAGAGCTT-11	0	0	0	0	0	0	0	0	0	0	0	0	0	0	0	0	0	0	0	0
851_852	CCATGTCCATGCTAGT-11	0	0	0	0	0	0	0	0	0	0	0	0	0	0	0	0	0	0	0	0
851_852	TCGGGACGTTATCGGT-11	0	0	0	0	0	0	0	0	0	0	0	0	0	0	0	0	0	0	0	0
851_852	TCGTACCTCTGTCTAT-11	0	0	0	0	0	0	0	0	0	0	0	0	0	0	0	0	0	0	0	0
851_852	AGACGTTGTTAGATGA-11	0	0	0	0	0	0	0	0	0	0	0	0	0	0	0	0	0	1	0	0
851_852	CTCGAAACACGCCAGT-11	0	0	0	0	0	0	1	0	0	0	1	0	0	1	0	0	0	1	1	0
851_852	AAGTCTGAGACAGAGA-11	0	0	0	0	0	0	0	0	0	0	0	0	0	0	0	0	0	0	0	0
851_852	ACACCAATCCTTTCGG-11	0	0	0	0	0	0	0	0	1	0	0	0	0	0	0	0	0	0	0	0
851_852	GAACATCCAGTCAGAG-11	0	0	0	0	0	0	0	0	0	0	0	0	0	0	0	0	0	0	0	0
851_852	TGCTGCTGTCATACTG-11	0	0	0	0	0	0	0	0	0	0	0	0	0	0	0	1	0	0	0	0
851_852	TACACGACAAAGCAAT-11	0	0	0	0	0	0	0	0	0	0	0	0	0	0	0	0	0	0	0	0
851_852	GGTGCGTAGAGGTTGC-11	0	0	0	0	0	0	1	0	1	0	0	0	0	0	0	1	0	1	0	0
851_852	CGTAGGCGTATTCGTG-11	0	0	0	0	0	0	0	0	0	0	0	0	0	0	0	0	0	0	0	0
851_852	CTTCTCTTCTCGTATT-11	0	0	0	0	0	0	0	0	0	0	0	0	0	0	0	0	0	1	0	0
851_852	CACACCTGTCGGCATC-11	0	0	0	0	1	0	0	0	0	0	0	0	0	0	0	0	0	0	0	0
851_852	CTGTTTAAGCGATGAC-11	0	0	0	0	0	0	0	0	0	0	0	0	0	0	0	0	0	0	0	0
851_852	TCACAAGAGTCCGGTC-11	0	0	0	0	0	0	0	0	0	0	0	0	0	0	0	0	0	0	0	0
851_852	CATATGGGTCCGAATT-11	0	0	0	0	0	1	0	0	0	0	0	0	0	0	0	0	0	0	0	0
851_852	TGGGAAGGTAGGACAC-11	0	0	0	0	1	1	0	0	0	0	0	0	0	0	0	0	0	0	0	0
851_852	CATATTCTCTGGAGCC-11	0	0	0	0	0	0	0	0	0	0	0	0	0	0	0	0	0	0	0	0
851_852	CGGTTAATCACCGTAA-11	0	0	0	0	0	0	1	0	0	0	0	0	1	0	0	0	0	0	0	0
851_852	GTGCATACAGGGTATG-11	0	0	0	0	0	0	0	0	2	0	0	0	0	0	1	0	0	0	1	0
851_852	GTTCATTTCTAGAGTC-11	0	0	0	0	0	0	0	0	0	0	0	0	0	0	0	0	0	0	0	0
851_852	CTCACACGTTTGTGTG-11	0	0	0	0	0	0	0	0	0	0	0	0	0	0	0	0	0	1	0	0
852_853	TGGGCGTAGCACACAG-12	0	0	0	0	0	0	0	0	0	0	0	0	0	0	0	0	0	0	1	0
852_853	CTTACCGAGTTACCCA-12	0	0	0	0	0	0	0	0	0	0	0	0	0	0	0	1	0	0	0	0
852_853	TAGTTGGTCGTTACGA-12	0	0	0	0	0	0	0	0	0	0	0	0	0	0	0	0	0	0	0	0
852_853	TGCTGCTAGCTGATAA-12	0	0	0	0	0	0	0	0	0	0	0	0	0	0	0	0	0	1	0	0
852_853	CGTCTACAGTGGTAAT-12	0	0	0	0	0	0	2	0	0	0	0	0	0	0	0	0	0	0	0	0
852_853	CGTCAGGCAATCCAAC-12	0	0	0	0	0	0	0	0	0	0	1	0	0	1	0	0	0	0	0	0
852_853	ACTGAGTGTATGCTTG-12	0	0	0	0	0	0	0	0	0	0	0	0	0	0	0	0	0	0	0	0
852_853	CAAGGCCGTCTCATCC-12	0	0	0	0	0	0	0	0	0	0	0	0	0	0	0	0	0	0	0	0
852_853	CACTCCATCGCCCTTA-12	0	0	0	0	0	0	0	0	0	0	0	0	0	0	0	0	0	0	1	0
852_853	TACGGGCAGGCCATAG-12	0	0	0	0	0	0	1	0	0	0	0	0	0	0	0	0	0	0	0	0
852_853	CTTAGGATCCGTTGTC-12	0	0	0	0	0	0	0	0	0	0	0	0	0	0	0	0	0	0	0	0
852_853	GGGCACTCAAACTGCT-12	0	0	0	0	0	0	0	0	0	0	0	0	0	0	0	0	0	0	0	0
852_853	CTTCTCTAGAATTCCC-12	0	0	0	0	0	0	0	0	0	0	0	0	0	0	0	0	0	0	0	0
852_853	CGTGAGCTCAGCAACT-12	0	0	0	0	0	1	0	0	0	0	0	0	0	0	0	0	1	0	0	0
852_853	CGTTAGAGTCCTCTTG-12	0	0	0	0	0	0	0	0	0	0	0	0	0	1	0	0	1	1	0	0
852_853	CACTCCAAGGAACTGC-12	0	0	0	1	0	0	0	0	0	0	0	0	0	0	0	0	0	1	0	0
852_853	CAGTAACGTCGACTAT-12	0	0	0	0	0	0	0	0	0	0	0	0	0	0	0	0	0	1	0	0
852_853	TACTTACAGTAGGTGC-12	0	0	0	0	0	0	1	0	1	1	0	0	0	0	0	0	0	0	0	0
852_853	AAGGTTCGTCTTGATG-12	0	0	0	0	0	0	0	0	0	0	0	0	0	0	0	0	0	0	0	0
852_853	GGACAAGTCAGCTCGG-12	0	0	0	0	0	0	0	0	0	0	0	0	0	0	0	0	0	0	0	0
852_853	CATCGAAGTCAGCTAT-12	0	0	0	0	0	0	0	0	0	0	0	0	0	0	0	0	0	0	0	0
852_853	CATATTCTCGTCTGAA-12	0	0	0	0	0	0	0	0	0	0	0	0	0	0	0	0	0	0	0	0
852_853	TACTTGTTCGCCTGTT-12	0	0	0	0	0	0	0	0	0	0	0	0	0	0	0	0	0	1	0	0
852_853	TTAGGACTCCTTTCTC-12	0	0	0	0	0	0	0	0	0	0	1	0	2	1	0	0	0	0	0	0
852_853	ACACCGGAGCGCCTCA-12	0	0	0	0	0	0	0	0	0	0	0	0	0	0	0	0	0	0	0	0
852_853	ACATCAGCACGTTGGC-12	0	0	0	0	0	0	0	0	0	0	0	0	0	0	0	1	0	0	0	0
852_853	CACACCTCAGATAATG-12	0	0	0	0	0	0	0	0	0	0	0	0	0	0	0	0	0	0	0	1
852_853	CAAGGCCAGAATGTTG-12	0	0	0	1	1	0	0	0	0	0	0	0	0	0	0	1	0	1	0	0
852_853	TTAACTCGTCGTGGCT-12	0	0	0	0	0	0	0	0	0	0	0	0	0	0	0	0	0	0	0	0
852_853	CGCTGGAAGTCCGTAT-12	0	0	0	0	0	0	0	0	0	0	0	0	0	0	0	0	0	0	0	0
852_853	ACGAGCCAGTATTGGA-12	0	0	0	0	0	0	0	0	0	0	0	0	0	0	0	0	0	1	0	0
852_853	ACGGCCATCCTCATTA-12	0	0	0	0	1	0	0	0	0	0	1	0	0	0	1	0	0	1	0	0
852_853	TACTTACCAGTATGCT-12	0	0	0	0	0	0	0	0	0	0	0	0	0	0	0	0	0	0	0	0
852_853	GGACAGAAGCGCTTAT-12	0	0	0	0	0	0	0	0	0	0	1	0	0	0	0	0	0	0	1	0
852_853	CGCTGGACATGTTCCC-12	0	0	0	0	0	0	0	0	0	0	0	0	0	0	0	0	1	0	0	0
852_853	TGTCCCATCATTATCC-12	0	0	0	0	0	0	0	0	0	0	0	0	0	0	0	0	0	0	0	0
852_853	CAACTAGAGGGATCTG-12	0	0	0	0	0	0	0	0	0	0	0	0	0	0	0	0	0	1	0	0
852_853	CTTAACTCACAAGCCC-12	0	0	0	0	0	0	0	0	0	0	1	0	2	0	0	0	1	0	0	0
852_853	ACTGAGTGTTCGGCAC-12	0	0	0	0	1	0	0	0	0	0	0	0	0	0	0	0	0	0	0	0
852_853	TGCTACCCAGCATGAG-12	0	0	0	0	0	0	0	0	0	0	0	0	0	0	0	0	0	0	0	0
852_853	ATTCTACGTTCAGCGC-12	0	0	0	0	0	0	0	0	0	0	0	0	0	0	0	0	0	0	0	0
852_853	AGGGAGTTCCTAGAAC-12	0	0	0	0	0	0	0	0	0	0	0	0	0	0	0	0	0	0	0	0
852_853	CAGCCGAAGGGCATGT-12	0	0	0	0	0	0	0	0	0	0	0	0	0	0	0	0	0	0	0	1
852_853	GAAACTCGTGATAAGT-12	0	0	0	0	0	0	0	0	1	0	0	0	0	0	0	0	0	0	0	0
852_853	TAAGAGAAGGATGCGT-12	0	0	0	0	0	0	0	0	0	0	0	0	0	0	0	0	0	0	0	0
852_853	TGACTAGAGGGATGGG-12	0	0	0	0	0	0	0	0	0	0	0	0	0	0	0	0	0	1	0	0
852_853	ATCTGCCGTGATGCCC-12	0	0	0	0	0	0	0	0	0	0	0	0	1	0	0	0	0	0	0	0
852_853	GTTCTCGTCGCCGTGA-12	0	0	0	0	0	0	1	0	0	0	0	0	1	0	0	0	0	1	0	0
852_853	TGAAAGATCTCAAACG-12	0	0	0	0	0	1	0	0	0	0	0	0	0	0	0	1	0	0	0	0
852_853	TCAGCTCCAATAGAGT-12	0	0	0	0	0	0	0	0	1	0	0	0	0	0	0	0	0	0	0	0
852_853	GTATCTTCACTGAAGG-12	1	0	0	0	0	0	0	0	0	0	0	0	0	0	0	0	0	1	0	0
852_853	GTTCATTAGGTTACCT-12	0	0	0	0	0	0	0	0	0	0	1	0	0	0	0	0	0	1	0	1
852_853	GTCACGGGTACACCGC-12	0	0	0	0	0	0	0	0	0	0	0	1	0	0	0	0	0	0	0	0
852_853	CAGAATCGTGATAAGT-12	0	0	0	0	0	0	0	0	0	0	1	0	0	0	0	0	0	0	0	0
852_853	GAACCTAGTGATGATA-12	0	0	0	0	0	0	0	0	0	0	1	0	0	1	0	0	0	0	0	0
852_853	ATCATCTCACAAGACG-12	0	0	0	0	0	0	0	0	0	0	0	0	0	0	0	1	0	0	0	0
852_853	AGGGTGATCCGTAGGC-12	0	0	0	0	0	0	0	0	0	0	0	0	0	0	0	0	0	0	0	0
852_853	AGTGAGGAGCACCGCT-12	0	0	0	0	0	0	0	0	0	0	0	0	0	0	0	0	0	0	0	0
852_853	GTCCTCATCGCCGTGA-12	0	0	0	0	0	0	0	0	0	0	0	0	0	0	1	0	0	0	0	0
852_853	CAGCATAGTCATCGGC-12	0	0	0	0	0	0	0	0	0	0	0	0	0	0	0	0	0	0	0	0
852_853	GAATGAAAGTTACCCA-12	0	0	0	0	0	0	0	0	0	0	0	0	0	0	0	0	0	0	0	0
852_853	ACTTGTTAGACAGGCT-12	0	0	0	0	0	1	0	0	0	0	0	0	0	0	0	0	0	0	0	0
852_853	CAGCCGAGTTCCACGG-12	0	0	0	0	0	0	0	0	0	0	0	0	0	0	1	1	0	1	0	0
852_853	TGAGCATGTTTGCATG-12	0	0	0	0	0	1	0	0	0	0	0	0	0	0	0	0	0	0	0	0
852_853	AGTTGGTGTTAGATGA-12	0	0	0	0	0	0	0	0	0	0	0	0	0	0	0	0	0	0	1	0
852_853	ACTTGTTAGCAGCGTA-12	0	0	0	0	0	0	1	0	0	0	0	0	0	0	0	0	0	0	0	0
852_853	TGCGTGGTCTCCCTGA-12	0	0	0	1	0	0	1	0	0	0	1	0	0	0	0	0	0	0	0	0
852_853	GGTGAAGGTAAGCACG-12	1	0	0	0	0	0	0	0	0	0	0	0	0	0	0	0	0	0	0	0
852_853	ATTCTACCATAAAGGT-12	0	0	0	0	0	1	0	0	0	0	0	0	0	0	0	0	0	0	0	0
852_853	GGTGAAGTCGCCAGCA-12	0	0	0	0	0	1	0	0	0	0	0	0	1	0	0	0	0	0	0	0
852_853	ATTCTACAGGCTATCT-12	0	0	0	0	0	0	0	0	0	0	1	0	0	0	0	0	0	0	0	0
852_853	GGTGCGTGTCCGTCAG-12	0	0	0	0	0	0	0	0	0	0	0	0	0	0	0	0	1	0	0	0
852_853	AGACGTTGTGATGATA-12	0	0	0	0	0	0	0	0	0	0	0	0	0	0	0	0	0	0	0	0
852_853	TGCCAAACACATTCGA-12	0	0	0	0	0	0	0	0	0	1	0	0	0	0	0	0	0	0	0	0
852_853	TGATTTCAGCCCTAAT-12	0	0	0	0	0	0	0	0	0	0	0	0	0	0	0	0	0	0	0	0
852_853	AGAGCTTCATTGCGGC-12	0	0	0	0	0	0	0	0	0	0	0	0	0	0	0	0	0	0	0	0
852_853	TATGCCCCAAACCCAT-12	0	0	0	0	0	0	0	0	0	0	0	0	0	0	0	0	0	0	0	0
852_853	CGTCACTGTTGCTCCT-12	0	0	0	0	0	0	0	0	0	0	0	0	0	0	0	0	0	0	0	0
852_853	GTACTTTCAGGATTGG-12	0	0	0	0	0	0	1	0	0	0	0	0	0	0	0	0	0	0	0	0
852_853	AGCGTATAGCCACGTC-12	0	0	0	0	0	0	0	0	0	0	0	0	0	0	0	0	0	0	0	0
852_853	TCACAAGAGTCAAGCG-12	0	0	0	0	0	0	0	0	0	0	0	0	0	0	0	0	0	0	0	0
852_853	AGGCCACAGACTAAGT-12	0	0	0	0	0	0	0	0	0	0	0	0	0	0	0	0	0	0	0	0
852_853	TAAGAGAGTCAGAATA-12	0	0	0	0	0	1	0	0	0	0	0	0	0	0	0	1	0	0	0	0
852_853	GCTTGAAGTTTGTGTG-12	0	0	0	0	0	0	0	0	0	0	0	0	0	0	0	0	0	0	0	0
852_853	AAGGCAGCACTGAAGG-12	0	0	0	0	0	0	0	0	0	0	0	0	0	0	0	0	0	0	0	0
852_853	CACAAACGTTCAGCGC-12	0	0	0	0	0	0	0	0	0	0	0	0	0	0	0	0	0	0	0	0
852_853	GATCGATGTACAGTGG-12	0	0	0	0	0	0	0	0	0	0	0	0	1	0	0	0	0	0	0	0
852_853	CCTAAAGTCGGCCGAT-12	0	0	0	0	0	0	1	0	0	0	0	0	0	0	0	0	0	1	0	0
852_853	GCGCAACCAACGATGG-12	0	0	0	0	0	0	2	0	0	0	0	0	0	0	0	0	0	0	0	0
852_853	GCAGCCACAATGCCAT-12	0	0	0	0	0	0	0	0	0	0	0	0	0	0	0	0	0	0	1	0
852_853	CGCTATCGTACCAGTT-12	0	0	0	0	0	0	0	0	0	0	0	0	0	0	0	0	0	0	0	0
852_853	TTGACTTCATTAGCCA-12	0	0	0	0	0	0	0	0	0	0	0	0	0	0	0	0	0	0	0	0
852_853	CCGTTCAGTTCGCGAC-12	0	0	0	0	0	0	0	0	0	0	0	0	0	0	0	0	0	0	0	0
852_853	CCCATACAGTGTCCAT-12	0	0	0	0	0	0	1	0	0	0	1	0	0	0	0	0	0	0	0	0
852_853	GCACATAGTCGACTAT-12	0	0	0	0	0	0	0	0	0	0	0	0	0	0	0	0	0	0	0	1
852_853	GCGCAGTGTTGCGCAC-12	0	0	0	0	0	0	0	0	0	0	0	0	0	0	0	0	0	1	0	0
852_853	CCCAATCTCTTGCCGT-12	0	0	0	0	0	0	0	0	0	0	0	0	0	0	0	0	0	0	0	0
852_853	AAACGGGCACATTAGC-12	0	0	0	0	0	0	0	0	0	0	0	0	0	0	0	0	0	0	0	0
852_853	CGAATGTCAAGCCCAC-12	0	0	0	0	0	0	0	0	0	0	1	0	0	0	0	1	0	0	0	0
852_853	GAATGAACAAACCCAT-12	0	0	0	0	0	0	0	0	0	0	0	0	0	0	0	0	0	0	0	0
852_853	AAAGATGCAGTGACAG-12	0	0	0	0	0	0	0	0	0	0	0	0	0	0	0	0	0	0	0	0
852_853	CGAACATAGCGTTCCG-12	0	0	0	0	0	0	0	0	0	0	0	0	0	0	0	0	0	0	0	0
852_853	CGACCTTGTTATCGGT-12	0	0	0	0	0	0	0	0	0	0	0	0	0	0	0	0	0	0	0	0
852_853	AAAGCAAAGTGGAGAA-12	0	0	0	0	0	0	0	0	0	0	0	0	0	0	0	0	2	0	0	0
852_853	CCTTTCTGTGGGTATG-12	0	0	0	0	0	0	0	0	0	0	0	0	0	0	0	0	0	1	1	0
852_853	GAGTCCGTCCTGCCAT-12	0	0	0	0	0	0	1	0	0	0	0	0	0	1	0	0	0	0	0	1
852_853	CGCTATCCAATGGAAT-12	1	0	0	0	0	0	0	0	0	0	0	0	0	0	0	1	0	0	0	0
852_853	GCGCCAACAGGAACGT-12	0	0	0	0	1	0	0	0	0	1	1	0	0	0	0	0	0	0	0	0
852_853	GCGGGTTGTCGCTTCT-12	0	0	0	0	0	0	0	0	0	0	0	0	0	0	0	0	0	0	0	0
852_853	TTTGGTTCAAGTAGTA-12	0	0	0	0	0	0	0	0	0	0	0	0	0	0	0	1	0	0	0	0
852_853	GACGCGTTCGCTTGTC-12	0	0	0	0	0	0	0	0	0	0	0	0	0	0	0	0	0	0	0	0
852_853	CCAATCCAGAGTACCG-12	0	0	0	0	0	0	0	0	0	0	0	0	0	0	0	0	0	0	0	0
852_853	GCTGGGTCAGACGCTC-12	0	0	0	0	0	0	0	0	0	0	1	0	0	0	0	0	0	0	0	0
852_853	CGTTGGGAGATTACCC-12	0	0	0	0	0	0	0	0	0	0	2	0	0	0	0	0	0	0	0	0
852_853	GCAGCCAGTAAACCTC-12	0	0	0	0	0	0	0	0	0	0	0	0	0	0	0	0	0	0	0	0
852_853	GACACGCCACCGCTAG-12	0	0	0	0	0	0	1	0	0	0	0	0	0	0	0	1	0	0	0	0
852_853	GACCAATCACAACTGT-12	0	0	0	0	0	0	0	0	0	0	0	0	1	0	0	0	0	0	0	0
852_853	GCATGTATCAGCTCGG-12	0	0	0	0	0	0	0	0	0	0	0	0	0	0	0	0	0	0	0	0
852_853	GACCTGGCAGTTCCCT-12	0	0	0	0	0	0	0	0	0	0	0	0	0	0	0	0	0	0	0	0
852_853	CTAGAGTTCATGCATG-12	0	0	0	0	0	1	0	0	0	0	0	0	0	0	0	0	0	0	0	0
852_853	AACGTTGCACCAGATT-12	0	0	0	0	0	0	0	0	0	0	0	0	0	0	0	0	0	0	0	0
852_853	CTGGTCTTCAGTTGAC-12	0	0	0	0	0	0	0	0	0	0	0	0	0	0	0	0	0	0	0	0
852_853	GCATGCGTCAGCTCTC-12	0	0	0	0	0	0	0	0	0	0	0	0	0	0	0	0	0	0	0	0
852_853	CCTAAAGCAAGTTGTC-12	0	0	0	0	0	0	1	0	0	0	0	0	0	0	0	0	0	1	0	0
852_853	CATGACAAGTTTGCGT-12	0	0	0	0	0	0	0	0	0	0	0	0	0	0	0	0	0	0	0	0
852_853	GCTGCGAAGGCAAAGA-12	0	0	0	0	0	0	0	0	0	0	0	0	0	0	0	0	0	0	0	0
852_853	CCAGCGATCCTTAATC-12	0	0	0	0	0	0	0	0	0	0	0	0	0	0	0	0	0	1	1	0
853_854	AAACGGGGTGGTCCGT-13	0	0	0	0	0	0	1	0	0	0	1	0	1	0	0	0	0	3	0	0
853_854	GTCACAAGTCCTGCTT-13	0	0	0	0	0	0	0	0	0	0	0	0	0	0	0	0	0	0	0	0
853_854	GGCTGGTTCTTGAGAC-13	0	0	0	0	0	0	0	0	0	0	0	0	0	0	0	0	0	0	0	0
853_854	TCAGGATGTTCCCGAG-13	0	0	0	0	0	0	0	0	0	0	0	0	0	0	0	0	0	1	1	0
853_854	GGCTCGATCTGATTCT-13	0	0	0	0	1	0	0	0	0	0	1	0	0	0	0	2	0	0	0	0
853_854	TGAGCCGAGATAGGAG-13	0	0	0	0	0	0	0	0	0	0	0	0	0	0	0	0	0	0	0	0
853_854	GTTCTCGGTATTAGCC-13	0	0	0	0	0	1	1	0	0	0	0	0	0	0	0	0	1	1	0	0
853_854	CATCCACGTAAGGGCT-13	0	0	0	0	0	0	0	0	0	0	0	0	0	0	0	0	0	0	0	0
853_854	AGAGTGGGTCTCATCC-13	0	0	0	0	0	0	0	0	0	0	0	0	0	0	0	0	0	0	0	0
853_854	AGCATACGTAGAGGAA-13	0	0	0	0	0	1	0	0	0	0	0	0	0	0	0	0	0	0	0	1
853_854	CATCCACTCAGTTTGG-13	0	0	0	0	0	2	0	0	0	0	0	0	0	0	0	0	0	0	0	0
853_854	TCTATTGGTGTAACGG-13	0	0	0	0	0	0	1	0	0	0	0	0	1	0	0	0	0	0	0	1
853_854	GACGGCTGTCATGCCG-13	0	0	0	0	0	0	0	0	0	0	0	0	0	0	0	0	0	1	0	0
853_854	CTGGTCTTCAAAGACA-13	0	0	0	0	0	0	0	0	0	0	0	0	0	0	0	0	0	1	0	0
853_854	GTCTTCGCATGCCTAA-13	0	0	0	0	0	1	0	0	0	0	0	0	0	0	0	0	0	0	1	0
853_854	TCGGGACAGTTATCGC-13	0	0	0	0	0	0	0	0	1	0	0	0	0	0	0	1	0	0	0	0
853_854	CTAGTGATCATCACCC-13	0	0	0	0	0	0	1	0	0	0	0	0	0	0	0	0	0	0	0	0
853_854	CGGACGTAGGTGTTAA-13	0	0	0	0	0	0	0	0	0	0	0	0	0	0	0	1	0	1	0	0
853_854	ACGAGGATCTAAGCCA-13	0	0	0	0	0	0	9	0	0	0	0	0	0	0	0	0	0	1	0	0
853_854	TTCTACACAGTATGCT-13	0	0	0	0	0	0	0	0	0	0	0	0	0	0	0	0	0	0	0	0
853_854	ATCCGAAGTGATAAAC-13	0	0	0	0	0	0	0	0	0	0	1	0	0	0	0	0	0	0	0	0
853_854	CTCTAATTCATGTAGC-13	0	0	0	0	0	0	1	0	0	0	1	0	0	0	0	0	0	0	0	0
853_854	CTACCCAGTTACCGAT-13	0	0	0	0	0	0	0	0	0	0	0	0	0	0	0	0	0	0	0	0
853_854	AACCGCGCAGGTCGTC-13	0	0	0	0	0	0	0	0	0	0	0	0	0	0	0	0	0	0	0	0
853_854	ACCTTTAGTCCCTACT-13	0	0	0	0	0	0	1	0	0	0	0	0	0	0	0	0	0	0	0	0
853_854	CAAGGCCAGGTGCACA-13	0	0	0	0	0	0	0	0	0	0	0	1	0	0	0	0	0	0	0	0
853_854	CGGAGCTGTTCAGACT-13	0	0	0	1	0	0	0	0	0	0	0	0	0	0	0	0	0	0	0	0
853_854	TGTGTTTGTAACGACG-13	0	0	0	0	0	0	1	0	0	0	0	0	0	0	0	1	1	2	0	0
853_854	TTCTCCTTCTTTACGT-13	0	0	0	0	0	0	0	0	0	0	0	0	0	0	0	0	0	1	0	0
853_854	CTCGAAAGTTGCTCCT-13	0	0	0	0	0	0	0	0	0	0	0	0	0	0	0	0	0	0	0	0
853_854	GACAGAGTCTTGAGGT-13	0	0	0	0	0	0	0	0	0	0	0	0	0	0	0	0	0	1	0	0
853_854	GATCTAGTCAACACGT-13	0	0	0	0	0	0	0	0	0	0	0	0	0	0	0	0	0	0	0	0
853_854	CGCTGGATCTCGATGA-13	0	0	0	0	0	1	0	0	0	0	0	0	0	0	0	0	0	0	1	0
853_854	TACAGTGTCTCATTCA-13	0	0	0	0	0	0	0	0	0	0	0	0	0	0	0	0	0	0	0	0
853_854	GCGCCAAAGACTTTCG-13	0	0	0	0	0	0	0	0	0	0	0	0	0	0	0	1	0	0	0	0
853_854	TCGTAGAAGACCACGA-13	0	0	0	0	0	0	0	0	0	0	0	0	0	0	0	0	0	0	0	0
853_854	CTAACTTCAGTATGCT-13	0	0	0	0	0	1	0	0	0	0	1	0	0	0	0	0	0	0	0	0
853_854	CGTGAGCGTCTAGGTT-13	0	0	0	0	0	0	0	0	0	0	0	0	0	0	0	0	0	0	0	0
853_854	GCGCAGTTCCTTTCGG-13	0	0	0	0	0	0	0	0	0	0	0	0	1	0	0	0	0	0	0	0
853_854	CTCACACTCTTGTCAT-13	0	0	0	0	0	0	0	0	0	0	0	0	1	0	0	0	0	0	0	0
853_854	CGTGTAAGTCTCTCGT-13	0	0	0	0	0	0	0	0	0	0	0	0	0	0	0	0	0	0	0	0
853_854	CACAGTATCTTGCCGT-13	0	0	0	0	0	0	0	0	0	0	0	0	1	0	0	0	0	0	0	0
853_854	AAATGCCAGGGTGTGT-13	0	0	0	0	0	1	1	0	0	0	0	0	0	0	0	0	0	0	0	0
854_855	AGCAGCCGTACCGCTG-13	0	0	0	0	0	0	0	0	0	0	1	0	0	0	0	0	0	0	0	0
854_855	ATTCTACAGCTACCGC-13	0	0	0	0	0	0	1	0	0	0	0	0	0	0	0	0	0	0	0	0
854_855	AAGACCTCAATCGGTT-13	0	0	0	0	1	0	0	0	0	0	0	0	0	0	0	0	0	0	0	0
854_855	TCAATCTTCGTGACAT-13	0	0	0	0	0	0	0	0	0	0	0	0	0	0	0	0	0	0	0	0
854_855	TGAAAGACAGGCAGTA-13	0	0	0	0	0	0	0	0	0	0	0	0	0	0	0	0	0	0	0	0
854_855	CGCTGGATCCCTCTTT-13	0	0	0	0	0	0	0	0	0	0	1	0	0	0	0	2	0	0	0	1
854_855	AGCAGCCCAATGACCT-13	0	0	0	0	0	1	0	0	0	0	1	0	0	0	0	0	0	0	0	0
854_855	TGGCGCACAATAGCGG-13	0	0	0	0	0	0	0	0	0	0	1	0	0	0	0	0	0	0	0	0
854_855	GGACGTCGTCTAGAGG-13	0	0	0	0	0	0	0	0	0	0	0	0	0	0	0	0	0	0	0	0
854_855	GCTTGAACAGCCTTGG-13	0	0	0	0	0	1	0	0	0	0	0	0	0	0	0	0	0	0	0	0
854_855	GCTGCAGGTGGACGAT-13	0	0	0	0	0	1	0	0	0	0	1	0	0	0	0	1	0	0	1	0
854_855	AGGCCGTCAGCTATTG-13	0	0	0	0	0	0	0	0	1	0	1	0	0	0	0	0	0	0	0	0
854_855	CTTAGGACATGAACCT-13	0	0	0	0	0	0	0	0	0	0	0	0	0	0	0	1	0	0	0	0
854_855	TCAGATGTCACATGCA-13	0	0	0	0	0	0	0	0	0	0	0	0	0	1	0	0	0	0	0	0
854_855	GCGCCAACAATAGCAA-13	0	0	0	0	0	0	0	0	0	0	0	0	0	0	0	1	0	0	0	0
854_855	CCTATTAAGTGAAGAG-13	0	0	0	0	0	0	2	0	0	0	0	0	0	0	0	0	0	0	0	0
854_855	TGTGTTTAGGACTGGT-13	0	0	0	0	0	0	0	0	0	0	0	0	0	0	0	0	0	0	0	0
854_855	CGGACTGTCATGTCCC-13	0	0	0	0	0	0	2	0	0	0	0	0	0	0	0	0	0	1	0	0
854_855	TGTATTCCAATGACCT-13	0	0	0	0	0	0	0	0	0	0	0	0	0	0	0	0	0	0	0	0
854_855	GCCTCTACAAAGGAAG-13	0	0	0	0	0	0	0	0	0	0	0	0	0	0	0	1	0	0	0	0
854_855	GCATGCGTCCTTTCGG-13	0	0	0	0	0	0	0	0	0	0	0	0	0	0	0	0	0	0	0	0
854_855	CCAGCGAGTACGCTGC-13	0	0	1	0	0	0	0	0	0	0	1	0	0	0	0	0	0	0	1	0
854_855	TGCCAAAAGCGTAGTG-13	0	0	0	0	0	0	1	1	0	0	0	0	0	0	0	0	0	0	0	0
854_855	GATGAAATCGCATGGC-13	0	0	0	0	0	1	0	0	0	0	0	0	0	0	0	0	0	0	0	0
854_855	GGTGTTAAGGGTGTTG-13	0	0	0	0	0	0	0	0	0	0	0	0	0	0	0	0	0	1	0	1
854_855	TACGGTAGTTACGGAG-13	0	0	0	0	0	0	1	0	0	0	0	0	0	0	0	1	0	1	0	0
854_855	CGATGGCTCGCGTTTC-13	0	0	0	0	0	0	0	0	0	0	0	0	0	0	0	0	0	0	0	0
854_855	ACTGATGGTTAAAGAC-13	0	1	0	0	0	0	0	0	0	0	0	0	0	0	1	0	0	2	0	0
854_855	TGACTTTCAGCTATTG-13	0	0	0	0	0	0	0	0	0	0	0	0	0	0	0	0	0	0	0	0
854_855	CTAGCCTCAGGTCCAC-13	0	0	0	0	1	0	1	0	0	0	2	0	0	0	0	0	0	0	0	0
854_855	CTCTAATTCGTAGGTT-13	0	0	0	0	0	0	0	0	0	0	1	0	0	0	0	0	0	0	0	0
854_855	ACGCCAGTCTTACCGC-13	0	0	0	0	0	0	0	0	0	0	0	0	0	0	0	0	0	0	0	0
854_855	CTCGGAGGTCCAACTA-13	0	0	0	0	0	0	0	0	0	0	0	0	0	0	0	0	0	1	0	0
854_855	AAAGATGCAAGAGGCT-13	0	0	0	0	0	0	0	0	0	0	0	0	0	0	0	0	0	0	0	0
854_855	CATATGGTCTGTCTAT-13	0	0	0	0	1	0	0	1	0	0	0	0	0	0	0	0	0	0	0	0
854_855	CGTCTACTCAACACGT-13	0	1	0	0	0	0	0	0	0	0	0	0	1	0	0	0	0	0	0	0
854_855	ACGCAGCTCCAGTATG-13	0	0	0	0	0	0	0	0	0	0	0	0	0	0	0	0	0	0	0	0
854_855	ACTGAACTCAAGATCC-13	0	0	0	0	0	0	0	0	0	0	0	0	0	1	0	0	1	0	0	0
854_855	GGGTTGCAGCAGGCTA-13	0	0	0	0	0	0	0	0	0	0	0	0	1	0	0	0	0	0	0	0
854_855	CATCGAATCTGGCGAC-13	0	0	0	0	0	0	0	0	1	0	0	0	0	0	0	0	0	0	0	0
855_856	AACTGGTAGCGCCTCA-13	0	0	0	0	0	1	1	0	0	0	0	0	0	0	0	0	0	0	0	0
855_856	CTCCTAGCAGGAATGC-13	0	0	0	0	0	1	0	0	0	0	0	0	0	0	0	0	0	1	0	0
855_856	CGTGTAATCTCTGAGA-13	0	0	0	0	0	0	2	0	0	0	0	0	0	0	0	1	0	0	0	0
855_856	CACACCTGTCCTGCTT-13	0	0	0	0	0	0	0	0	0	0	0	0	0	0	0	0	0	0	0	0
855_856	TCGTACCTCCAGGGCT-13	0	0	0	0	0	0	0	0	0	0	1	0	0	1	0	1	0	0	0	0
855_856	TCATTTGTCCGCAAGC-13	0	0	0	0	0	0	0	0	0	0	0	0	0	0	0	0	0	0	0	0
855_856	TTGCCGTAGGTCATCT-13	0	0	0	0	0	0	0	0	0	1	0	0	0	0	0	0	1	2	0	0
855_856	TACTCGCGTAAATGAC-13	0	0	0	0	0	0	0	0	0	0	0	0	0	0	0	0	0	0	0	0
855_856	CGTGAGCCATCGGGTC-13	0	0	0	0	0	0	1	0	0	0	0	0	0	0	0	1	0	0	0	0
855_856	GGAAAGCTCGTCTGAA-13	0	0	0	0	0	1	0	0	0	0	0	0	0	0	0	0	0	0	1	0
855_856	TGGGCGTCATCTACGA-13	0	0	0	0	0	0	1	0	0	0	0	0	1	0	0	0	0	0	0	0
855_856	CACATTTCACAAGCCC-13	0	0	0	0	0	0	2	0	0	0	0	0	0	0	0	0	0	1	0	0
855_856	CGCGTTTGTCTAGCGC-13	0	0	0	0	0	0	0	0	0	0	0	0	0	0	0	0	0	1	0	0
855_856	TACTCGCGTGAGCGAT-13	0	0	0	0	0	0	0	0	0	0	0	0	1	0	0	0	0	1	0	0
855_856	CTCGAGGGTTCCTCCA-13	0	0	0	0	0	0	0	0	0	0	0	0	0	0	0	0	0	0	1	0
855_856	GTGTTAGGTCCTCTTG-13	0	0	0	0	0	0	1	0	0	0	0	0	0	0	0	0	0	3	0	0
855_856	GTGAAGGGTTACGACT-13	0	0	0	0	0	0	0	0	0	0	0	0	0	0	0	0	0	0	0	0
855_856	ATGTGTGAGTATCGAA-13	0	0	0	0	0	0	0	0	0	0	0	0	1	0	0	0	1	1	0	0
855_856	TCGCGAGAGAAGGGTA-13	0	0	0	0	0	0	1	0	0	0	0	0	0	0	0	0	0	1	0	0
855_856	TGGACGCGTACAGCAG-13	0	0	0	0	0	0	0	0	0	0	1	0	0	0	0	0	0	0	0	0
855_856	TACTCGCAGGAGTTTA-13	1	0	0	0	0	0	1	0	0	0	0	0	0	0	0	0	0	1	0	0
855_856	CGAATGTTCTTGCATT-13	0	0	0	0	0	1	1	0	0	0	0	0	0	0	0	0	0	2	0	0
855_856	CGAGAAGTCGCGATCG-13	0	0	0	0	0	0	0	0	0	0	0	0	0	0	0	0	0	0	0	0
855_856	TCGGGACTCCTATTCA-13	0	0	0	0	0	0	0	0	0	0	0	0	0	1	0	0	0	1	0	0
855_856	GCTGCGATCGTATCAG-13	0	0	0	0	0	0	0	0	0	0	0	0	0	0	0	0	0	1	0	0
855_856	GGGTTGCAGAACAACT-13	0	0	0	0	0	0	0	0	0	0	0	0	1	0	0	0	1	0	0	0
855_856	CAACTAGGTACCCAAT-13	0	0	0	0	0	1	2	0	0	0	0	0	0	0	0	0	0	0	0	0
855_856	GCTGCTTAGGCAAAGA-13	0	0	0	0	0	0	0	0	0	0	0	0	0	0	0	0	0	0	0	0
855_856	CATTCGCCAAACGCGA-13	0	0	0	0	0	0	0	0	0	0	0	0	0	0	0	0	0	0	0	0
855_856	TTTGTCACAGCCTTTC-13	0	0	0	0	0	1	0	0	0	0	0	0	0	0	0	0	0	2	0	0
855_856	AGTTGGTTCACCATAG-13	1	0	0	0	0	0	0	0	0	0	0	0	0	0	0	0	0	0	0	0
855_856	TCGAGGCCAGGAACGT-13	0	0	0	0	1	0	1	0	0	0	1	0	1	0	0	0	0	0	0	0
855_856	ACCTTTACACGCTTTC-13	1	0	0	0	0	0	2	0	0	0	0	0	0	0	0	0	0	0	1	0
855_856	GGGACCTAGTCGCCGT-13	0	0	0	0	0	0	0	0	0	0	0	0	0	0	0	0	0	0	0	0
855_856	CACAAACGTATCGCAT-13	0	0	0	0	0	0	0	0	0	0	0	0	0	0	0	0	0	0	0	0
855_856	CCTAGCTAGTAATCCC-13	0	0	0	0	0	0	0	0	0	0	0	0	0	0	0	0	0	0	0	0
855_856	AGGCCACCACGGTAAG-13	0	0	0	0	0	0	0	0	0	0	0	0	0	0	0	0	0	0	0	0
855_856	GTCGGGTAGTGGGATC-13	0	0	0	0	0	0	0	0	0	1	0	0	0	0	0	0	0	0	0	0
855_856	TATCTCATCTTCGGTC-13	0	0	0	0	1	1	0	0	0	0	0	0	0	0	0	0	0	1	0	0
855_856	TTTATGCTCTCATTCA-13	0	0	0	0	0	1	0	0	0	0	0	0	0	0	0	1	0	0	0	0
855_856	CCGTTCATCCTCTAGC-13	0	0	0	0	0	0	0	0	0	0	0	0	0	0	0	0	0	0	0	0
855_856	CATGACAAGGCACATG-13	0	0	0	0	0	0	0	0	0	0	0	0	0	0	0	0	0	0	0	0
855_856	CGATGGCTCCGGCACA-13	0	0	0	0	0	0	0	0	0	0	0	0	0	0	0	0	0	0	0	0
855_856	AAGGCAGAGTCATGCT-13	0	0	0	0	0	0	0	0	0	0	0	0	0	0	0	1	0	0	0	0
855_856	TAAACCGGTTATTCTC-13	0	0	0	0	0	0	0	0	0	0	0	0	0	0	0	0	0	1	0	0
855_856	CTGCGGATCCTGCCAT-13	0	0	0	0	0	0	0	0	0	0	1	0	1	0	0	0	0	0	0	0
855_856	TGCCAAACACCAGGCT-13	0	0	0	0	0	0	0	0	1	0	0	0	0	0	0	0	0	0	0	0
855_856	TCTTCGGTCCACGACG-13	0	0	0	0	1	1	0	0	2	0	0	0	0	0	0	0	0	0	0	0
855_856	CCCATACGTCCGTCAG-13	0	0	0	0	0	0	1	0	0	0	0	0	0	0	0	0	0	0	0	0
855_856	GATCTAGAGCTGTTCA-13	0	0	0	0	0	0	0	0	0	0	0	0	0	0	0	0	0	0	0	0
855_856	TGAGCCGGTTCCGGCA-13	0	0	0	0	0	0	0	0	0	0	0	0	0	0	0	0	0	1	0	0
855_856	CGTGAGCCATTCTTAC-13	0	0	0	0	0	0	0	0	0	0	0	0	1	0	0	0	0	0	0	1
855_856	TAAGAGAGTCCGACGT-13	0	0	0	0	0	0	0	0	0	0	0	0	0	0	0	0	1	0	0	0
855_856	AGAGTGGGTTATCCGA-13	0	0	0	0	1	0	0	0	0	0	0	0	0	0	0	0	0	1	0	0
855_856	GAAACTCCATTGCGGC-13	1	0	0	0	0	0	1	0	0	0	0	0	0	0	0	0	0	0	0	0
855_856	CCTTCCCTCGTTGACA-13	0	0	0	0	0	1	0	0	0	0	0	0	0	0	0	0	0	0	0	0
855_856	CTGGTCTTCTACTCAT-13	0	0	0	0	0	1	0	0	0	0	0	0	0	0	0	0	0	0	1	0
855_856	CCCAGTTTCGTACCGG-13	0	0	0	0	0	0	0	0	0	0	0	0	0	0	0	0	0	1	0	0
855_856	CGAGAAGAGATGCCTT-13	0	0	1	0	0	0	0	0	1	0	0	0	0	0	0	0	0	0	0	0
855_856	CACCTTGCACTCAGGC-13	0	0	0	0	0	0	0	0	0	0	0	0	0	0	0	0	0	0	0	0
855_856	TTTACTGCACCGATAT-13	0	0	0	0	0	0	0	0	0	0	0	0	0	0	0	0	0	0	0	0
855_856	TCAGGTATCCACGCAG-13	0	0	0	0	0	0	0	0	0	0	1	0	0	0	0	0	0	0	0	0
855_856	AGCTCTCAGTGTGGCA-13	0	0	0	0	0	0	1	0	0	0	0	0	0	0	0	0	0	1	0	0
856_857	ACGAGCCGTTGATTCG-13	1	0	0	0	0	0	0	0	1	0	0	0	0	0	0	1	0	0	0	0
856_857	CGAGAAGGTCAACTGT-13	0	0	0	0	0	0	0	0	0	0	0	0	0	0	0	0	0	0	0	0
856_857	AGCCTAAAGTTGTCGT-13	0	0	0	0	0	0	0	0	0	0	0	0	0	0	0	0	0	0	0	0
856_857	GTAGTCAAGACCTTTG-13	0	0	0	0	0	0	0	0	0	0	0	0	1	0	0	0	0	0	0	0
856_857	ACGATACGTCTGATCA-13	0	0	0	0	0	0	0	0	2	0	0	0	0	0	0	0	0	0	2	1
856_857	GTACGTAGTACTTCTT-13	1	0	0	0	0	0	0	0	0	0	0	0	0	0	0	1	0	0	0	0
856_857	ATCATCTAGACGACGT-13	0	0	0	0	0	0	0	0	0	0	0	0	0	0	0	0	0	0	0	0
856_857	ACAGCCGAGGACAGAA-13	0	0	0	0	0	0	1	0	0	0	1	0	0	0	0	0	0	0	0	1
856_857	TGAAAGATCCTTTACA-13	0	0	0	0	0	0	0	0	0	0	0	0	0	0	0	0	0	0	0	0
856_857	TTTATGCTCGTGGACC-13	0	0	0	0	0	0	0	0	0	0	0	0	0	0	0	0	0	0	0	0
856_857	ACGATGTGTCAATGTC-13	0	0	0	0	0	0	0	0	0	0	0	0	0	1	0	0	0	0	0	0
856_857	GGCTCGATCAGGTAAA-13	0	0	0	0	0	0	0	0	0	0	0	0	1	0	0	0	0	1	0	0
856_857	GTCGGGTCAATCACAC-13	0	0	0	0	0	0	0	0	0	0	0	0	0	0	0	0	0	0	0	0
856_857	TGGCGCAAGCTGCCCA-13	0	0	0	0	0	0	0	0	0	0	0	0	0	0	0	0	0	1	0	1
856_857	ACGAGCCAGGGATACC-13	0	0	0	0	1	0	0	0	1	0	0	0	0	0	0	0	0	0	0	0
856_857	ACGAGCCGTTGACGTT-13	0	0	1	0	0	0	0	0	0	0	0	0	1	0	0	0	0	0	0	0
856_857	ATGGGAGTCGCAGGCT-13	0	0	0	0	0	0	0	0	0	0	0	0	0	0	0	1	0	1	0	0
856_857	ACTGAACTCCACTCCA-13	0	0	0	0	0	0	0	0	0	1	0	0	0	0	0	0	0	0	0	0
856_857	AGCCTAACACTGCCAG-13	0	0	0	0	0	0	0	0	1	0	0	0	0	0	0	0	0	0	0	0
856_857	GGTATTGCAGCAGTTT-13	0	0	0	0	0	0	0	0	0	0	0	0	0	0	0	0	0	0	0	0
856_857	GGACATTCATTAGCCA-13	0	0	0	0	0	0	0	0	0	0	0	0	0	0	0	0	0	0	0	0
856_857	TCGTAGAAGACTGGGT-13	0	0	0	0	0	0	1	0	0	0	0	0	0	0	0	0	0	0	0	0
856_857	GGTGAAGCAATTCCTT-13	0	0	0	0	0	0	3	0	0	0	0	0	0	0	0	0	0	0	0	0
856_857	TTCGGTCAGGGTTTCT-13	0	0	0	0	0	0	0	0	0	0	3	0	0	0	0	0	0	1	0	0
856_857	ACACTGAGTCTAGTCA-13	0	0	0	0	0	0	0	0	1	0	1	0	0	0	0	1	0	0	0	0
856_857	AAAGCAATCATGTCTT-13	0	0	0	0	0	0	0	0	0	0	0	0	0	0	0	0	0	1	0	0
856_857	AGGGAGTCATTGGGCC-13	0	0	0	0	0	0	0	0	0	0	0	0	0	0	0	0	0	1	0	0
856_857	AGGGTGAAGAGGTTAT-13	0	0	0	0	0	0	2	0	0	0	0	0	0	0	0	0	0	3	0	0
856_857	AAAGCAAGTCCGCTGA-13	0	0	0	0	0	0	0	0	0	0	0	0	1	0	0	0	0	0	0	0
856_857	AGGTCATTCCGAATGT-13	0	0	0	0	0	0	0	0	0	0	0	0	0	0	0	0	0	1	0	1
856_857	GGAAAGCTCGGAAATA-13	0	0	0	0	0	0	0	0	0	0	0	0	0	0	0	0	0	0	0	0
856_857	TTCCCAGGTGAAAGAG-13	0	0	0	0	0	0	0	0	0	0	0	0	0	0	0	0	0	0	0	1
856_857	AAGACCTTCTACGAGT-13	0	0	0	0	0	0	2	0	0	0	0	0	0	0	0	0	0	0	0	0
856_857	TGTGGTAGTCAAAGAT-13	0	0	0	0	0	1	0	0	0	0	0	0	0	0	0	0	0	0	0	0
856_857	GCTTGAATCTCGGACG-13	0	0	0	0	0	0	0	0	0	0	0	0	0	0	0	0	0	2	0	0
856_857	ACCAGTATCCAGTAGT-13	0	0	0	0	1	0	0	0	2	0	0	0	0	0	0	0	0	0	1	0
856_857	ACGTCAACAAAGTGCG-13	0	0	0	0	0	0	1	0	0	0	0	0	1	0	0	0	0	0	0	0
856_857	GGGAGATTCCAAGCCG-13	0	0	0	0	0	0	1	0	0	0	0	0	1	0	0	0	0	1	0	0
856_857	GCTTCCATCTTGCCGT-13	0	0	0	0	0	1	0	0	0	0	0	1	0	0	0	1	0	1	0	0
856_857	ACTGCTCAGTGCCATT-13	0	0	0	0	0	0	0	0	0	0	0	0	0	0	0	0	0	0	0	0
856_857	CGACCTTTCCATGAGT-13	0	0	0	0	0	0	0	0	0	0	0	0	0	0	0	0	0	0	0	0
856_857	TCGGTAAAGCAATATG-13	0	0	0	0	0	0	0	0	0	0	0	0	1	0	0	0	0	0	0	0
856_857	AGCGGTCTCGCGATCG-13	0	0	0	0	0	0	0	0	0	0	0	0	0	0	0	0	0	0	0	0
856_857	TGCCAAAAGTTCCACA-13	0	0	0	0	0	0	0	0	0	0	0	0	0	0	0	0	0	0	1	0
856_857	GCTTCCAAGCGATCCC-13	0	0	0	0	0	0	0	0	0	0	0	0	0	0	0	0	0	0	0	1
856_857	AAGGCAGAGTCAAGGC-13	0	0	0	0	0	0	0	0	0	0	0	0	1	0	0	0	1	0	0	0
856_857	GGCTGGTCAACTGCTA-13	0	0	0	0	0	0	1	0	1	0	0	0	0	0	0	0	0	0	0	0
856_857	ACAGCTAAGCCCTAAT-13	0	0	0	0	0	0	1	0	0	0	0	0	0	0	0	0	0	0	0	0
856_857	AGATTGCAGTCTCCTC-13	0	0	0	0	0	0	0	0	0	0	0	0	0	0	0	0	0	0	0	0
856_857	TGCTGCTGTTGGTAAA-13	0	0	0	0	0	0	0	0	0	0	0	0	0	0	0	0	0	0	0	0
856_857	CCATGTCGTAAGAGAG-13	0	0	0	0	0	0	0	0	0	0	0	0	0	0	0	1	0	0	0	0
856_857	CCTTACGTCTTCCTTC-13	0	0	0	0	0	1	0	0	0	0	0	0	1	0	0	0	0	0	1	1
856_857	TACTCATAGCTTCGCG-13	0	0	0	0	0	0	0	0	0	0	0	0	0	0	0	1	0	0	0	0
856_857	GCGAGAAGTTCCACTC-13	0	0	0	0	0	0	0	0	0	0	0	0	1	0	0	0	0	0	0	0
856_857	CCAGCGATCTCTGAGA-13	0	0	0	0	0	0	0	0	0	0	0	0	0	0	0	0	0	0	0	0
856_857	CCCAATCAGGTGCAAC-13	0	0	0	0	0	1	0	0	0	0	0	0	1	0	0	0	0	0	0	0
856_857	GATCTAGAGGTCATCT-13	0	0	0	0	0	0	0	0	0	0	1	0	0	0	0	0	0	0	0	0
856_857	GACAGAGGTTCGCGAC-13	0	0	0	0	0	0	0	0	1	0	1	0	0	0	0	0	0	0	1	0
856_857	CTGAAGTGTACGCTGC-13	0	0	0	0	0	0	0	0	0	0	1	0	0	0	0	0	0	0	0	0
856_857	TACAGTGGTCTGGTCG-13	0	0	0	0	0	0	0	0	0	0	0	0	0	0	0	0	0	1	0	0
856_857	CTGAAGTTCGCCAGCA-13	0	0	0	0	0	1	0	0	0	0	0	0	0	0	0	0	0	1	0	0
856_857	CACATTTCAGTATGCT-13	0	0	0	0	0	0	0	0	0	0	0	0	0	0	0	0	0	0	0	0
856_857	CCCATACGTTTAAGCC-13	0	0	0	0	0	0	0	0	0	0	0	0	0	0	0	0	0	0	0	0
856_857	GAGTCCGAGTGCCAGA-13	0	0	0	1	0	0	0	0	0	0	1	0	0	0	0	0	0	0	0	0
856_857	GCGCCAAAGTGTGGCA-13	0	0	0	0	0	0	0	0	0	0	0	0	0	0	0	0	0	0	0	0
856_857	TACAGTGGTTCCACTC-13	0	0	0	0	0	0	0	0	0	0	0	0	0	0	0	0	0	0	0	0
856_857	TACTCGCAGGGATACC-13	0	0	0	0	0	1	1	0	0	0	0	0	0	0	0	0	0	1	0	0
856_857	CAGAATCCATGGATGG-13	0	0	0	0	0	0	1	0	0	0	0	0	0	0	0	0	0	0	0	0
856_857	CAGAATCTCTGGTATG-13	0	0	0	0	1	0	0	0	0	0	0	0	0	0	0	0	0	0	0	0
856_857	GCATACACAATCACAC-13	0	0	0	0	0	0	0	0	0	0	0	0	0	0	0	0	0	0	0	0
856_857	GCAGTTATCAGCTGGC-13	0	0	0	0	0	0	0	0	0	0	0	0	1	0	0	0	0	0	0	0
856_857	TATTACCGTCGCTTTC-13	0	0	0	0	0	0	0	0	0	0	0	0	0	0	0	0	0	0	0	0
856_857	CAGCCGAAGAACTGTA-13	0	0	0	0	0	0	0	0	0	0	0	0	0	0	0	0	0	1	0	0
856_857	GCAGTTAAGGTTACCT-13	0	0	0	0	0	0	0	0	0	0	0	0	0	0	0	0	0	0	0	0
856_857	GCCTCTAAGAGAACAG-13	1	0	0	0	0	0	0	0	0	0	0	0	0	0	0	0	0	1	0	0
856_857	TCACGAAGTGATGATA-13	0	0	0	0	0	0	1	0	0	0	0	0	0	0	0	0	1	0	0	0
856_857	GCACTCTGTGCGAAAC-13	0	0	0	0	0	0	0	0	0	0	0	0	0	0	0	0	0	0	0	0
856_857	CATGGCGAGTAGCGGT-13	0	0	0	0	0	0	0	0	0	0	0	0	0	0	0	0	0	0	0	0
856_857	CATGGCGTCAGGTAAA-13	0	0	0	0	0	0	0	0	0	0	0	0	0	0	0	1	0	0	0	0
856_857	CAGCAGCCACAGGAGT-13	0	0	0	0	0	0	0	0	0	0	0	0	0	0	0	0	0	1	0	0
856_857	CATTCGCAGTGCCAGA-13	0	0	0	0	0	0	0	0	0	0	0	0	0	0	0	0	0	0	0	0
856_857	CTTTGCGGTGTTTGTG-13	0	0	0	0	0	0	0	0	0	0	0	0	0	0	0	0	0	0	0	0
856_857	TCAGATGTCTCTGTCG-13	0	0	0	0	0	0	0	0	0	0	0	0	0	0	0	0	0	1	0	0
856_857	CGTAGGCTCACGCGGT-13	0	0	0	0	0	0	0	0	0	0	0	0	0	0	0	0	0	0	0	0
856_857	CGCTTCAAGATGCCTT-13	0	0	0	0	0	0	0	0	0	0	0	0	0	0	0	0	0	0	0	0
856_857	CACACCTAGTCTCCTC-13	0	0	0	0	0	0	0	0	0	0	0	0	0	0	0	0	0	0	1	0
856_857	GCATGATGTCATACTG-13	0	0	0	0	0	0	0	0	0	0	0	0	0	0	0	0	0	0	0	0
856_857	GTTCATTCAGGGTATG-13	0	0	0	0	0	0	0	0	0	0	0	0	0	0	0	0	0	0	0	0
856_857	CCGTACTTCACCACCT-13	0	0	0	0	0	0	0	0	0	0	0	0	1	0	0	0	0	0	0	0
856_857	GACGTTACAGAGCCAA-13	0	0	0	0	0	1	1	0	0	0	0	0	0	1	0	0	0	0	1	0
856_857	CTACGTCAGGGCTTGA-13	0	0	0	0	0	0	0	0	0	0	0	0	0	0	0	1	0	0	0	0
856_857	TCGAGGCGTCTTCAAG-13	0	0	0	0	0	0	1	0	0	0	0	0	0	0	0	0	0	0	1	0
856_857	GACGCGTTCCCTTGTG-13	0	0	0	0	0	1	0	0	0	0	0	0	0	0	0	0	0	0	0	0
856_857	GCTGCAGCAAGCCGCT-13	0	0	0	0	0	0	0	0	0	0	0	0	0	1	0	0	0	1	0	0
856_857	GTGCAGCAGTCGAGTG-13	0	0	0	0	0	1	0	0	0	0	0	0	0	0	0	0	0	1	0	0
856_857	CTGGTCTAGGAGCGAG-13	0	0	0	0	0	0	0	0	0	0	0	0	0	0	0	0	0	0	0	0
856_857	CTTACCGTCACATACG-13	0	0	0	1	0	0	0	0	0	0	0	0	0	0	0	0	0	0	0	0
856_857	CAACTAGCAATCAGAA-13	0	0	0	0	0	0	0	0	0	0	0	0	0	0	0	0	0	1	1	0
856_857	GTGCATATCCCGGATG-13	0	0	0	0	0	0	1	0	0	0	0	0	0	0	0	0	0	0	0	0
856_857	GAGGTGAGTCTGATCA-13	1	0	0	0	0	0	0	0	0	0	0	0	0	0	0	0	0	0	0	0
856_857	CAACCAAAGGCTCAGA-13	0	0	0	0	0	1	0	0	0	2	0	0	0	0	0	0	0	0	1	0
856_857	GTGCAGCAGCATCATC-13	0	0	0	0	0	0	0	0	0	0	0	0	0	0	0	0	0	0	0	1
856_857	CTGGTCTTCAACTCTT-13	0	0	0	0	0	0	0	0	0	0	0	0	0	0	0	0	0	0	0	0
856_857	CCTTACGTCGCGTTTC-13	0	0	0	0	0	0	0	0	0	0	0	0	0	0	0	0	0	0	0	0
856_857	CCTCTGATCGCTAGCG-13	0	0	0	0	0	0	0	0	0	0	0	0	0	0	0	0	0	0	0	0
857_858	GCACTCTGTAGCCTCG-13	0	0	0	0	0	1	0	0	0	0	0	0	0	0	0	0	0	0	0	0
857_858	CGGTTAAGTCTACCTC-13	0	0	0	0	0	0	0	0	0	0	0	0	0	0	0	0	0	0	0	0
857_858	GACCAATCAGTTCATG-13	0	0	0	0	0	1	0	0	0	0	0	0	0	0	0	0	0	0	0	0
857_858	CTCGAGGCAAGCGATG-13	0	0	0	0	0	0	0	0	0	0	0	0	0	0	0	0	0	1	0	0
857_858	ACGGGCTGTTCAGCGC-13	0	0	0	0	0	2	0	0	0	0	0	0	0	0	0	0	0	0	0	0
857_858	ACGCCGATCCGTTGCT-13	0	0	0	0	0	0	0	0	0	0	0	0	1	0	0	0	0	0	0	0
857_858	CGTGTCTGTAGCGTAG-13	0	0	0	0	0	0	0	0	0	0	0	0	0	0	0	0	0	0	0	0
857_858	CATTCGCCATTTCACT-13	0	0	0	0	0	0	0	0	0	0	1	0	0	0	0	0	0	0	0	0
857_858	CTGTGCTGTTGCTCCT-13	0	0	0	0	0	0	0	0	0	0	0	0	0	0	0	0	0	2	0	0
857_858	GTGTTAGAGGTCATCT-13	0	0	0	0	0	0	0	0	0	0	0	0	0	0	1	0	0	0	0	0
857_858	AACCGCGCATACGCCG-13	0	0	0	0	0	0	0	0	0	0	0	0	0	0	0	0	0	0	0	0
857_858	AAGTCTGAGCTTCGCG-13	0	0	0	0	0	0	0	0	0	0	1	0	0	0	0	0	0	1	0	0
857_858	TCTTTCCTCCACTGGG-13	1	0	0	0	0	0	0	0	0	0	0	0	0	0	0	0	0	0	0	0
857_858	CGTAGCGAGCTAGGCA-13	0	0	0	0	0	0	0	0	0	0	0	0	0	0	0	0	0	0	0	0
857_858	TCTCATATCCTTGCCA-13	0	0	0	0	0	0	0	0	0	0	0	0	0	0	0	0	0	0	0	0
857_858	AGACGTTAGCTTTGGT-13	0	0	0	0	0	0	0	0	0	0	0	0	0	0	0	0	0	0	0	0
857_858	ACTTACTAGGCTATCT-13	0	0	0	0	0	0	2	0	0	0	2	0	0	0	0	0	0	0	0	0
857_858	AACCATGGTATGCTTG-13	0	0	0	0	0	0	0	0	0	0	0	0	0	0	0	0	0	0	0	1
857_858	TAGAGCTAGTTTCCTT-13	0	0	0	0	0	0	0	0	0	0	0	0	0	0	0	0	0	0	0	0
857_858	TCTCTAAAGATCTGCT-13	0	0	0	0	0	0	0	0	1	0	0	0	0	0	0	0	0	0	1	0
857_858	CAGTCCTCATTTCACT-13	0	0	0	0	0	0	2	0	0	0	0	0	0	0	0	0	0	0	0	0
857_858	ACTGCTCCATACCATG-13	0	0	0	0	0	0	0	0	0	0	0	0	0	0	0	0	0	0	0	0
857_858	CGAGCCACACGAAACG-13	0	0	0	0	0	0	0	0	0	0	0	0	0	0	0	0	0	0	0	0
857_858	CATCAGAGTCGGGTCT-13	0	0	0	0	0	0	0	0	0	0	0	0	0	0	0	0	0	0	0	0
857_858	TTGGCAATCTTTACAC-13	0	0	0	0	0	0	0	0	0	0	1	0	0	0	0	0	0	0	0	0
857_858	CTAGCCTCAATGAATG-13	0	0	0	0	0	1	0	0	0	0	0	0	0	0	0	0	0	0	0	0
857_858	TACTTACCAGCGTCCA-13	0	0	0	0	0	0	1	0	0	0	1	0	2	0	0	0	0	0	1	0
857_858	CCTCAGTCACTATCTT-13	0	0	0	0	0	0	0	0	0	0	0	0	0	1	0	0	0	0	0	0
857_858	CATGACAAGAAGGGTA-13	0	0	0	0	0	0	0	0	0	0	0	0	0	0	0	0	0	0	0	1
857_858	CTGTTTAGTGCGAAAC-13	0	0	0	0	0	0	0	0	0	0	0	0	0	0	0	0	0	0	0	0
857_858	CATGCCTTCACGACTA-13	0	0	0	0	0	0	0	0	0	0	0	0	0	0	0	1	0	1	1	0
857_858	CGGACGTTCGCAAACT-13	0	0	0	0	0	0	1	0	0	0	0	0	0	0	0	1	0	1	0	0
857_858	ACGCCAGGTGCAGTAG-13	0	0	0	0	0	0	0	0	0	0	0	0	0	0	0	0	0	0	0	0
857_858	ACGCCGAGTCGCGGTT-13	0	0	0	0	2	0	0	0	0	0	0	0	0	0	0	0	0	0	0	0
857_858	CTAAGACCAGCTTCGG-13	0	0	0	0	0	0	0	0	0	0	0	0	0	0	0	0	0	1	0	0
857_858	CCTACACGTCGCTTTC-13	0	0	0	0	0	0	0	0	0	0	0	0	0	0	0	0	0	0	0	0
857_858	CTGATCCAGAGAGCTC-13	0	0	0	0	0	0	0	0	0	0	0	0	0	0	0	0	0	0	0	0
857_858	CTGATCCTCATGCTCC-13	0	0	0	0	1	0	0	0	0	0	0	0	0	0	0	0	0	1	0	0
857_858	GACCAATCATGCAACT-13	0	0	0	0	0	0	0	0	0	0	0	0	0	0	0	0	0	0	0	0
857_858	GAGTCCGGTCCTGCTT-13	0	0	0	0	0	0	0	0	0	0	0	0	0	0	0	0	0	0	0	0
857_858	GACGTTAGTCACTGGC-13	0	0	0	0	0	0	1	0	0	0	0	0	0	0	0	0	0	0	0	0
857_858	TTCGGTCCATTAACCG-13	0	0	0	0	0	0	0	0	0	0	0	0	0	0	0	0	0	1	0	0
857_858	AAAGCAAAGGACATTA-13	0	0	0	0	0	0	1	0	0	0	0	0	1	0	0	0	0	0	0	0
857_858	TTAGGCATCTCCGGTT-13	0	0	0	0	0	0	0	0	0	0	0	0	0	0	0	0	0	1	0	1
857_858	GTAGGCCAGGCTATCT-13	0	0	0	0	0	0	0	0	0	0	0	0	0	0	0	0	0	0	0	0
857_858	TGAGCATGTGACGGTA-13	0	0	0	0	0	0	0	0	0	0	0	0	0	0	0	0	0	0	0	0
857_858	CCCTCCTTCGCCTGAG-13	0	0	0	0	0	0	0	0	0	0	0	0	0	0	0	0	1	0	0	0
857_858	ACACCCTAGTGTCCCG-13	0	0	0	0	0	0	0	0	0	0	0	0	0	0	0	0	0	0	0	0
857_858	TTATGCTAGAGGGATA-13	0	0	0	0	0	0	0	0	0	0	0	0	1	0	0	0	0	0	1	0
857_858	AAGTCTGTCAAACGGG-13	0	0	0	0	0	0	0	0	0	0	0	0	0	0	0	0	0	0	0	0
857_858	CTGGTCTAGCTGTCTA-13	0	0	0	0	0	0	0	0	0	0	0	0	0	0	0	0	0	0	0	0
857_858	ACGCCGATCAACACAC-13	0	0	0	0	0	0	0	0	0	0	0	0	0	0	0	1	0	0	1	0
857_858	TACGGGCTCTTGAGAC-13	0	0	0	0	0	0	0	0	0	0	0	0	2	0	0	0	0	0	0	0
857_858	ACCCACTTCCACGAAT-13	0	0	0	0	0	0	0	0	0	0	0	0	0	0	0	0	0	0	0	0
857_858	GACGCGTGTCATACTG-13	0	0	0	0	0	0	0	0	0	0	0	0	0	0	0	0	0	0	0	0
857_858	CCTACACTCTTGACGA-13	0	0	0	0	0	0	0	0	0	0	0	0	0	0	0	0	0	1	0	0
857_858	CTCGGGAAGCTAGGCA-13	0	0	0	0	0	0	0	0	0	0	0	0	0	0	0	0	0	0	0	0
857_858	CGGGTCAAGTGAAGTT-13	0	0	0	0	0	1	0	0	0	0	0	0	0	1	0	0	0	0	0	0
857_858	CGTGTAAGTAAGTGTA-13	0	0	0	0	0	0	0	0	0	0	0	0	0	0	0	1	0	0	0	0
857_858	GATTCAGCATGCAATC-13	0	0	0	0	0	0	0	0	0	0	0	0	0	0	0	0	0	0	0	0
857_858	GACCTGGTCTGAGTGT-13	0	0	0	0	0	0	2	0	0	0	0	0	0	0	0	0	0	0	0	0
857_858	GTTCTCGCATGGAATA-13	0	0	0	0	0	0	0	0	0	0	1	0	0	0	1	0	0	1	0	0
857_858	CGGAGTCGTAAACCTC-13	0	0	0	0	0	0	0	0	0	0	1	0	0	0	0	0	0	1	0	0
857_858	CTCGTACTCTCGCATC-13	0	0	0	0	0	1	0	0	0	0	0	0	0	0	0	0	0	0	0	0
857_858	CTCTAATGTCGGATCC-13	0	0	0	0	0	0	0	0	0	0	0	0	0	0	0	0	0	0	0	0
857_858	CCAGCGAGTGACGCCT-13	0	0	0	0	0	0	2	0	0	0	0	0	0	0	0	0	0	0	0	0
857_858	CGGAGTCCATTAGGCT-13	0	0	0	0	0	0	0	0	0	0	0	0	0	0	0	0	0	0	0	0
857_858	TGACGGCTCTGTACGA-13	0	0	0	0	0	0	0	0	0	0	0	0	0	0	0	0	0	0	0	0
857_858	GTTCGGGTCAGGATCT-13	0	0	0	0	0	1	0	0	0	0	0	0	1	0	0	0	0	0	0	0
857_858	CAGTAACCACATCTTT-13	0	0	0	0	1	0	0	0	0	0	0	0	0	0	0	0	0	0	1	0
857_858	GATGCTACAAGGCTCC-13	0	0	0	0	0	0	1	0	0	0	1	0	0	0	0	0	0	0	0	0
857_858	ATTCTACGTGTTCGAT-13	0	0	0	0	0	0	0	0	0	0	0	0	0	0	0	0	0	1	0	0
857_858	CATTATCGTCTAACGT-13	0	0	0	0	0	0	0	0	0	0	1	0	0	0	0	0	0	0	0	0
857_858	TCATTTGCACCCAGTG-13	0	0	0	0	0	0	1	0	0	0	0	0	0	0	0	0	0	0	0	0
857_858	TTTACTGAGCAGGTCA-13	0	0	0	0	0	0	0	0	0	0	0	0	0	0	0	0	0	1	0	0
857_858	GGATTACTCCAAACAC-13	0	0	0	0	0	0	0	0	0	0	0	0	0	0	0	0	0	2	0	0
857_858	GGATTACCAACTGCGC-13	0	0	0	0	0	0	1	0	0	0	0	0	0	0	0	0	0	1	1	0
857_858	GGATGTTAGGCAGGTT-13	0	0	0	0	1	0	0	0	0	0	0	0	0	0	0	0	0	0	0	0
857_858	TCAGATGCACAACGTT-13	0	0	0	0	0	0	0	0	0	0	1	0	0	0	0	0	0	0	0	0
857_858	GGAGCAACACCGATAT-13	0	0	0	0	0	0	0	0	0	0	0	0	0	0	0	0	0	1	0	0
857_858	GCCTCTAAGCCGATTT-13	0	0	0	0	0	0	0	0	0	0	0	0	0	0	0	0	0	0	0	0
857_858	CAGATCACACCAGGCT-13	0	0	0	0	0	0	0	0	0	0	0	0	0	0	0	0	0	0	0	0
857_858	TCAGGATAGCTAACAA-13	0	0	0	0	0	0	1	0	0	0	0	0	0	0	0	0	0	0	0	0
857_858	CAGAATCCATCTCCCA-13	0	0	0	0	0	0	0	0	0	0	0	0	0	0	0	0	0	0	1	0
857_858	AGCGTATCACATTTCT-13	1	0	0	0	0	0	0	0	0	0	1	0	0	0	0	0	0	1	0	0
857_858	GTCGGGTGTCAACATC-13	0	0	0	0	0	0	0	0	0	0	0	0	0	0	0	0	0	0	0	0
857_858	GCGAGAAGTCTGCCAG-13	0	0	0	0	0	0	0	0	0	0	0	0	0	0	0	0	0	0	0	0
857_858	CTAGCCTAGAGCTATA-13	0	0	0	0	0	0	0	0	0	0	0	0	0	0	0	0	0	0	0	0
857_858	CGATTGAAGTGACTCT-13	0	0	0	0	0	0	0	0	0	0	0	0	0	0	0	0	0	0	0	0
857_858	GTCTCGTGTTACGACT-13	1	0	0	0	0	1	0	0	0	0	1	0	1	0	0	0	0	0	0	0
857_858	AGGGATGGTACTTGAC-13	0	0	0	0	0	0	0	0	0	0	0	0	0	0	0	0	0	1	0	0
857_858	GCTCCTAAGCTCCCAG-13	0	0	0	0	0	0	0	0	0	0	0	0	0	0	0	0	0	0	0	0
857_858	CCTTCGAAGATAGTCA-13	0	0	0	0	0	0	0	0	0	0	0	0	0	0	0	0	0	0	0	0
857_858	CACAGTATCTGCTTGC-13	0	0	0	0	0	0	0	0	0	0	0	0	0	0	0	0	0	1	0	0
857_858	CAACCAAAGGGATACC-13	0	0	0	0	0	0	0	0	0	0	0	0	0	0	0	0	0	0	0	0
857_858	TCGAGGCCATTACCTT-13	2	0	0	0	0	0	0	0	0	0	0	0	0	0	0	1	0	2	0	0
857_858	CAAGATCTCCTTTCTC-13	0	0	0	0	0	0	0	0	0	0	0	0	1	0	0	0	0	1	1	0
857_858	ATCACGACAGCCAGAA-13	0	0	0	0	0	1	0	0	0	0	0	0	1	0	0	0	0	1	0	0
857_858	CACTCCACAAATCCGT-13	0	0	0	0	0	0	0	0	1	0	0	0	1	0	0	0	0	0	0	0
857_858	CTACATTCACGTCAGC-13	0	0	0	1	0	0	0	0	0	0	0	0	0	0	0	0	0	1	0	0
857_858	GACCAATCATAGGATA-13	0	0	0	0	0	0	0	0	0	0	0	0	0	0	0	0	0	0	0	0
857_858	ATTTCTGTCTTGTCAT-13	0	0	0	0	0	1	0	0	0	0	0	0	1	0	0	0	0	0	0	0
857_858	CGTCTACCAGTCACTA-13	0	0	0	0	0	0	0	0	0	0	0	0	0	0	0	1	0	0	1	0
857_858	GGCGTGTCACTATCTT-13	0	0	0	0	0	0	0	0	0	0	1	0	0	0	0	0	0	1	0	0
857_858	TAGTTGGAGCCATCGC-13	0	0	0	0	0	0	0	0	0	0	0	0	0	0	0	0	0	0	0	1
857_858	TCTATTGAGCAGCCTC-13	0	0	0	0	0	0	0	0	0	0	0	0	0	0	0	0	0	0	0	0
857_858	CAGCCGAAGGTTCCTA-13	0	0	0	0	0	0	0	0	0	0	0	0	0	0	0	0	0	0	0	0
857_858	GGCCGATAGCCCAATT-13	0	0	0	0	1	0	0	0	0	0	0	0	0	0	0	1	0	0	0	0
858_859	CTTACCGTCCACGTTC-13	0	0	0	0	0	0	0	0	1	0	1	0	0	0	0	0	0	2	0	0
858_859	TTCTTAGAGTTCCACA-13	0	0	0	0	0	0	0	0	0	0	0	0	0	0	0	0	0	0	0	0
858_859	CCTTCGAGTAGCGTCC-13	0	0	0	0	0	0	0	0	0	0	0	0	0	0	0	0	0	0	1	0
858_859	GTACTCCGTTCGGCAC-13	0	0	0	0	0	0	1	0	0	0	0	0	0	0	0	0	0	0	0	0
858_859	AGAGCTTAGCTATGCT-13	0	0	0	0	0	0	0	0	1	0	1	0	0	0	0	0	0	0	0	0
858_859	TACAGTGAGAGAACAG-13	0	0	0	0	0	0	0	0	0	0	0	0	0	0	0	0	0	0	0	0
858_859	TGACTTTCAGTATCTG-13	0	0	0	0	0	0	0	0	0	0	0	0	0	0	0	0	0	0	0	0
858_859	TGCGTGGAGGTGGGTT-13	0	0	0	0	0	0	0	0	0	0	0	0	0	0	0	0	0	0	0	0
858_859	CGAGAAGTCAGGTTCA-13	0	0	0	0	0	0	0	0	0	0	0	0	0	0	0	0	0	0	0	0
858_859	GTACGTACATTCCTCG-13	0	0	0	0	0	0	0	0	0	0	0	0	0	0	0	0	0	0	0	0
858_859	CCTTTCTCAGGATTGG-13	0	0	0	0	0	0	0	0	0	0	0	0	0	0	0	0	0	0	0	0
858_859	GGACAGACACTGTCGG-13	0	0	0	0	0	0	0	0	0	0	0	0	0	0	0	0	0	0	0	0
858_859	CCACGGATCTTGCCGT-13	0	0	0	0	0	0	0	0	0	0	0	0	1	0	0	0	0	0	0	0
858_859	CACCAGGGTCCCGACA-13	0	0	0	0	0	0	0	0	0	0	0	0	0	0	0	1	0	0	0	0
858_859	TCGGGACCAAGACACG-13	0	0	0	0	0	0	1	0	0	0	0	0	0	0	0	0	0	0	0	0
858_859	GCAAACTAGACAAAGG-13	0	0	0	0	0	0	0	0	0	0	0	0	1	0	0	0	0	0	0	0
858_859	TGGCGCAGTCTCCCTA-13	0	0	0	0	0	0	0	0	0	0	0	0	0	0	0	0	0	0	0	0
858_859	CTCGTACCAATGGTCT-13	0	0	0	0	0	0	0	0	0	0	2	0	0	0	0	0	0	0	0	0
858_859	AGCTCTCAGACCTTTG-13	0	0	0	0	0	2	0	0	0	0	0	1	0	0	0	0	0	1	0	0
858_859	CACATTTTCTTCAACT-13	0	0	0	0	0	1	0	0	0	0	0	0	0	0	0	0	0	0	0	0
858_859	CTCGTCACACCAGCAC-13	0	0	0	0	0	0	0	0	0	0	0	0	0	0	0	0	0	0	0	0
858_859	ACATCAGCAAACGCGA-13	0	0	0	0	0	0	0	0	0	0	0	0	0	0	0	0	0	0	0	0
858_859	CGGACGTTCGGATGTT-13	0	0	0	0	0	0	0	0	0	0	0	0	0	0	0	0	0	0	0	0
858_859	TTGTAGGCACTTACGA-13	0	0	0	0	0	0	0	0	0	0	0	0	0	0	0	0	0	0	0	0
858_859	GTCCTCAGTACGCTGC-13	0	0	0	0	0	0	0	0	0	0	0	0	0	0	0	0	0	0	1	0
858_859	CATATGGGTCCGAACC-13	0	0	0	0	0	0	0	0	0	0	0	0	1	1	0	0	0	0	0	0
858_859	GCGCCAAAGAAGGCCT-13	0	0	0	0	0	0	0	0	0	0	0	0	0	0	0	0	0	1	0	0
858_859	GTCAAGTCAGATAATG-13	0	0	0	0	0	0	0	0	0	0	1	0	0	0	0	0	0	0	0	0
858_859	CCTACACTCACAATGC-13	0	0	0	0	0	0	1	0	0	1	0	0	0	0	0	0	0	0	0	0
858_859	CGGACTGAGGTGCTTT-13	0	0	0	0	0	0	0	0	0	0	0	0	0	0	0	0	0	0	0	0
858_859	ACTGATGGTCTCCATC-13	0	0	0	0	0	0	0	0	0	0	0	0	0	0	0	0	0	3	0	0
858_859	TGTTCCGCAAACCCAT-13	0	0	0	0	0	0	0	0	0	0	0	0	0	1	0	0	0	0	0	0
858_859	CTAAGACTCCTTAATC-13	0	0	0	0	0	0	0	0	0	0	0	0	0	0	0	0	0	0	0	0
858_859	GAATAAGCATGACGGA-13	0	0	0	0	0	0	0	0	0	0	0	0	0	0	0	0	0	0	0	0
858_859	TCAGATGAGTCCTCCT-13	0	0	0	0	0	0	1	0	0	0	0	0	0	0	0	0	0	1	0	0
858_859	TCTGGAACACGCGAAA-13	0	0	0	0	0	0	0	0	0	0	0	0	0	0	0	0	0	0	1	0
858_859	TACTTACAGCAACGGT-13	0	0	0	0	0	0	0	0	0	0	0	0	0	0	0	0	0	1	0	0
858_859	TAGACCAAGCAATATG-13	0	0	0	0	0	0	0	0	0	0	0	0	0	0	0	0	0	0	0	0
858_859	CGGACTGGTCGCGAAA-13	0	0	0	0	0	0	0	0	0	0	0	0	0	0	0	0	0	0	0	0
858_859	TCAACGAAGCTGAAAT-13	0	0	0	0	0	0	0	1	0	0	0	0	0	0	0	0	0	0	0	0
858_859	TCAACGAAGTCGTACT-13	0	0	0	0	0	0	0	0	0	0	0	0	0	0	0	0	0	1	0	0
858_859	TGCTGCTCAGTTAACC-13	0	0	0	0	0	0	0	0	0	0	2	0	0	0	0	0	0	1	0	0
858_859	CTACACCTCGAGAACG-13	0	0	0	0	0	0	0	0	0	0	0	0	0	0	0	0	0	1	0	0
858_859	CAAGTTGAGGTAGCCA-13	0	0	0	0	0	0	0	0	0	0	0	0	0	0	0	0	0	0	0	0
858_859	GGATGTTTCGCCCTTA-13	0	0	0	0	0	0	0	0	0	0	0	0	0	0	0	0	0	0	0	0
859_860	TGACTAGAGCACGCCT-13	0	0	0	0	0	0	1	0	0	0	0	0	0	0	0	0	0	0	0	0
859_860	TGTGTTTCATCGGAAG-13	0	0	0	0	0	0	0	0	0	0	0	0	0	0	0	0	0	0	0	0
859_860	GTATCTTTCACTGGGC-13	0	0	0	0	0	0	0	0	0	0	0	0	0	0	0	0	0	0	0	0
859_860	AACTCTTTCATGTGGT-13	0	0	0	0	0	0	0	0	0	0	0	0	0	0	0	0	0	1	0	0
859_860	ATCACGACACGAAAGC-13	0	0	0	0	0	1	2	0	0	0	1	0	0	0	0	0	0	1	0	0
859_860	TTATGCTGTTCCGTCT-13	0	1	0	0	0	0	0	0	0	0	0	0	0	1	0	0	0	0	0	0
859_860	CCTACCAAGTTACGGG-13	0	0	0	0	0	0	0	0	0	0	0	0	0	0	0	0	0	0	1	0
859_860	TATGCCCGTTCCGGCA-13	0	0	0	0	0	0	0	0	0	0	0	0	0	0	0	0	0	0	0	0
859_860	ACATGGTCATGCCACG-13	0	0	0	0	0	0	0	0	0	0	0	0	1	0	0	0	0	0	0	0
859_860	CCTAAAGCATACTACG-13	0	0	0	0	0	0	1	0	0	0	0	0	0	0	0	1	0	0	0	0
859_860	TTAACTCTCGAATGGG-13	0	0	0	0	0	0	0	0	0	0	1	0	0	0	0	0	0	1	0	0
859_860	GGAACTTCACATTCGA-13	0	0	0	0	0	0	0	0	0	0	0	0	0	0	0	0	0	0	0	1
859_860	TGCGCAGAGATGTCGG-13	0	0	0	0	0	0	0	0	0	0	0	0	0	0	0	0	0	0	0	0
859_860	AAATGCCGTGCCTGGT-13	0	0	0	0	0	0	0	0	0	0	1	0	0	0	0	0	0	0	0	0
859_860	ACATGGTGTTCGGCAC-13	0	0	0	0	0	0	0	0	0	0	0	0	0	0	0	0	0	0	0	0
859_860	CTCTACGTCTCTAGGA-13	0	0	0	0	0	0	0	0	0	0	0	0	0	0	0	0	0	0	0	0
859_860	GCGCAGTTCGAATCCA-13	0	0	0	0	0	0	1	0	0	0	0	0	0	0	0	0	0	0	0	0
859_860	AAGCCGCTCACGATGT-13	0	0	0	0	0	0	1	0	1	0	0	0	0	0	0	0	0	0	0	0
859_860	TTCCCAGCAGTGGGAT-13	0	0	0	0	0	0	0	0	0	0	0	0	0	0	0	0	0	1	0	0
859_860	TAGTGGTGTCTAGTCA-13	0	0	0	0	0	0	0	0	0	0	0	0	0	0	0	0	0	1	0	0
859_860	AGTGGGACAGACGCTC-13	0	0	0	0	0	0	0	0	0	0	0	0	0	0	0	0	0	0	0	0
859_860	GCTTGAATCTGATTCT-13	0	0	0	0	0	0	1	0	0	0	0	0	0	0	0	0	0	0	0	0
859_860	TTATGCTCATGGTCTA-13	0	0	0	0	0	0	1	0	0	0	0	0	0	0	0	0	0	1	0	0
859_860	GTATCTTCAGCTCGCA-13	0	0	0	0	0	0	0	0	0	0	0	0	0	0	0	0	0	0	0	0
859_860	CGAGAAGAGAAGATTC-13	0	0	0	0	0	0	0	0	0	0	0	0	0	0	0	0	0	0	0	0
859_860	CTGCGGACAAGAAAGG-13	0	0	0	0	0	1	0	0	0	0	0	0	0	0	0	0	0	0	0	0
859_860	CTAGAGTTCCCGGATG-13	0	0	0	0	0	0	0	0	0	0	1	0	0	0	0	0	1	0	0	0
859_860	GTCGGGTGTTACAGAA-13	0	0	0	0	0	0	0	0	0	0	0	0	0	0	0	0	0	0	0	0
859_860	GCTTGAACACCACGTG-13	0	0	0	0	0	0	0	0	0	0	0	0	0	0	0	0	0	0	0	0
859_860	TAAGTGCCACAGACAG-13	0	0	0	0	0	0	1	0	0	0	0	0	0	0	0	0	0	0	0	0
859_860	ACACTGACAAGGTTCT-13	0	0	0	0	0	1	0	0	0	0	0	0	0	0	0	0	0	0	0	0
859_860	TCCACACTCTGGAGCC-13	0	0	0	0	0	2	1	0	0	0	0	0	0	0	1	0	0	0	0	1
859_860	CACACTCCACGCTTTC-13	0	0	0	0	0	0	0	0	0	0	0	0	0	0	0	0	0	1	0	0
859_860	TCGGTAATCGGAAATA-13	0	0	0	0	0	0	0	0	0	0	0	0	0	0	0	0	0	0	0	0
859_860	TGACTTTGTTAAGATG-13	0	0	0	0	0	1	0	0	0	0	0	0	0	0	0	0	0	0	0	0
859_860	TTTGGTTTCTTGAGGT-13	0	0	0	0	0	0	0	0	0	0	0	0	0	0	0	0	0	0	0	0
859_860	CTTCTCTCACATGACT-13	0	0	0	0	0	0	0	0	0	0	0	0	0	0	0	0	0	0	0	0
859_860	TAGGCATCAGGATTGG-13	0	0	0	0	0	0	0	0	0	0	0	0	1	0	0	0	0	0	0	0
859_860	GCGGGTTTCCTGCCAT-13	0	0	0	0	0	0	0	0	0	0	0	0	0	0	0	0	0	0	0	0
859_860	GATCAGTTCCCACTTG-13	0	0	0	0	0	0	1	0	0	0	0	0	0	0	0	0	0	1	0	0
859_860	CACACAATCCGCTGTT-13	0	0	0	0	0	0	0	0	0	0	0	0	1	0	0	0	0	1	0	0
859_860	CGAGAAGTCAACACCA-13	0	0	0	0	0	0	0	0	0	0	1	0	1	0	0	0	0	1	0	0
859_860	TTAGTTCGTTGCGCAC-13	0	0	0	0	0	0	0	0	0	0	0	0	0	0	0	0	0	0	0	0
859_860	AGTTGGTAGTCATCCA-13	0	0	0	0	0	0	0	0	0	0	0	0	0	0	0	0	0	0	0	0
859_860	GTTCATTTCTGCCAGG-13	0	0	0	0	0	0	0	0	0	0	0	0	1	0	0	0	0	0	0	0
859_860	CACATAGAGTGTACGG-13	0	0	0	0	0	0	0	0	0	0	0	0	0	0	0	0	0	2	0	0
859_860	ACTTTCATCTCTTATG-13	0	0	0	0	0	0	0	0	0	0	0	0	0	0	0	0	0	1	0	0
859_860	AACCGCGAGTACATGA-13	0	0	0	0	0	0	0	0	0	0	0	0	0	0	0	0	0	1	0	0
859_860	TCGGGACCAGACAGGT-13	0	0	0	0	0	0	0	0	0	0	0	0	0	0	0	0	0	0	0	0
859_860	TCATTTGAGGAGTAGA-13	0	0	0	0	0	0	0	0	0	0	0	0	0	0	1	0	0	2	0	0
859_860	AGCGGTCGTTAAGATG-13	0	0	0	0	0	0	0	0	0	0	0	0	0	0	0	0	0	0	0	0
859_860	TGAAAGACAACAACCT-13	0	0	0	0	0	0	0	0	0	0	0	0	0	0	0	0	0	0	0	0
859_860	GTCATTTAGGCCCTCA-13	0	0	0	0	0	1	0	0	0	0	0	0	0	0	0	0	0	2	0	0
859_860	CAGCAGCAGCTACCTA-13	0	0	0	0	0	0	0	0	0	0	0	0	0	0	0	0	0	0	0	0
859_860	ACGGGCTTCCTTTACA-13	0	0	0	0	0	0	0	0	0	0	0	0	1	0	0	0	0	1	0	0
859_860	TTTCCTCCAGGTCTCG-13	0	0	0	0	0	0	0	0	0	0	1	0	0	0	0	0	0	0	0	0
859_860	CGTTCTGGTATTACCG-13	0	0	0	0	0	0	0	0	0	0	0	0	0	0	0	0	0	1	0	0
859_860	GGGATGAGTAAGTGTA-13	0	0	0	0	0	0	0	0	0	0	0	0	0	0	0	0	0	0	0	0
859_860	TCAACGAAGATGCCTT-13	0	0	0	0	0	0	0	0	0	0	0	0	0	0	0	0	0	0	0	0
859_860	CTCCTAGGTGTGCGTC-13	0	0	0	0	0	0	1	0	0	0	0	0	0	0	0	0	0	1	0	0
859_860	TCTTTCCTCCGTACAA-13	0	0	0	0	0	0	0	0	0	0	0	0	0	0	0	0	0	1	0	0
859_860	CTAGCCTAGAGTCTGG-13	0	0	0	0	0	0	0	0	0	0	0	0	0	0	0	0	0	0	0	0
859_860	GTGCTTCGTAAAGTCA-13	0	0	0	0	0	0	0	0	0	0	0	0	0	0	0	0	0	1	0	0
859_860	TTGGAACAGATGCCAG-13	0	0	0	0	0	0	0	0	0	0	0	0	1	0	0	0	0	0	0	0
859_860	CATGCCTGTCTGCCAG-13	0	0	0	0	0	0	1	0	0	0	0	0	0	0	0	0	0	0	0	0
859_860	GACCAATTCTCGTATT-13	0	0	0	0	0	0	0	0	0	0	0	0	0	0	0	0	0	0	0	0
859_860	CCTCAGTTCCGCTGTT-13	0	0	0	0	0	1	0	0	0	0	0	0	1	0	0	0	0	0	0	0
859_860	CTCAGAAAGACGCTTT-13	0	0	0	0	0	0	0	0	0	0	0	0	0	0	0	0	0	0	0	0
859_860	TACTTACTCGATCCCT-13	0	0	0	0	0	0	0	0	0	0	0	0	0	0	0	0	0	0	0	0
859_860	TCTTTCCGTGTTTGGT-13	1	0	0	0	0	1	0	0	0	0	0	0	1	0	0	0	0	0	0	0
859_860	TACTTGTAGGCACATG-13	0	0	0	0	0	0	0	0	0	0	0	0	0	0	0	1	0	0	0	0
859_860	TACTTGTCACATCCGG-13	0	0	0	0	0	0	1	1	0	0	0	0	0	0	0	0	0	0	0	0
859_860	CTTACCGGTCGTCTTC-13	0	0	0	0	0	0	0	0	0	0	0	0	0	0	0	0	0	0	0	0
859_860	CAGCATATCTCCCTGA-13	0	0	0	0	0	1	0	0	0	0	0	0	0	0	1	0	0	0	0	0
859_860	CCTTTCTTCCGCAAGC-13	0	0	0	0	0	1	0	0	0	0	0	0	1	1	0	1	0	2	1	0
859_860	GTGCGGTTCCTTGGTC-13	0	0	0	0	0	0	0	0	0	0	0	1	0	0	0	0	0	0	0	0
859_860	CATCCACCATCACGAT-13	1	0	0	0	0	0	0	0	0	0	1	0	0	0	0	0	0	0	0	0
859_860	CATCCACAGCTGGAAC-13	0	0	0	0	0	0	0	0	2	0	1	0	0	0	0	0	0	0	0	0
859_860	ATGAGGGTCAATAAGG-13	0	0	0	0	0	0	0	0	0	1	0	0	0	0	0	0	0	2	0	0
859_860	CCACCTAAGAGCTGGT-13	0	0	0	0	0	0	0	0	0	0	0	0	1	0	0	0	0	0	1	0
859_860	GTTACAGGTGACAAAT-13	1	0	0	0	0	0	0	0	0	0	0	0	0	0	0	1	0	0	0	0
859_860	CCACGGAAGGTGCACA-13	0	0	0	0	0	0	0	0	0	0	1	0	0	0	0	0	0	0	0	0
859_860	GTCATTTGTCCAAGTT-13	0	0	0	0	2	0	0	0	0	0	0	0	0	0	0	0	0	0	1	0
859_860	CTGTTTAAGTACTTGC-13	0	0	0	0	0	0	0	0	0	0	0	0	0	0	0	0	0	0	2	0
859_860	CGTAGGCTCCACGAAT-13	0	0	0	0	0	1	0	0	0	0	0	0	0	0	0	0	0	0	0	0
859_860	TGGTTAGGTAGCCTAT-13	0	0	0	0	0	0	0	0	0	0	0	0	0	0	0	0	0	0	0	0
859_860	TGACAACGTAAATACG-13	0	0	0	0	0	0	0	0	0	0	0	0	0	0	0	0	0	1	0	0
859_860	TCATTACTCAGCGACC-13	0	0	0	0	0	0	0	0	0	0	0	0	0	0	0	0	0	0	0	0
859_860	CCACCTAAGAGGACGG-13	0	0	0	0	0	1	0	0	0	0	1	0	0	1	0	0	0	0	0	0
859_860	TTCGGTCTCATATCGG-13	0	0	0	0	0	0	0	0	0	0	0	0	0	0	0	0	0	0	0	0
859_860	GGTGAAGAGGCACATG-13	0	0	0	0	0	0	0	0	0	0	0	0	0	0	0	0	0	1	1	0
859_860	AACTCAGAGTGAATTG-13	0	0	0	0	0	0	0	0	0	0	0	0	0	0	0	0	0	0	0	0
859_860	ACCCACTTCTCCTATA-13	1	0	0	0	0	0	0	0	0	0	0	0	1	0	0	0	0	0	0	0
859_860	CACCAGGGTATAAACG-13	0	0	0	0	0	0	1	0	0	0	0	0	0	0	0	0	0	0	0	0
859_860	TACGGTATCAACACTG-13	0	0	0	0	0	0	1	0	0	0	0	0	0	0	0	0	0	0	0	1
859_860	GTGCAGCAGAGACTAT-13	0	0	0	0	0	1	0	0	0	0	0	0	0	0	0	0	0	0	0	0
859_860	TTTGGTTCAATGTTGC-13	0	0	0	0	0	0	0	0	0	0	0	0	0	0	0	0	0	0	0	1
859_860	GGACGTCAGTGGAGTC-13	0	0	0	0	0	0	0	0	0	0	0	0	0	0	0	0	0	1	0	0
859_860	GATGAGGAGACACTAA-13	0	0	0	0	0	0	0	1	0	0	0	0	0	0	0	0	0	0	0	0
859_860	TACTCATTCAAAGTAG-13	0	0	0	0	0	0	0	0	0	0	0	0	1	0	0	0	1	0	0	0
859_860	CCTTCGACATTCTTAC-13	0	0	0	0	0	0	0	0	0	0	0	0	0	0	0	0	0	0	0	0
859_860	CGAGCACCAATCCAAC-13	0	0	0	0	0	0	0	0	0	0	0	0	0	0	0	0	0	1	0	0
859_860	GGAGCAAAGTAGTGCG-13	0	0	0	0	0	0	0	0	0	0	1	0	0	0	1	0	0	2	0	1
859_860	ACGCCAGGTGTGCCTG-13	0	0	0	0	0	0	1	0	0	0	0	0	0	0	0	0	0	0	0	0
859_860	ATCTGCCAGAGGTTAT-13	0	0	0	0	0	0	0	0	0	0	1	0	1	0	0	0	0	1	0	0
859_860	GTGGGTCTCACCCTCA-13	0	0	0	0	1	0	0	0	0	0	0	0	0	0	0	0	0	0	0	0
859_860	TTGTAGGCACCTATCC-13	0	0	0	0	0	0	0	0	0	0	0	0	0	0	1	0	0	1	0	0
859_860	ACGCAGCCACCATCCT-13	0	0	0	0	0	0	0	0	0	0	0	0	0	0	0	0	0	0	0	0
859_860	ATCGAGTAGAGTTGGC-13	0	0	0	0	0	0	0	0	0	0	0	0	0	0	0	0	0	0	0	0
859_860	GATGCTACAGCCACCA-13	0	0	0	0	0	0	0	0	0	0	0	0	0	0	0	0	0	0	0	0
859_860	TGCCAAACAGTCACTA-13	0	0	0	0	1	0	0	0	0	0	0	0	0	0	0	1	0	0	0	0
860_861	TGGGCGTTCTGTCTAT-14	0	0	0	0	0	0	0	0	0	0	1	0	1	0	0	0	0	0	0	0
860_861	CTCACACGTGAGTATA-14	0	0	0	0	0	0	0	0	0	0	0	0	0	0	0	0	0	0	0	0
860_861	CGAACATCAAAGCGGT-14	0	0	0	0	0	1	2	0	0	0	0	0	1	0	0	0	0	1	0	0
860_861	ACGGGCTTCCGTTGCT-14	0	0	0	0	0	0	0	0	0	0	0	0	0	0	0	0	0	0	0	0
860_861	GACCTGGCATGACATC-14	0	0	0	0	0	0	0	0	0	0	0	0	0	0	0	0	1	0	0	0
860_861	GGAGCAAGTCATGCAT-14	0	0	0	0	0	0	0	0	0	0	0	0	0	0	0	0	0	0	0	0
860_861	ACGGCCAGTGAGGGTT-14	0	0	0	0	0	0	0	0	0	0	0	0	0	0	0	0	0	1	0	0
860_861	GCAATCAGTAGGGTAC-14	0	0	0	0	0	0	0	0	0	0	0	0	0	0	0	0	0	0	0	0
860_861	TCATTTGAGAAGGCCT-14	0	0	0	0	0	0	0	0	0	0	0	0	0	0	0	0	0	0	0	0
860_861	CCTTACGCAGATGGCA-14	0	0	0	0	0	0	0	0	0	0	0	0	0	0	0	0	0	0	0	0
860_861	CGATTGAGTCAATGTC-14	0	0	0	0	0	0	0	0	0	0	0	0	1	0	0	0	0	1	0	0
860_861	AGTCTTTAGCGATATA-14	0	0	0	0	0	0	0	0	0	0	0	0	0	0	0	0	0	0	0	0
860_861	CGAGCACGTCGAGTTT-14	0	0	0	0	0	0	0	0	0	0	0	0	0	0	0	0	0	0	0	0
860_861	ATGAGGGTCCGTAGGC-14	0	0	0	0	0	1	0	0	0	0	0	0	0	0	0	0	0	0	0	0
860_861	ATGCGATAGGGTATCG-14	0	0	0	0	0	0	0	0	0	0	0	0	0	0	0	1	0	1	0	0
860_861	CAGCTGGCAGGATCGA-14	0	0	0	0	0	0	0	0	0	0	1	0	0	0	0	0	0	0	0	0
860_861	CGGACACAGTGTCCCG-14	0	0	0	0	0	2	1	0	0	0	0	0	0	0	0	0	0	0	0	0
860_861	CAGCTAAGTTTCGCTC-14	0	0	0	0	0	0	0	0	0	0	0	0	0	0	0	0	0	0	0	0
860_861	TTCTTAGGTGCGAAAC-14	0	0	0	0	0	1	0	0	0	0	0	0	0	0	0	0	0	0	0	1
860_861	GTTAAGCCAACACGCC-14	0	0	0	0	0	0	1	0	0	0	0	0	1	0	0	0	0	0	0	0
860_861	GTACTTTGTTTAAGCC-14	0	0	1	0	0	0	0	0	0	0	0	0	1	0	0	0	0	0	0	0
860_861	CTCTACGAGTGCTGCC-14	0	0	0	0	0	0	0	0	0	0	0	0	0	0	0	1	0	0	0	0
860_861	CAGAGAGGTCTAGCCG-14	0	0	0	0	0	0	0	0	1	0	0	0	0	0	0	0	0	0	0	0
860_861	AAACCTGCACCTGGTG-14	0	0	0	0	0	0	0	0	0	0	0	0	0	0	0	0	0	0	0	0
860_861	GTGCGGTTCGGTGTTA-14	0	0	0	0	0	0	0	0	0	0	0	0	0	0	0	0	0	0	0	0
860_861	CTCCTAGGTATGAAAC-14	0	0	0	0	0	0	0	0	0	0	0	0	0	0	0	0	0	0	0	0
860_861	CACAGGCAGGTTACCT-14	0	0	0	0	0	0	0	0	0	0	3	0	0	0	0	0	0	1	0	0
860_861	CTCGAAAAGCTAGTTC-14	0	0	0	0	0	0	2	0	0	0	0	0	0	0	0	0	0	0	0	0
860_861	CACACTCTCGGATGTT-14	0	0	0	0	0	0	1	0	0	0	1	0	0	0	0	0	0	0	0	0
860_861	GATGAGGGTTCGCGAC-14	0	0	0	0	0	0	0	0	0	0	0	0	0	0	0	0	0	0	0	0
860_861	CAAGATCAGAAGGTGA-14	0	0	0	0	0	1	0	0	0	0	0	0	0	0	0	0	0	0	0	0
860_861	GTCATTTGTTCAGGCC-14	0	0	0	0	0	0	0	0	0	0	0	0	0	0	0	0	0	0	0	0
860_861	AAGCCGCTCACCAGGC-14	0	0	0	0	1	0	0	0	0	0	0	0	0	0	0	0	0	1	0	0
860_861	TCGGGACAGTGAACGC-14	0	0	0	0	0	0	0	0	0	0	0	0	2	0	0	0	0	0	0	0
860_861	CGATTGAAGACCTAGG-14	0	0	0	0	0	0	1	0	0	0	0	0	1	0	0	0	0	0	0	0
860_861	CATATGGCACAGGAGT-14	0	0	0	0	0	0	1	0	0	0	0	0	0	0	0	0	1	0	0	0
860_861	ACATACGCAAGCTGGA-14	0	0	0	0	0	0	0	0	0	0	1	0	0	0	0	0	0	0	0	0
860_861	TTTGGTTTCCGCGGTA-14	0	0	0	0	0	0	0	0	0	0	0	0	0	0	0	0	0	0	0	0
860_861	AACCGCGTCCTGCAGG-14	0	0	0	0	0	0	0	1	0	0	0	0	0	0	0	0	1	0	0	0
860_861	ACTGAACAGGACCACA-14	0	0	0	0	0	0	0	0	0	0	0	0	1	0	0	0	0	0	2	1
860_861	GCTGCGACATTTGCTT-14	0	0	0	0	0	0	0	0	0	0	1	0	0	0	0	0	0	0	0	0
860_861	CCGTGGAAGGCCCTCA-14	0	0	0	0	0	0	0	0	0	0	0	0	0	0	0	0	0	0	0	0
860_861	GACTACACACCTCGTT-14	0	0	0	0	0	0	0	0	0	0	0	0	0	0	0	0	0	0	0	0
860_861	CCCATACAGTCCGTAT-14	0	0	0	0	0	0	2	0	0	0	0	0	0	0	0	0	0	1	0	0
860_861	TTCGGTCGTTGTACAC-14	0	1	0	0	0	0	0	0	0	0	0	0	0	0	0	0	0	0	0	0
860_861	TAGCCGGCAGTCAGAG-14	0	0	0	0	0	0	0	0	0	0	0	0	0	0	0	0	0	0	0	0
860_861	CATCAAGGTCATTAGC-14	0	0	0	0	0	1	0	0	0	0	0	0	0	0	0	0	0	0	0	0
860_861	TACTTGTTCTCTGAGA-14	0	0	0	0	0	0	0	0	1	0	0	0	0	0	0	0	0	0	0	0
860_861	AGGTCCGTCACATGCA-14	0	0	0	0	0	0	1	0	0	0	1	0	0	0	0	1	0	0	1	0
860_861	CCACGGATCAACACAC-14	0	0	0	0	0	0	0	0	0	0	0	0	0	0	0	0	0	0	1	0
860_861	TACTCATAGACTTGAA-14	0	0	0	0	0	0	0	0	1	0	0	0	0	0	0	0	0	1	0	0
860_861	CCAATCCTCCAATGGT-14	0	0	0	0	1	0	0	0	0	0	1	0	0	0	0	0	0	0	0	0
860_861	ACTGAACTCCCTCTTT-14	0	0	0	0	0	0	0	0	0	0	0	0	1	0	0	0	0	0	1	0
860_861	CATTCGCTCAAACCGT-14	0	0	0	0	0	0	0	0	0	0	0	0	0	0	0	0	0	0	0	0
860_861	CGTCAGGTCCTGCCAT-14	0	0	0	0	0	0	0	0	0	0	0	0	0	0	0	0	0	1	0	0
860_861	CGGTTAACAAACGTGG-14	0	0	0	0	0	0	0	0	0	0	0	0	1	0	0	0	0	1	0	0
860_861	GACTAACAGGACCACA-14	0	0	0	0	0	0	0	0	0	0	0	0	1	0	0	0	0	0	0	0
860_861	CATCGAAGTATAATGG-14	0	0	0	0	0	0	0	0	0	0	0	0	0	0	0	1	0	0	0	0
860_861	CGGGTCATCATATCGG-14	1	0	0	0	0	0	0	0	0	0	0	0	0	0	0	0	0	0	0	0
860_861	GCTGGGTCACCAGGTC-14	0	0	0	0	0	0	1	0	0	0	1	0	0	0	0	0	0	0	0	0
860_861	ACACCGGTCCTAAGTG-14	0	0	0	0	0	0	1	0	0	0	0	0	0	0	0	0	0	0	0	0
861_862	GATCGCGTCGTTGACA-14	0	0	0	0	0	0	0	0	0	0	0	0	0	0	0	0	0	0	0	0
861_862	GAGCAGATCCGGGTGT-14	0	0	0	0	0	0	0	0	0	0	0	0	0	0	0	0	0	0	0	1
861_862	TGAGGGAAGACCACGA-14	0	0	0	0	0	0	10	0	0	0	0	0	0	0	0	0	0	0	0	0
861_862	CTGTGCTGTACCAGTT-14	0	0	0	0	0	0	0	0	0	0	0	0	0	0	0	0	0	1	0	0
861_862	TGATTTCCAATAAGCA-14	0	0	0	0	0	0	0	0	0	0	0	0	0	0	0	0	0	0	0	0
861_862	CAAGTTGGTCTTGATG-14	0	0	0	0	0	1	1	0	0	0	0	0	1	1	0	0	0	0	0	0
861_862	TGACTAGGTTTCGCTC-14	0	0	0	0	0	1	0	0	0	0	0	0	0	0	0	0	0	0	0	0
861_862	TTGCGTCCATCGATTG-14	0	0	0	0	0	0	0	0	0	0	1	0	0	0	0	0	0	0	0	0
861_862	GCGCAACTCTGTCTCG-14	0	0	0	0	0	0	1	0	0	0	1	0	1	0	0	0	0	0	0	0
861_862	AAAGCAAGTACGCACC-14	0	0	0	0	0	0	0	0	0	0	1	0	0	0	0	0	0	0	0	0
861_862	TTGCGTCGTATTACCG-14	0	0	0	0	0	0	0	0	0	0	0	0	0	0	0	0	0	0	0	0
861_862	TGCGTGGTCTATCGCC-14	0	0	0	0	0	0	0	0	0	0	0	0	0	0	1	0	0	0	0	0
861_862	CAGAGAGTCATCACCC-14	0	0	0	0	0	0	0	0	0	0	0	0	0	0	0	0	0	0	0	0
861_862	TTGCCGTGTGCCTTGG-14	0	0	0	0	0	0	1	0	0	0	0	0	0	0	0	0	0	0	0	0
861_862	TAGTGGTAGACAGACC-14	0	0	0	0	0	0	0	0	0	0	0	0	0	0	0	0	0	0	0	0
861_862	ACACTGATCTGCAGTA-14	0	0	0	0	0	0	0	0	0	0	0	0	0	1	0	0	0	0	0	0
861_862	TCGAGGCCAAGGACAC-14	0	0	0	0	0	0	0	0	0	0	0	0	0	0	0	0	0	0	0	0
861_862	CAGCAGCAGGATATAC-14	0	0	0	0	0	0	0	0	0	0	0	0	0	0	0	0	0	1	1	0
861_862	TAGAGCTAGCCAACAG-14	0	0	0	0	0	0	0	0	0	0	0	0	0	0	0	0	0	0	0	0
861_862	CAGGTGCTCCGTCATC-14	1	0	0	0	0	0	0	0	0	0	0	0	0	0	0	0	0	0	1	0
861_862	GTCATTTGTAGCGTAG-14	0	0	0	0	0	0	0	0	0	0	0	0	1	0	0	0	0	0	0	0
861_862	TAGGCATGTCGGATCC-14	0	0	0	0	0	0	3	0	0	0	0	0	0	0	0	0	0	0	0	0
861_862	CGATGGCAGGAGTTTA-14	0	0	0	0	0	0	0	0	0	0	0	0	1	0	0	0	0	0	0	0
861_862	ACGGGTCAGAGACGAA-14	0	0	0	0	0	0	1	0	0	0	0	0	0	0	0	0	0	0	0	0
861_862	TTGCCGTAGCCGTCGT-14	0	0	1	0	0	0	0	0	0	0	1	0	0	0	0	0	0	0	1	0
861_862	TGGTTAGCATGCCCGA-14	0	0	0	1	1	0	0	0	0	0	0	0	1	0	0	0	0	0	0	0
861_862	AGTCTTTGTAGTGAAT-14	0	0	0	0	0	0	1	0	0	0	0	0	1	0	0	1	0	0	0	0
861_862	TCGTACCTCCCATTTA-14	0	0	0	0	0	0	0	0	0	0	0	0	0	0	0	0	0	1	0	0
861_862	TCTATTGTCGCCGTGA-14	0	0	0	0	0	0	1	0	0	0	0	0	0	0	0	0	0	0	0	0
861_862	CTCATTAAGCAACGGT-14	0	0	0	0	0	0	0	0	0	0	0	0	0	0	0	0	0	0	0	1
861_862	CCTTCCCAGCATCATC-14	0	0	0	0	0	0	1	0	0	0	0	0	0	0	0	1	0	1	0	0
861_862	CGACTTCCAAAGCGGT-14	0	0	0	0	0	0	0	0	0	0	0	0	0	0	0	0	0	0	0	1
861_862	ACCGTAAGTCGCGTGT-14	0	0	0	0	0	0	0	0	0	0	1	0	0	0	0	0	0	0	0	0
861_862	TTATGCTAGCGGATCA-14	0	0	0	0	0	0	0	0	0	0	0	0	0	0	0	0	0	0	1	0
861_862	TGGCGCAGTCCTAGCG-14	0	0	0	0	0	0	0	0	0	0	0	0	0	0	0	0	0	0	0	0
861_862	ATCCGAATCGGAGGTA-14	0	0	0	0	0	0	0	0	0	0	0	0	0	0	0	0	0	0	0	0
861_862	AGGCCACTCGGGAGTA-14	0	0	0	0	0	0	0	0	0	0	1	0	1	0	0	0	0	0	1	0
861_862	GGTGAAGTCGAGAGCA-14	0	0	0	0	0	0	0	0	0	0	0	0	0	0	0	0	0	0	0	0
861_862	TGGACGCCAAGTCATC-14	0	0	0	0	0	0	0	0	0	0	0	0	0	0	0	0	0	0	0	0
861_862	TAGTTGGGTGCCTTGG-14	0	0	0	0	0	0	1	0	1	0	0	0	0	0	0	0	0	0	0	0
861_862	AAACCTGTCCTTTCGG-14	0	0	0	0	0	1	0	0	0	0	0	0	0	0	0	0	0	1	0	0
861_862	CATGACACAATAACGA-14	0	0	0	0	0	0	0	0	0	0	0	0	0	0	0	0	0	0	0	0
861_862	CACTCCATCCTATGTT-14	0	0	0	0	0	0	0	0	0	0	0	0	0	0	0	1	0	1	0	0
861_862	GGATGTTCAGATGAGC-14	1	0	0	0	0	1	0	0	0	0	0	0	0	0	0	0	0	2	0	0
861_862	GTGCTTCCAGGGTACA-14	0	0	0	0	0	0	0	0	0	0	0	0	0	0	0	0	0	0	0	0
861_862	GTTACAGCAGGATTGG-14	0	0	0	0	0	1	0	0	0	0	0	0	0	0	0	0	0	0	0	0
861_862	GACGTTATCATCGGAT-14	0	0	0	0	0	0	0	0	0	0	0	0	0	0	1	0	0	0	0	0
861_862	CCCTCCTTCCGCATAA-14	0	0	0	0	0	2	0	0	0	0	0	0	0	0	0	0	0	0	0	0
861_862	TAAGAGAGTGAGTGAC-14	0	0	0	0	0	0	0	0	0	0	0	0	0	0	0	0	0	0	1	0
861_862	CCATTCGAGGGCTTCC-14	0	0	0	0	0	1	0	0	0	0	0	0	0	0	1	0	0	1	0	0
861_862	GACCTGGAGATCTGAA-14	0	0	0	0	0	0	0	0	0	0	0	0	0	0	0	0	0	0	0	0
861_862	ACTTGTTGTTGGTTTG-14	0	0	0	0	0	0	0	0	0	0	0	0	0	0	0	0	0	0	0	0
861_862	TAAGAGATCACAATGC-14	0	0	0	0	0	1	0	0	0	0	0	0	0	0	0	0	0	0	0	0
861_862	GAAACTCCACTCTGTC-14	0	0	0	0	0	0	0	0	0	0	0	0	0	0	0	0	0	0	0	1
861_862	CGTCAGGGTATGGTTC-14	0	0	0	0	0	0	0	0	0	0	0	0	0	0	0	0	0	0	0	0
861_862	GCCAAATGTACCGGCT-14	0	0	0	0	1	0	1	0	0	0	0	0	1	1	1	0	1	1	0	0
861_862	CGGAGCTCACATAACC-14	0	0	0	0	0	0	0	0	0	0	0	0	0	0	0	0	0	1	0	0
861_862	GTGGGTCTCTAACGGT-14	0	0	0	0	0	0	0	0	0	0	0	0	0	0	0	0	0	0	0	0
861_862	TACACGATCTAACTCT-14	0	0	0	0	0	0	0	0	0	0	0	0	0	0	0	0	0	0	0	0
862_863	ACTTACTAGGCTCATT-14	0	0	0	0	0	0	0	0	0	0	0	0	0	0	0	0	0	0	0	1
862_863	TGGGCGTTCGCCCTTA-14	0	0	0	0	0	0	0	0	0	0	0	0	1	0	0	0	0	0	0	0
862_863	TATCTCACAGGCAGTA-14	0	0	0	0	0	0	0	0	0	0	0	0	0	0	0	0	0	0	0	0
862_863	TATGCCCAGGCAATTA-14	0	0	0	1	0	0	0	0	0	0	1	0	0	0	0	0	0	0	0	0
862_863	CGGACACTCGCGTAGC-14	0	0	0	0	1	0	0	0	0	0	0	0	0	0	0	0	0	0	0	0
862_863	AGGCCACCACTGTCGG-14	0	0	0	0	0	0	1	0	0	0	0	0	0	0	0	0	0	1	0	0
862_863	CGAGAAGTCAACCAAC-14	0	0	0	0	0	1	0	0	0	0	0	0	0	0	0	0	1	0	1	0
862_863	CTTGGCTGTAGCGTAG-14	0	0	0	0	0	0	0	0	0	0	0	0	0	0	0	0	0	0	0	0
862_863	CGAGCACTCTGGCGAC-14	0	0	0	0	0	0	1	0	0	0	0	0	0	0	0	0	0	2	0	0
862_863	AGCTCTCAGCTTCGCG-14	0	0	0	0	0	0	0	0	0	0	0	0	0	0	0	0	0	1	0	0
862_863	GGTGCGTTCCTTGCCA-14	0	0	0	0	0	0	0	0	0	0	0	0	0	0	0	0	0	1	0	0
862_863	CGGAGCTCACCTCGTT-14	0	0	0	0	0	0	0	0	0	0	0	0	0	0	0	0	0	0	0	0
862_863	CGAGCCACAGCTTCGG-14	0	0	0	0	0	1	0	0	0	0	0	0	0	0	0	0	0	0	0	1
862_863	CGAGCACAGATCTGCT-14	0	0	0	0	0	1	0	0	0	0	0	0	0	0	0	0	0	0	0	0
862_863	GGCGTGTGTCGACTAT-14	0	0	0	0	0	0	1	0	0	0	0	0	0	0	0	0	0	0	0	0
862_863	AGGCCGTAGTACGTAA-14	0	0	1	0	0	0	0	0	0	0	0	0	1	0	0	1	0	0	0	0
862_863	TGGGCGTAGCCCAACC-14	0	0	0	0	0	0	0	0	0	0	0	0	0	0	0	0	0	0	0	0
862_863	CTTCTCTGTGATGTGG-14	0	0	0	0	0	0	0	0	0	0	0	0	0	0	0	0	0	1	0	0
862_863	GGGCATCCAGCATGAG-14	0	0	0	1	0	0	0	0	0	0	0	0	0	0	0	0	0	1	0	0
862_863	TGCCCTATCACGCGGT-14	0	0	0	0	0	1	0	0	0	0	0	0	0	0	1	0	0	0	0	0
862_863	GACTACATCAACGCTA-14	0	0	0	0	0	0	0	0	0	0	0	0	1	0	0	0	0	1	0	0
862_863	TACAGTGAGATCGGGT-14	0	0	0	0	0	0	0	0	0	0	0	0	0	0	0	0	0	0	0	0
862_863	ACTGTCCGTAGCTCCG-14	0	0	0	0	0	0	0	0	0	0	0	0	0	0	0	0	0	0	0	0
862_863	GGTGAAGGTTTGTGTG-14	0	0	0	0	0	0	0	0	0	0	0	0	0	0	0	0	0	0	0	0
862_863	GATCGCGAGAGTCTGG-14	0	0	0	0	0	1	0	0	0	0	0	0	1	0	0	0	0	2	0	0
862_863	AGGGATGGTCTTCGTC-14	0	0	0	0	0	0	0	0	0	0	0	0	1	0	0	0	0	1	0	1
862_863	AGCTCCTAGACCCACC-14	0	0	0	0	0	0	0	0	0	0	0	0	0	0	0	0	0	0	0	0
862_863	TGGCTGGAGAGTTGGC-14	0	0	0	0	0	0	0	0	0	0	0	0	0	0	0	0	0	1	0	0
862_863	GATCGCGCAAAGCAAT-14	0	0	0	0	0	1	0	0	0	0	0	0	0	0	0	1	1	0	1	0
862_863	TGGGCGTTCCACTGGG-14	0	0	0	0	0	0	0	0	0	0	0	0	1	0	0	0	0	1	0	0
862_863	TGGCGCACAGACAAAT-14	0	0	0	0	0	1	0	0	0	0	1	0	0	0	0	0	1	0	0	0
862_863	CGGACTGTCTGGGCCA-14	0	0	0	0	0	0	0	0	0	0	0	0	0	0	0	0	0	0	0	0
862_863	AACCGCGAGTCTCGGC-14	0	0	0	0	0	0	0	0	0	0	0	0	0	0	0	1	0	1	0	0
862_863	GACGGCTCAACACCTA-14	0	0	0	0	0	0	0	0	0	0	0	0	0	0	0	0	0	0	0	0
862_863	GTTTCTAGTTAAGAAC-14	0	0	0	1	0	0	0	0	0	0	0	0	0	0	0	0	0	0	0	0
862_863	TACGGGCTCCGTTGTC-14	0	0	0	0	0	0	0	0	0	0	0	0	0	0	0	0	0	0	0	0
862_863	AGAATAGTCGGATGGA-14	0	0	0	0	0	0	0	0	0	0	0	0	0	0	0	0	0	0	0	0
862_863	CGATGTACAGGAACGT-14	0	0	0	0	0	0	0	0	0	0	0	0	0	0	0	0	0	0	1	1
862_863	CGTGAGCAGCGTGAAC-14	0	0	0	0	0	1	1	0	0	0	0	0	1	0	0	1	0	0	0	1
862_863	CGTCTACAGGTAGCCA-14	0	0	0	0	0	0	0	0	0	0	1	0	0	0	0	0	0	1	0	0
862_863	TAGCCGGGTCGCGAAA-14	0	0	0	0	0	0	0	0	0	0	0	0	0	0	0	0	0	0	0	0
862_863	GTCACGGAGCGTGTCC-14	0	0	0	0	0	0	1	0	0	0	0	0	0	0	0	0	0	1	0	0
862_863	TACTTGTCAACACCCG-14	0	0	0	0	0	0	0	0	0	0	0	0	0	0	0	0	0	0	0	0
862_863	CGATTGAGTCGCGTGT-14	1	0	0	0	0	0	0	1	0	0	0	0	0	0	0	0	0	1	0	0
862_863	CGCGGTATCGCGTAGC-14	0	0	0	0	0	0	0	0	0	0	0	0	0	0	0	0	0	2	1	0
862_863	GTGGGTCTCAAGAAGT-14	0	0	0	0	0	0	0	0	0	0	0	0	0	0	0	0	0	0	0	0
862_863	GTCCTCAAGTTTCCTT-14	0	0	0	0	0	0	0	0	0	0	0	0	1	0	0	0	0	1	0	0
862_863	TACTTACAGGCCCTTG-14	0	0	0	0	0	0	0	0	0	0	0	0	0	0	0	1	0	0	1	0
862_863	TACTCATGTCTCCACT-14	0	0	0	0	0	0	0	0	0	0	1	0	0	0	0	1	0	0	0	0
862_863	GAAATGAGTCTAGGTT-14	0	0	0	0	0	0	0	0	0	0	0	0	0	0	0	0	0	1	0	0
862_863	AGACGTTGTAGCTTGT-14	0	0	0	0	0	0	0	0	0	0	0	0	0	0	0	0	0	0	0	0
862_863	TACGGTATCTACCAGA-14	0	0	0	0	0	0	0	0	0	0	0	0	0	0	0	0	0	1	0	0
862_863	CGTAGCGGTCGACTAT-14	0	0	0	0	0	0	0	0	1	0	0	0	0	0	0	0	0	0	0	0
862_863	TACGGGCAGGCTAGCA-14	0	0	0	0	0	0	0	0	0	0	0	0	0	0	0	0	0	1	1	0
862_863	GTGTTAGCATACCATG-14	0	0	0	0	0	0	0	0	0	0	0	0	0	0	0	0	0	0	1	0
862_863	CGATGGCTCGACGGAA-14	0	0	0	0	0	1	0	0	0	0	0	0	0	0	0	0	0	0	0	0
862_863	GACCTGGCAGGTTTCA-14	0	0	0	0	0	0	0	0	0	0	0	0	0	0	0	0	0	1	0	0
862_863	GTACGTAGTCCTGCTT-14	0	0	0	0	0	0	0	0	0	0	0	0	0	0	0	0	0	1	0	0
862_863	CGATCGGAGTCAAGGC-14	0	0	0	0	0	0	0	0	1	0	1	0	0	0	0	0	0	0	0	0
862_863	ACTTTCATCCTTGCCA-14	0	0	0	0	0	0	0	0	0	0	0	0	0	0	0	0	0	0	0	0
862_863	GTTACAGTCCAAAGTC-14	0	0	0	0	0	0	1	0	0	0	1	0	0	0	0	0	1	0	0	0
862_863	GTAGGCCGTTGAGGTG-14	0	0	0	0	0	0	0	0	0	0	0	0	0	0	0	0	0	0	0	0
862_863	TTTACTGCAATAGCGG-14	0	0	0	0	0	0	2	1	0	0	0	0	2	0	0	0	0	1	1	0
862_863	TGCGCAGGTAATCGTC-14	0	0	0	1	0	0	0	0	0	0	0	0	0	0	0	0	0	1	0	0
862_863	GTAACGTTCTTTAGTC-14	0	0	0	0	0	0	0	0	0	0	1	0	0	0	0	0	0	0	0	0
862_863	GTTACAGCATCCGTGG-14	0	0	0	0	0	0	0	0	0	0	0	0	0	0	0	0	0	0	0	0
862_863	CGATGGCTCATCACCC-14	0	0	0	0	0	0	0	0	0	0	0	0	0	0	0	0	0	0	0	0
862_863	TACCTATTCATTTGGG-14	0	0	0	0	0	0	0	0	0	0	0	0	0	0	0	0	0	0	0	0
862_863	TTTGTCAGTACCGTAT-14	0	0	0	0	0	0	0	0	0	0	0	0	1	0	0	0	0	1	0	0
862_863	AGAATAGAGGCTATCT-14	0	0	0	0	0	0	0	0	0	0	0	0	0	0	0	0	0	0	0	0
862_863	AGCATACCAAAGTGCG-14	0	0	0	0	0	0	0	0	0	0	0	0	1	0	0	0	0	0	0	1
862_863	ACGATGTTCAGAAATG-14	0	0	0	0	0	0	0	0	0	0	0	0	0	0	0	0	0	1	0	0
862_863	TACGGATGTAGGACAC-14	0	1	0	0	0	0	0	0	0	0	0	0	0	0	0	1	0	0	0	0
862_863	GTCAAGTAGCGACGTA-14	0	0	0	0	0	0	0	0	0	0	0	0	0	1	0	0	0	1	0	0
862_863	TGCTACCCAATCCAAC-14	0	0	0	0	0	0	0	0	0	0	0	0	0	0	0	0	0	0	0	0
862_863	AGCGGTCTCTTACCGC-14	0	0	0	0	0	1	0	0	0	0	0	0	0	0	0	0	0	0	1	0
862_863	GGAAAGCTCCCTCTTT-14	0	0	0	0	0	0	0	0	0	0	0	0	0	0	0	0	0	0	0	0
862_863	AGTCTTTTCCTCATTA-14	0	0	0	0	0	1	0	0	0	0	0	0	0	0	0	0	0	2	0	0
862_863	TCACGAACAGTCGTGC-14	0	0	0	0	0	0	0	0	0	0	0	0	0	0	0	0	0	1	0	0
862_863	GCATACATCTCACATT-14	0	1	0	0	0	0	1	0	0	0	0	0	0	0	0	0	0	0	0	0
862_863	TGAGCCGCAATGGAAT-14	0	0	0	0	0	0	0	0	0	0	0	0	0	0	0	0	0	1	0	0
862_863	CATCGGGAGTCGTTTG-14	0	0	0	0	0	0	0	0	0	0	0	0	1	0	0	0	0	0	1	0
862_863	CATCGAATCGACAGCC-14	0	0	0	0	0	0	0	0	0	0	0	0	0	0	0	0	1	0	0	0
862_863	CATCCACCATCGGACC-14	0	0	0	0	0	0	0	0	0	0	0	0	0	0	0	1	0	1	0	0
862_863	CTGATAGTCTCAAACG-14	0	0	1	0	0	0	0	0	0	0	0	0	1	0	0	0	0	0	0	0
862_863	CTGAAACTCTTGACGA-14	0	0	0	0	0	0	0	0	0	0	0	0	2	0	0	2	0	0	0	0
862_863	CAGCTGGCAGCGTCCA-14	0	0	0	0	0	0	0	0	0	0	0	0	0	0	0	0	0	2	0	0
862_863	AATCCAGCAGCTGGCT-14	1	0	0	0	0	0	0	0	0	0	0	0	0	0	0	0	0	0	0	0
862_863	CATGGCGTCCAGATCA-14	0	0	0	0	0	0	0	0	0	0	0	0	0	0	0	0	0	0	0	0
862_863	GACAGAGCACTTAACG-14	0	0	0	0	0	0	0	0	0	0	0	0	0	0	0	0	0	0	0	0
862_863	CAGCCGAAGTATCTCG-14	0	0	0	0	0	0	0	0	0	0	0	0	1	0	0	0	0	0	0	0
862_863	GACCAATTCCGCATCT-14	0	0	0	0	0	0	0	0	0	0	0	0	2	1	0	0	0	2	1	0
862_863	GCGACCATCTGATACG-14	0	0	0	0	0	0	0	0	0	0	0	0	0	0	0	1	0	0	0	0
862_863	CAGCATAGTACATGTC-14	0	0	0	0	0	0	0	0	0	0	0	0	0	0	0	0	0	0	0	0
862_863	CAGATCATCATACGGT-14	0	0	0	0	0	0	1	0	0	0	0	0	1	0	0	0	0	0	2	0
862_863	CTGTGCTAGCGTCAAG-14	0	0	0	0	0	1	1	0	0	0	1	0	2	0	1	0	0	0	1	0
862_863	CTGAAACCAGCGTCCA-14	0	0	0	0	0	0	0	0	0	0	0	0	0	0	0	1	0	1	0	0
862_863	TGAGGGATCTCAAGTG-14	0	0	0	0	0	0	0	0	0	0	0	0	0	0	0	0	0	0	1	0
862_863	TTGGAACGTGATGTGG-14	0	0	0	0	0	0	0	0	0	0	0	0	0	0	0	0	0	0	0	0
862_863	CACCTTGCACCGTTGG-14	1	0	0	0	0	0	0	0	0	0	1	0	0	0	0	0	0	1	0	0
862_863	CAGCTAACACCTATCC-14	0	0	0	0	0	1	0	0	0	0	0	0	0	0	0	0	0	0	1	0
862_863	TTGTAGGCATGATCCA-14	0	0	0	0	0	0	0	0	0	0	0	0	0	0	0	0	0	0	0	0
862_863	CCAATCCTCGACCAGC-14	0	0	0	0	0	0	0	0	0	0	0	0	0	0	0	0	0	0	0	0
862_863	CCACCTAAGTTTAGGA-14	0	0	0	0	0	0	0	0	0	0	0	0	0	0	0	0	0	0	0	0
862_863	GACTAACGTTTGGGCC-14	0	0	0	0	0	0	0	0	1	0	0	0	0	0	0	0	0	0	0	0
862_863	TGACGGCTCTCAAACG-14	0	0	0	0	0	0	0	0	0	0	0	0	0	0	0	0	0	0	0	0
862_863	CTGTGCTGTGAGTGAC-14	0	0	0	0	0	0	0	0	0	0	0	0	1	0	0	0	0	0	0	0
862_863	GCATGTACACAGAGGT-14	0	0	0	0	0	1	0	0	0	0	0	0	0	0	0	0	0	1	0	0
862_863	CTGCCTATCCTTGCCA-14	0	0	0	0	0	1	0	0	0	0	0	0	0	0	0	0	0	0	0	0
862_863	CCTTACGAGATAGCAT-14	0	0	0	0	0	0	0	0	0	0	0	0	0	0	0	0	0	0	0	1
862_863	TCACGAAGTCTCATCC-14	0	0	0	0	0	0	0	0	0	0	0	0	0	0	0	0	0	1	0	1
862_863	CCTCTGACATCACCCT-14	0	0	0	0	0	0	0	0	0	0	0	0	0	0	0	0	0	0	0	0
862_863	AATCGGTAGTCGTACT-14	0	0	0	0	0	0	0	0	0	0	0	0	0	0	0	0	0	0	0	0
862_863	CCTCAGTGTGTTCGAT-14	0	0	0	0	0	1	0	0	0	0	0	0	0	0	0	0	0	0	0	0
862_863	CCTAGCTGTAACGACG-14	0	0	0	0	0	0	0	0	0	0	0	0	0	0	0	0	0	0	0	0
862_863	AATCCAGTCAACACCA-14	0	0	0	0	0	0	0	0	0	0	0	0	1	0	0	0	0	1	1	2
862_863	TCAGATGCAACAACCT-14	0	0	0	0	0	0	0	0	0	0	0	0	0	0	0	0	0	0	0	0
862_863	CCGTTCAAGAAGGCCT-14	0	0	0	0	0	0	0	0	0	0	0	0	0	0	0	0	0	0	0	0
862_863	CTGCCTAGTACCGAGA-14	0	0	0	0	0	0	0	0	0	0	0	0	2	0	0	0	1	1	0	0
862_863	GAGCAGAAGAGGTTAT-14	0	0	0	0	0	0	0	0	0	0	1	0	0	0	0	0	0	0	0	0
862_863	GCATGTAAGCTCCTCT-14	0	0	0	0	0	0	0	0	0	0	0	0	0	0	0	0	0	0	1	0
862_863	ACACCCTTCCGAATGT-14	0	0	0	0	0	1	1	0	0	0	0	0	0	0	0	0	0	0	0	0
862_863	CCAGCGATCACATGCA-14	0	0	0	0	0	0	0	0	0	0	0	0	1	0	0	0	0	0	0	0
862_863	TCTTTCCAGTTAGCGG-14	0	0	0	0	0	0	0	0	0	0	0	0	1	0	0	0	0	0	0	0
862_863	CTGATCCTCTTCCTTC-14	0	0	0	1	0	0	0	0	0	0	0	0	1	0	0	0	0	0	1	0
862_863	CCACGGAGTAGGCTGA-14	0	0	0	0	0	1	0	0	0	0	1	0	0	0	0	1	0	0	1	0
862_863	CCACCTAGTCGGCACT-14	0	0	0	1	0	0	0	0	0	0	0	0	0	0	0	0	0	1	1	1
862_863	CACCAGGTCGTTACGA-14	0	0	0	0	0	0	0	1	0	0	0	0	0	0	0	0	0	0	0	0
862_863	CACATTTGTAGGCTGA-14	0	0	0	0	0	0	0	0	0	0	0	0	0	0	0	0	0	0	0	0
862_863	TTGGAACAGGCGTACA-14	0	0	0	0	0	0	0	0	0	0	0	0	0	0	0	0	0	0	0	0
862_863	CACACTCCACAGAGGT-14	0	0	0	0	0	1	0	0	0	0	0	0	0	0	0	0	0	0	0	0
862_863	GCGGGTTTCTGCGACG-14	0	0	0	0	0	0	0	0	0	0	0	0	1	0	0	0	0	0	0	0
862_863	ATGGGAGAGTTGCAGG-14	0	0	0	0	0	0	0	0	1	0	0	0	0	0	0	0	0	0	0	0
862_863	ACCAGTAGTAGCTAAA-14	0	0	0	0	0	0	0	0	0	0	0	0	0	0	0	0	0	0	0	0
862_863	TTCTCCTGTTCAGGCC-14	0	0	0	0	0	0	0	0	0	0	1	0	0	0	0	0	0	0	0	0
862_863	TTCGGTCGTTTACTCT-14	0	0	0	0	0	0	0	0	0	0	0	0	0	0	0	0	0	0	0	0
862_863	ATCCGAAAGCTCTCGG-14	0	0	0	0	0	0	0	0	0	1	1	0	0	0	0	0	0	1	0	1
862_863	TTCCCAGAGATGTGTA-14	0	0	0	0	0	0	0	0	0	0	0	0	0	0	0	1	0	0	0	0
862_863	AACTCTTTCTTAGCCC-14	0	0	0	0	0	0	0	0	0	0	0	0	0	0	0	0	0	0	0	0
862_863	GCTCTGTAGCGATAGC-14	0	0	0	0	1	1	0	0	0	0	1	0	1	0	0	1	0	1	0	1
862_863	GCTCTGTGTCTCTTAT-14	0	0	0	0	0	0	0	0	0	0	0	0	0	0	0	0	0	1	0	0
862_863	TCAGCTCTCGTCGTTC-14	0	0	0	0	0	0	0	0	0	0	0	0	0	0	0	0	0	0	0	0
862_863	AACTCTTAGGACATTA-14	0	0	0	0	0	0	1	0	0	0	0	0	0	0	0	0	0	0	0	0
862_863	GCTGCGACACGAAAGC-14	0	0	0	0	0	0	0	0	0	0	0	0	0	0	0	0	0	0	0	0
862_863	GCTGCTTAGGTAGCCA-14	0	0	0	0	0	0	0	0	0	0	0	0	0	0	0	0	0	2	0	0
862_863	GCTGGGTGTGATGTGG-14	0	0	0	0	0	0	0	0	0	0	0	0	0	0	0	0	0	0	0	0
862_863	AGTGGGAGTTGTGGAG-14	0	0	0	0	0	0	0	0	0	0	0	0	0	0	0	0	0	0	0	0
862_863	CGGAGCTCACGAAACG-14	0	0	1	0	0	0	0	0	0	0	0	0	0	0	0	1	0	0	0	0
862_863	TATTACCTCTGGCGTG-14	0	0	0	0	0	0	1	0	2	0	0	0	0	0	0	0	0	0	0	0
862_863	GGACAAGCATCGACGC-14	0	0	0	0	0	0	0	0	0	0	2	0	0	0	0	0	0	0	0	0
862_863	TGTATTCAGCAATCTC-14	0	0	0	0	0	0	0	0	0	0	0	0	0	0	0	0	0	2	0	0
862_863	GGACATTGTACTCGCG-14	0	0	0	0	0	1	1	0	0	0	0	0	1	0	0	0	0	0	0	0
862_863	CTCAGAAGTCCCGACA-14	0	0	0	0	0	0	0	0	0	0	1	0	0	0	0	0	0	0	0	0
862_863	TTAGGCAGTACCGGCT-14	0	0	0	0	0	0	0	0	0	0	0	0	0	0	0	0	0	1	0	0
862_863	TTTGCGCGTGCAGACA-14	0	0	0	0	0	0	0	0	0	0	0	0	0	0	0	1	0	0	0	0
862_863	GCTCCTACAGTCGATT-14	0	0	0	0	0	0	0	0	0	0	0	0	0	0	0	0	0	0	0	0
862_863	ATTGGACTCCATTCTA-14	0	0	0	0	0	0	0	0	0	0	0	0	0	0	0	0	0	0	0	0
862_863	CACACTCAGTCTTGCA-14	0	0	0	0	0	0	0	0	0	0	0	0	0	0	0	0	0	1	0	0
862_863	AAGCCGCTCTGCGGCA-14	0	0	0	0	0	0	0	0	0	0	0	0	0	0	0	0	0	0	0	0
862_863	TCTTCGGAGTCCGTAT-14	0	0	0	0	0	0	0	0	0	0	0	0	0	0	0	0	0	0	0	0
862_863	CTGGTCTGTAGCGTAG-14	0	0	0	0	0	0	0	0	0	0	0	0	0	0	0	0	0	0	0	0
862_863	CACACCTCATATGCTG-14	0	0	0	0	0	0	0	0	0	0	0	0	0	0	0	0	0	0	0	0
862_863	CACAAACCAGTGACAG-14	0	0	0	0	0	0	0	0	1	0	1	1	0	0	0	0	0	1	0	0
862_863	ATTATCCTCCTTGACC-14	0	0	0	0	0	0	0	0	0	0	0	0	0	0	0	1	0	1	1	0
862_863	GCGCGATCAAGTCTGT-14	0	0	0	0	0	0	0	0	0	0	0	0	0	0	0	0	0	1	0	0
862_863	CAAGGCCGTGCAACGA-14	0	0	1	0	0	0	0	0	0	0	0	0	0	0	0	0	0	1	0	0
862_863	CACAAACCAACACGCC-14	0	0	0	0	0	0	0	0	0	0	0	0	0	0	0	0	0	0	1	0
862_863	CGGCTAGAGTATCTCG-14	0	0	0	0	0	0	0	0	0	0	0	0	0	0	0	0	0	0	0	0
862_863	AAGCCGCAGGATGGAA-14	0	0	0	0	0	0	0	0	0	0	0	0	0	0	0	0	0	0	0	0
862_863	TTCTTAGTCGCCATAA-14	0	0	0	0	0	1	1	0	0	0	0	0	0	0	0	0	0	1	0	0
862_863	TTTATGCTCTCTTGAT-14	0	0	0	0	0	0	0	0	0	0	0	0	0	0	0	0	0	0	0	0
862_863	CAACTAGCATTGGTAC-14	0	0	0	0	0	0	0	0	0	0	0	0	0	0	0	0	0	0	0	0
862_863	AAGCCGCCAGTAGAGC-14	0	0	0	0	0	0	0	0	0	0	1	0	0	0	0	0	0	0	0	0
862_863	TCTTCGGAGGTAAACT-14	0	0	0	0	0	0	0	0	0	0	0	0	0	0	0	0	0	1	0	0
862_863	CAAGATCTCATGTCTT-14	0	0	0	0	0	0	1	0	0	0	0	0	0	0	1	0	0	0	1	0
863_864	AACCGCGGTAGCGTAG-14	0	0	0	0	0	0	0	0	0	0	0	0	0	0	0	0	0	0	0	0
863_864	GAATAAGCACGAAAGC-14	0	0	0	0	0	0	0	0	0	0	0	0	0	1	0	0	0	0	0	0
863_864	AAAGCAAGTGCGATAG-14	0	0	0	0	0	1	2	0	0	0	0	0	0	0	0	0	0	0	0	0
863_864	CTGAAGTCACTTAAGC-14	0	0	0	0	0	0	0	0	1	0	0	0	0	0	0	0	0	1	0	0
863_864	CTAAGACTCACTTCAT-14	0	0	0	0	0	1	0	0	0	0	0	0	0	0	0	0	0	1	0	1
863_864	ACGCCGATCGGACAAG-14	0	0	0	0	0	0	2	0	0	0	1	0	2	0	0	0	0	2	0	0
863_864	TGTGGTATCTTTACGT-14	0	0	0	0	0	1	0	0	0	0	0	0	0	0	0	0	0	1	0	0
863_864	TCAGATGAGCAGGTCA-14	0	0	0	0	0	0	0	0	0	0	0	0	0	0	0	0	0	1	0	0
863_864	GATGAAACAATCTGCA-14	0	0	0	0	0	0	0	0	0	0	0	0	0	0	0	0	0	0	0	0
863_864	GACAGAGCATCGATTG-14	0	0	0	0	0	0	0	0	0	0	0	0	0	0	0	0	0	0	0	0
863_864	TCAGGATTCGCCCTTA-14	0	0	0	0	0	0	0	0	0	0	0	0	0	0	0	1	0	0	0	0
863_864	GAACATCCATCGGGTC-14	0	0	0	0	0	0	0	0	0	0	1	0	0	1	0	0	0	0	0	0
863_864	ACGCCGAAGTGTTAGA-14	0	0	0	0	0	2	0	0	0	0	1	0	1	0	0	0	0	0	1	0
863_864	AATCCAGGTCCTAGCG-14	0	0	0	0	0	0	0	0	0	0	0	0	0	0	0	0	0	0	1	0
863_864	AGAGTGGAGTCTCAAC-14	0	0	0	1	0	0	0	0	0	0	0	0	0	0	0	0	0	0	0	0
863_864	TCGCGTTAGGCGACAT-14	0	0	0	0	0	0	1	0	0	0	0	0	0	0	0	0	0	0	0	0
863_864	GGCTGGTCAGATGGGT-14	0	0	0	0	0	0	0	0	0	0	1	0	0	0	0	0	0	0	0	0
863_864	ATAACGCTCTGTCTAT-14	0	0	0	1	0	0	1	0	0	0	0	0	0	0	0	0	0	0	0	0
863_864	GCCTCTAGTGCTTCTC-14	0	0	0	0	0	0	0	0	0	0	0	0	0	0	0	0	0	0	0	0
863_864	AGATTGCAGCGAGAAA-14	0	0	0	0	0	0	0	0	0	0	0	0	1	0	0	0	0	1	0	0
863_864	AGATTGCTCGGTTAAC-14	0	0	0	0	0	0	0	0	1	0	0	0	0	0	0	0	0	0	0	0
863_864	GGGACCTAGATCGGGT-14	0	0	0	0	0	0	1	0	0	0	0	0	0	0	0	0	0	0	0	0
863_864	ATCCACCTCTTAGAGC-14	0	0	0	0	0	0	0	0	0	0	2	0	0	1	0	1	0	4	0	0
863_864	GCATACACACATCTTT-14	0	0	0	0	0	0	0	0	0	0	0	0	0	0	0	0	0	0	0	0
863_864	GTCAAGTAGCATGGCA-14	0	0	0	0	0	1	0	0	0	0	0	0	0	0	0	0	0	0	1	0
863_864	CAGAATCTCTTACCGC-14	0	0	0	0	0	0	0	0	0	0	1	0	1	0	0	0	0	0	0	0
863_864	GGGTCTGCAGCCACCA-14	0	0	0	0	0	0	1	0	0	0	0	0	0	0	1	0	0	0	0	0
863_864	AGCGGTCAGTGCAAGC-14	0	0	0	0	0	1	0	0	0	0	0	0	0	0	0	0	0	1	0	0
863_864	AGCGGTCGTGCAGTAG-14	0	0	0	0	0	0	0	0	0	0	0	0	0	0	0	0	0	0	0	0
863_864	GCGCCAATCGTACGGC-14	0	0	0	0	0	1	0	0	0	0	0	0	0	0	0	1	0	0	0	0
863_864	CGACTTCTCCTGCCAT-14	0	0	0	0	0	0	0	0	0	0	1	0	0	0	0	0	0	0	0	0
863_864	CATTATCTCACAATGC-14	0	0	0	0	0	0	1	0	0	0	0	0	0	0	0	0	0	2	1	0
863_864	GTCACGGCAAGCTGTT-14	0	0	0	0	0	0	0	0	0	0	0	0	0	0	0	0	0	0	0	0
863_864	CACACCTAGCGTGTCC-14	0	0	0	0	0	0	0	0	0	0	1	0	0	0	0	0	0	0	0	0
863_864	CCATGTCAGTTACGGG-14	0	0	0	0	0	0	0	0	0	0	0	0	0	0	0	1	0	0	0	0
863_864	TTTGGTTAGTGAAGTT-14	0	0	0	0	0	0	0	0	0	0	0	0	0	0	0	1	0	0	0	0
863_864	GTCGTAAAGCGACGTA-14	0	0	0	0	0	0	0	0	0	0	0	0	0	0	0	0	0	0	0	0
863_864	GTGCAGCTCCGTAGGC-14	0	0	0	0	0	0	0	0	0	0	0	0	0	0	0	0	0	0	0	0
863_864	CCGTACTCAGACAAAT-14	0	0	0	0	0	0	0	0	0	0	1	0	0	0	0	0	0	0	1	0
863_864	GTTAAGCGTCGCGTGT-14	0	0	0	0	0	0	0	0	0	0	0	0	0	0	0	0	0	0	0	0
863_864	CCTTTCTTCTACTTAC-14	0	0	0	0	0	0	0	0	0	0	0	0	1	0	0	2	0	0	0	1
863_864	AGTCTTTTCCTAAGTG-14	0	0	0	0	1	0	4	0	0	0	0	0	0	0	0	0	0	0	0	1
863_864	AGAATAGTCAACCAAC-14	0	0	0	0	0	0	0	0	0	0	0	0	0	0	0	0	0	0	0	0
863_864	CCTACACGTCTGGTCG-14	0	0	0	0	1	0	0	0	0	0	0	0	0	0	0	0	0	0	0	0
864_865	CAACCAAAGTCCATAC-14	0	0	0	0	0	0	0	0	0	0	1	0	0	0	0	0	0	0	0	0
864_865	ACTTACTGTTACCAGT-14	0	0	0	0	0	0	0	0	0	0	0	0	0	0	0	0	0	0	0	0
864_865	ATGGGAGTCCTTGGTC-14	0	0	0	0	0	0	0	0	0	0	0	0	0	0	0	0	0	0	0	0
864_865	TCTGAGACATGGGAAC-14	0	0	0	0	0	0	0	0	0	0	0	0	1	0	0	1	0	2	0	0
864_865	TTCTACAGTCTTCAAG-14	0	0	0	0	0	0	0	0	0	0	0	0	0	0	0	0	0	0	0	0
864_865	TCGTACCTCAGGATCT-14	0	0	0	0	0	0	0	0	0	0	1	0	0	0	0	0	0	0	0	0
864_865	TGCCCATAGTTCGCAT-14	0	0	0	0	0	0	0	0	0	0	0	0	0	0	0	0	0	0	0	0
864_865	ACGAGGAGTACCGGCT-14	2	0	0	0	0	0	1	0	0	0	1	0	0	0	0	0	0	1	0	0
864_865	CCTTCCCAGAGACGAA-14	0	0	0	0	0	0	0	0	0	0	0	0	1	0	0	0	0	1	0	0
864_865	GACCAATTCCTGTACC-14	0	0	0	1	0	0	1	0	1	0	0	0	0	0	0	0	0	0	0	0
864_865	GCTCTGTGTCTGCGGT-14	0	0	0	0	0	0	1	0	0	0	0	0	0	0	0	0	0	0	0	0
864_865	GCTGCAGGTTCCGTCT-14	0	0	0	0	0	1	0	0	0	0	0	0	0	0	0	0	0	1	0	0
864_865	AGTTGGTCACGACGAA-14	0	0	0	0	0	0	0	0	0	0	0	0	1	0	0	0	0	1	0	0
864_865	CAAGATCCACACTGCG-14	0	0	0	0	0	0	0	0	0	0	1	0	0	0	0	1	0	1	0	0
864_865	AACTCCCCATGTCTCC-14	0	0	0	0	0	0	0	0	0	1	1	0	0	1	0	0	0	0	0	0
864_865	AGTGTCAGTGATGTGG-14	0	0	0	0	0	0	0	0	0	0	0	0	0	0	0	0	0	0	1	0
864_865	GCTGCGAAGGGCACTA-14	0	0	0	0	0	0	0	0	0	0	0	0	1	0	0	0	0	1	0	0
864_865	GCGCAGTGTCAAAGCG-14	0	0	0	0	0	0	0	0	0	0	1	0	0	0	0	0	0	0	0	0
864_865	TTGCCGTCAATCGAAA-14	0	0	0	0	0	0	0	0	0	0	2	0	0	0	0	0	0	0	0	1
864_865	TTTACTGAGAAGGACA-14	0	0	0	0	0	0	0	0	0	0	0	0	0	0	1	1	0	0	0	0
864_865	CCTCTGATCACGCGGT-14	0	0	0	0	0	0	0	0	0	0	0	0	0	0	0	0	0	0	1	0
864_865	CCTCTGAAGGTTCCTA-14	0	0	0	0	0	0	0	0	0	0	0	0	0	0	0	0	0	1	0	0
864_865	AATCGGTAGACTGGGT-14	0	0	0	0	0	0	0	0	0	0	0	0	0	0	0	0	0	0	0	0
864_865	CCTACCAAGTAATCCC-14	0	0	0	0	0	0	0	0	0	0	0	0	0	0	0	0	0	0	0	0
864_865	CCTACACGTTGCTCCT-14	0	0	0	0	0	0	0	0	0	0	0	0	0	0	0	0	0	0	0	0
864_865	CCGTTCAAGAAACCTA-14	0	0	0	0	0	0	0	0	0	0	0	0	0	0	0	0	0	0	0	0
864_865	TGAGCCGAGATCCTGT-14	0	0	0	0	0	0	0	0	0	0	0	0	0	0	0	1	0	0	0	0
864_865	CTGTTTATCAGAAATG-14	0	0	0	0	0	0	0	0	0	0	0	0	0	0	0	0	0	0	0	0
864_865	CCACGGAGTATAGGTA-14	0	0	0	0	1	0	2	0	0	0	2	0	0	0	1	0	0	1	0	0
864_865	CATGCCTGTGACGCCT-14	1	0	0	0	0	0	0	0	0	0	0	0	1	0	0	0	0	0	0	1
864_865	CATCAGAGTCTAGGTT-14	0	0	0	0	0	0	0	0	0	0	1	0	0	0	0	0	0	1	0	0
864_865	CATATTCGTGCCTTGG-14	0	0	0	0	0	0	0	0	0	0	0	0	0	0	0	0	0	0	0	0
864_865	CATATGGAGATTACCC-14	0	0	0	0	0	0	0	0	0	0	0	0	0	0	0	0	0	0	0	0
864_865	CAGCTGGAGTGCGATG-14	0	0	0	0	0	0	0	0	0	0	0	0	0	0	0	0	0	0	1	0
864_865	TTGGCAACAAAGCGGT-14	0	0	0	0	1	1	0	0	0	0	0	0	0	0	0	0	0	0	0	0
864_865	CAGCTAACATACGCTA-14	0	0	0	0	0	1	0	0	0	0	0	0	0	0	0	0	1	1	0	0
864_865	CAGATCAGTTGAGGTG-14	0	0	0	0	0	0	0	0	0	0	0	0	0	0	0	0	0	0	0	0
864_865	CAGAGAGCAATGGATA-14	0	0	0	0	0	0	0	0	1	0	0	0	0	1	0	0	0	1	0	0
864_865	GCGCAACCATCGATGT-14	0	0	0	0	0	0	0	0	0	0	0	0	0	0	0	0	0	0	0	0
864_865	CTCGGGATCACGATGT-14	0	0	0	0	0	0	0	0	0	0	0	0	0	1	0	0	0	0	0	0
864_865	GGACATTGTTATCGGT-14	0	0	0	0	0	0	0	0	0	0	0	0	0	0	0	0	0	0	0	0
864_865	CACAGTACAAGTAATG-14	0	0	0	0	0	0	1	0	0	0	0	0	1	0	0	0	0	1	0	0
864_865	AAGGAGCGTCTAGCGC-14	0	0	0	0	0	1	0	0	0	0	0	0	0	0	0	0	0	1	0	0
864_865	CACACTCAGGACAGAA-14	0	0	0	0	0	0	1	0	0	0	0	0	1	0	0	0	1	0	0	0
864_865	GCACTCTGTACCGGCT-14	0	0	0	0	0	1	1	0	0	0	0	0	1	0	0	0	0	2	0	0
864_865	GGAGCAATCTTATCTG-14	0	0	0	0	0	0	0	0	0	0	0	0	0	0	0	0	0	0	0	0
864_865	GGACAGAGTTCCACGG-14	0	0	0	0	0	0	0	0	0	0	0	0	0	0	0	0	0	0	0	0
864_865	ACGATGTAGGTGCTTT-14	0	0	0	0	0	1	0	0	0	0	1	0	0	0	0	0	0	0	0	0
864_865	GATGCTAGTGCCTGCA-14	0	0	0	0	0	0	0	0	0	0	0	0	0	0	0	0	0	0	0	0
864_865	AGCGTCGGTCTCTCTG-14	0	0	0	0	0	0	0	0	0	0	0	0	0	0	1	0	0	1	0	0
864_865	TCCACACCAGACAAGC-14	0	0	0	0	0	1	0	0	0	0	0	0	0	0	0	0	0	1	0	0
864_865	CGTTGGGAGTTGAGTA-14	0	0	0	0	0	0	0	0	1	0	0	0	0	0	0	0	0	0	0	0
864_865	TGGTTCCGTCTCTTTA-14	0	0	0	0	0	0	0	0	1	0	0	0	0	0	0	0	0	0	0	0
864_865	AGCATACTCCAAGCCG-14	0	0	0	0	0	0	0	0	0	0	0	0	1	2	0	0	0	0	0	0
864_865	CTGCTGTCACCCATGG-14	0	0	0	0	0	0	2	0	0	0	0	0	1	0	0	1	0	1	0	0
864_865	TCCCGATAGCAACGGT-14	0	0	0	0	0	0	0	0	0	0	0	0	0	0	0	0	0	0	0	0
864_865	GTCACAAAGAGTACAT-14	0	0	0	0	0	0	0	0	0	0	0	0	1	0	0	0	0	1	0	0
864_865	CGATGTAAGTTTAGGA-14	0	0	0	0	0	0	0	0	0	0	0	0	0	0	0	0	0	0	0	0
864_865	TAGGCATGTAGGGTAC-14	0	0	0	0	0	0	0	0	0	0	0	0	0	0	0	0	0	0	1	0
864_865	ACTATCTGTGCGGTAA-14	0	0	0	0	0	0	0	0	0	0	0	0	0	0	0	0	0	1	0	0
864_865	AGCAGCCAGCTCCTTC-14	0	0	0	0	0	0	0	0	0	0	0	0	0	0	0	0	0	0	0	0
864_865	AAAGATGTCCACGTGG-14	0	0	0	0	0	0	0	0	0	0	1	0	0	0	0	0	0	1	0	0
864_865	CGTCCATTCCCTCTTT-14	0	0	0	0	0	0	0	0	0	0	0	0	0	0	0	0	0	0	0	0
864_865	AGATCTGCACGCCAGT-14	1	0	0	0	0	0	0	0	0	0	0	0	0	0	0	1	0	0	1	0
864_865	TACTTGTCAACACGCC-14	0	0	0	0	0	0	0	0	0	0	0	0	0	0	0	0	0	0	0	0
864_865	TGAGAGGCATCGACGC-14	0	0	0	0	0	0	0	0	0	0	1	0	0	0	0	0	0	0	1	0
864_865	GTCGGGTCACTGCCAG-14	0	0	0	0	0	0	0	0	0	0	0	0	0	0	0	0	0	0	0	0
864_865	AAACCTGTCGAGAACG-14	0	0	0	0	0	0	0	0	0	0	0	0	0	0	0	1	0	0	0	1
864_865	GTGTGCGAGAGTGACC-14	0	0	0	0	0	0	0	0	1	0	0	0	1	0	0	0	0	0	0	0
864_865	ACTGCTCAGTTCGCAT-14	0	0	0	0	0	1	1	0	0	0	1	0	0	0	0	0	0	1	0	0
864_865	GTTCTCGTCGATCCCT-14	0	0	0	0	0	0	0	0	0	0	0	0	0	0	0	0	1	0	0	0
864_865	TCATTTGTCAGAGACG-14	0	0	0	0	0	0	0	0	0	0	0	0	1	0	0	0	0	1	0	0
864_865	GGTGTTATCGTGACAT-14	0	0	0	0	0	0	0	0	0	0	0	0	0	0	0	0	0	1	0	0
864_865	GTAGGCCTCTTGAGAC-14	0	0	0	0	0	0	0	0	0	0	0	0	0	0	0	0	0	0	0	0
864_865	TTTACTGAGGCGCTCT-14	0	0	0	0	0	0	1	1	0	0	0	0	1	0	0	0	2	1	1	0
864_865	GGCGACTTCTCGATGA-14	0	0	0	0	0	0	0	0	0	0	0	0	0	0	0	0	0	1	0	0
864_865	GGGACCTGTGGTCTCG-14	0	0	0	0	0	0	0	0	0	0	0	0	0	0	0	0	0	0	0	0
864_865	CTACCCAGTAAATGTG-14	0	0	0	0	0	0	0	0	0	1	0	0	0	0	0	0	0	0	0	0
864_865	TGGGAAGTCGGCTACG-14	0	0	0	0	0	0	0	0	0	0	0	0	0	0	0	0	0	0	0	0
864_865	AACCGCGCAGTGGGAT-14	0	0	0	0	0	0	0	0	0	0	0	0	0	0	0	0	0	0	1	0
864_865	CGACTTCAGACTTTCG-14	0	0	0	0	0	0	0	0	0	0	0	0	0	0	0	0	0	0	1	0
864_865	ACGGAGAAGATTACCC-14	0	0	0	0	0	0	0	0	0	0	0	0	0	0	0	0	0	1	0	0
864_865	CGAACATTCAGGCCCA-14	0	0	0	0	0	0	0	0	0	0	0	0	0	0	0	0	0	0	0	0
864_865	GGGACCTAGACAGGCT-14	0	0	0	0	0	0	1	0	0	0	0	0	0	0	0	0	0	1	0	0
865_866	CTAGTGACAACGCACC-14	0	0	0	0	0	0	0	0	0	0	0	0	0	0	0	0	0	1	0	0
865_866	CTGCGGACAGATGAGC-14	1	0	0	0	0	0	0	0	0	0	0	0	0	0	0	0	0	0	0	0
865_866	TGGTTCCCATAGGATA-14	0	0	0	0	0	0	0	0	0	0	0	0	0	0	0	0	0	0	0	0
865_866	TTGTAGGGTATAGGGC-14	0	0	0	0	0	0	0	0	0	0	1	0	0	0	0	2	0	0	0	0
865_866	CGCTGGATCCGGGTGT-14	0	0	0	0	0	0	0	0	0	0	0	0	0	0	0	0	0	0	0	0
865_866	CGAATGTTCTTCGGTC-14	0	0	0	0	0	0	0	0	0	0	0	0	0	0	0	0	0	3	0	1
865_866	TTAGGACAGATCCTGT-14	0	0	0	0	0	0	0	0	0	0	0	0	0	0	0	0	0	0	0	0
865_866	CGTCCATGTCGATTGT-14	0	0	0	0	0	0	0	0	0	0	0	0	1	0	0	1	0	0	0	0
865_866	CTGATCCTCGGCGGTT-14	0	0	0	0	0	0	0	0	0	0	0	1	1	0	0	0	0	0	0	0
865_866	CGGTTAAGTATAATGG-14	0	0	0	0	0	0	0	0	0	0	0	0	0	0	0	0	0	2	0	0
865_866	CGGTTAATCAACGCTA-14	0	0	0	0	0	0	0	0	0	0	1	1	0	0	0	0	0	1	0	0
865_866	CTCGAAAGTATCGCAT-14	0	0	0	0	0	0	0	0	0	0	0	0	0	0	0	0	0	0	0	0
865_866	CTCGAAAGTAGCTTGT-14	0	0	0	0	0	1	0	0	0	0	0	0	0	0	0	0	0	1	0	0
865_866	TTGGCAACATCACCCT-14	0	0	0	0	0	0	0	0	0	0	0	0	0	0	0	0	0	0	2	0
865_866	TGGTTAGCACCAGGCT-14	0	0	0	0	0	1	0	0	0	0	0	0	0	0	0	0	0	1	0	0
865_866	CGCTGGATCAGTGTTG-14	0	0	0	0	0	1	0	0	0	0	0	0	0	0	0	0	0	1	0	0
865_866	CGCTATCGTACCAGTT-14	0	0	0	0	0	0	0	0	0	0	0	0	0	0	0	0	0	0	0	0
865_866	GACGCGTCACACCGCA-14	0	0	0	0	0	1	1	0	0	1	1	0	0	0	0	1	0	0	0	0
865_866	TTGAACGCAGCTGCTG-14	0	0	0	0	0	0	0	0	0	0	0	0	0	0	0	0	0	0	0	0
865_866	TTAGTTCTCCAGAGGA-14	0	0	0	0	0	0	0	0	0	0	1	0	0	0	0	0	0	0	0	0
865_866	CTCGGAGAGTGAACGC-14	0	0	0	0	0	0	0	0	0	0	1	0	1	1	0	1	2	2	0	0
865_866	CTAATGGTCGGTGTCG-14	0	0	0	0	0	0	0	0	0	0	0	0	1	0	0	0	0	0	0	0
865_866	CTCGAGGCATCATCCC-14	0	0	0	0	0	0	0	0	0	0	0	0	1	0	0	0	0	0	0	0
865_866	GACGTGCGTGTTAAGA-14	0	0	0	0	0	0	0	0	0	0	0	0	0	1	0	0	0	0	0	0
865_866	CGACTTCTCAAACAAG-14	0	0	0	0	0	0	1	0	0	0	0	0	1	0	0	0	0	1	0	0
865_866	TGCTACCCATCGGAAG-14	0	0	0	0	0	0	0	0	0	0	0	0	0	0	0	0	0	1	0	0
865_866	CGACTTCGTTTACTCT-14	0	0	0	0	0	0	0	0	0	0	0	0	0	0	1	0	0	2	1	0
865_866	TTGCGTCCAGATCCAT-14	0	0	0	0	0	0	0	0	0	0	0	0	0	0	0	0	0	0	0	0
865_866	CGATCGGGTCTGATCA-14	0	0	0	0	0	0	0	0	0	0	0	0	0	0	0	0	0	2	0	0
865_866	CGTCTACAGACAGAGA-14	0	0	0	0	0	0	0	0	0	0	0	0	0	0	0	0	0	0	0	0
865_866	CTACCCAAGGGTTCCC-14	1	0	0	0	0	0	0	0	0	0	1	0	0	0	0	0	0	0	0	0
865_866	CTCGTACTCTGCAGTA-14	0	0	0	0	0	0	0	0	0	0	0	0	0	0	0	0	0	1	0	0
865_866	CTCGTCAAGAAGGTTT-14	0	0	0	0	0	0	0	0	0	0	0	0	0	0	0	0	0	0	1	0
865_866	TTCCCAGAGGCCATAG-14	0	0	0	0	0	1	1	0	0	0	0	0	0	0	0	0	0	0	1	0
865_866	TTGGAACGTGCAACGA-14	0	0	0	0	0	0	0	0	0	0	0	0	0	0	0	0	0	0	0	0
865_866	CTCTAATCATGCGCAC-14	0	0	0	0	0	0	0	0	0	0	0	0	0	0	0	0	0	0	0	0
865_866	CTCTACGAGAATAGGG-14	0	0	0	0	0	0	0	0	0	0	0	0	1	0	0	0	0	1	0	0
865_866	TTGGCAAAGGACACCA-14	0	0	0	0	0	0	0	0	0	0	0	0	0	0	0	0	0	0	0	0
865_866	CTCTGGTAGCTAACTC-14	0	0	0	0	0	0	1	0	0	0	0	0	0	0	0	0	0	0	0	0
865_866	CGAGAAGCAAATTGCC-14	0	0	0	0	0	0	0	0	0	0	2	0	0	0	0	0	0	0	0	0
865_866	CTCGGGATCGCGGATC-14	0	0	0	0	0	0	0	0	0	0	0	0	0	0	0	0	0	0	0	0
865_866	TGGGCGTCATGTAAGA-14	0	0	0	0	0	0	0	0	0	0	0	0	0	0	0	1	1	0	0	0
865_866	TGACTAGAGTACGATA-14	0	0	0	0	0	0	0	0	0	0	0	0	0	0	0	0	0	0	0	0
865_866	TTTGCGCTCGTAGGTT-14	0	0	0	0	0	0	0	0	0	0	0	0	0	0	0	0	0	1	0	1
865_866	ATTACTCTCCTTAATC-14	0	0	0	0	0	0	0	0	0	0	0	0	0	0	0	0	1	1	0	0
865_866	TCTGAGATCTGGTTCC-14	0	0	0	0	0	0	0	0	0	0	0	0	0	0	0	0	0	0	0	0
865_866	ATCTACTTCAGCATGT-14	0	0	0	0	1	0	0	0	0	0	0	0	0	0	0	0	0	0	0	0
865_866	ATCCGAAGTCTCAACA-14	0	0	0	0	0	0	0	0	0	0	0	0	0	0	0	0	0	1	0	0
865_866	CTTACCGCATGTCGAT-14	0	1	0	0	0	0	0	0	0	0	0	0	0	1	0	1	0	1	0	0
865_866	GCTGCAGCACCTCGGA-14	0	0	0	0	0	0	1	0	0	0	1	0	0	0	0	0	0	0	0	0
865_866	AGTGTCAGTGTGAAAT-14	0	0	0	0	0	0	0	0	0	0	0	0	0	0	0	1	0	0	0	0
865_866	GCTTGAAAGATACACA-14	0	0	0	0	0	0	0	0	0	0	0	0	0	0	0	0	0	0	0	1
865_866	AGTGAGGTCTACCAGA-14	0	0	0	0	0	0	0	0	0	0	0	0	1	0	0	0	0	0	0	0
865_866	AGTCTTTTCCGATATG-14	0	0	0	0	0	0	0	0	0	0	0	0	0	0	0	0	0	0	0	0
865_866	GGCGACTAGTCGATAA-14	0	0	0	0	0	0	0	0	0	0	1	0	0	0	0	0	0	0	0	0
865_866	CTTACCGGTACTCTCC-14	0	0	0	0	0	0	0	0	0	0	0	0	0	0	0	0	0	1	0	0
865_866	GGGAATGTCTCTGCTG-14	0	0	0	0	0	0	0	0	0	0	0	0	0	0	0	0	0	1	0	0
865_866	GGGATGAGTCTAAACC-14	0	0	0	0	0	0	1	0	0	0	0	0	0	1	0	0	0	0	2	0
865_866	GGGATGATCCCGACTT-14	0	0	0	0	0	0	0	0	1	0	0	0	0	0	0	0	0	0	0	0
865_866	GGGTCTGCAAAGGCGT-14	0	0	0	0	0	0	0	0	0	0	0	0	0	0	0	0	0	0	0	0
865_866	AGGGTGACAGTCAGCC-14	0	0	0	0	0	1	0	0	0	0	0	0	0	0	0	0	0	0	0	0
865_866	GGGTTGCTCTCATTCA-14	0	0	0	0	0	0	0	0	0	0	0	0	1	0	0	0	0	1	0	0
865_866	AGGGAGTAGCGATATA-14	0	0	0	0	0	1	0	0	0	0	0	0	0	0	0	0	0	0	0	0
865_866	GGTATTGGTTGCTCCT-14	1	0	0	0	0	0	0	0	1	0	0	0	0	0	0	0	0	2	0	0
865_866	GGTGAAGGTGATAAAC-14	0	0	0	0	0	0	0	0	0	0	0	0	0	0	0	0	0	0	0	0
865_866	AGGCCGTCAAGTTGTC-14	0	0	0	0	0	0	0	0	0	0	0	0	0	0	0	0	0	0	0	0
865_866	AGGCCACAGAAGATTC-14	0	0	0	0	0	0	0	0	0	0	0	0	0	0	0	0	0	1	0	1
865_866	CTTGGCTAGCGACGTA-14	0	0	0	0	0	1	1	0	0	0	1	0	1	0	0	0	0	2	0	0
865_866	AGCTTGATCACCGTAA-14	0	0	0	0	0	0	0	0	0	0	0	0	0	0	0	0	0	0	0	0
865_866	TTTGCGCCATACCATG-14	0	0	0	0	0	1	0	0	0	0	2	0	0	0	0	0	0	1	0	0
865_866	ATTGGACCATTCTCAT-14	0	0	0	0	0	0	0	0	0	0	1	0	0	0	0	0	0	0	0	0
865_866	ATTGGTGTCTGTCTCG-14	0	0	0	0	0	0	1	0	0	0	0	0	0	0	0	0	0	0	0	0
865_866	ATTTCTGCAATTGCTG-14	0	0	0	0	0	1	0	0	0	0	0	0	0	0	0	0	0	0	0	0
865_866	CATGACAAGCCTCGTG-14	0	0	0	0	0	0	0	0	0	0	0	0	0	0	0	0	0	1	0	0
865_866	CATCGGGCATGTCTCC-14	0	0	0	0	0	0	0	0	0	0	0	0	0	0	0	1	0	0	0	0
865_866	CATCCACTCCTGCCAT-14	0	0	0	0	0	0	0	0	0	0	2	0	1	1	0	0	0	0	1	0
865_866	CATCAGATCACTTACT-14	0	0	0	0	0	0	0	0	0	0	0	0	0	0	0	1	0	0	1	0
865_866	CATCAGACATGAGCGA-14	0	0	0	0	0	1	0	0	0	0	0	0	0	0	0	1	0	0	0	0
865_866	CATATTCGTTCTGAAC-14	0	0	0	0	0	0	0	0	0	0	0	0	0	0	0	0	0	1	0	0
865_866	CAGTCCTAGTGTCTCA-14	1	0	0	0	0	0	0	0	0	0	0	0	0	0	0	0	0	0	0	0
865_866	CAGTAACAGGTGGGTT-14	0	0	0	0	0	0	0	0	0	1	0	0	0	0	0	0	0	0	0	0
865_866	CAGCTGGCAGCTCGAC-14	0	0	0	0	0	0	0	0	0	0	0	0	0	0	0	1	0	0	0	0
865_866	CAGCTAAGTGTGAAAT-14	0	0	0	0	0	0	0	0	0	0	0	0	0	0	0	0	0	0	0	0
865_866	CAGCCGAAGAGACTAT-14	0	0	0	0	0	0	0	0	0	0	0	0	0	0	0	0	0	0	0	0
865_866	CAGCAGCCAGTTAACC-14	0	0	0	0	0	0	0	0	0	0	0	0	0	0	0	0	0	0	0	0
865_866	AGCTCTCGTTAAGTAG-14	0	0	0	0	0	1	0	0	0	0	0	0	2	0	0	0	0	1	0	0
865_866	CAGATCATCATCATTC-14	0	0	0	0	0	0	0	0	0	0	0	0	0	0	0	0	1	0	0	0
865_866	GCGCAACTCAGCTTAG-14	0	0	0	0	0	1	0	0	0	0	0	0	1	0	0	0	0	0	0	1
865_866	CACCTTGTCCTCTAGC-14	0	0	0	0	0	0	0	0	0	0	0	0	0	0	0	0	0	0	0	0
865_866	CACCTTGCAAGCGCTC-14	0	0	0	0	0	0	0	0	0	0	0	0	0	0	0	0	0	2	0	0
865_866	CACATTTAGCCAGTTT-14	0	0	0	0	0	0	0	0	0	0	0	0	0	0	0	0	0	1	0	0
865_866	CACATAGCAGTCAGAG-14	0	0	0	0	0	0	0	0	0	0	0	0	1	0	0	0	0	0	0	0
865_866	GCGCCAATCGGCATCG-14	0	0	0	0	0	0	0	0	0	0	0	0	0	0	0	0	0	0	0	0
865_866	CAAGTTGTCTGCTGCT-14	0	0	0	0	0	1	0	0	0	0	0	0	0	0	0	0	0	0	0	0
865_866	GCGCGATCAATCTGCA-14	0	0	0	0	0	0	0	0	0	0	0	0	1	0	0	0	0	1	0	0
865_866	CAAGAAAAGATCTGAA-14	0	0	0	0	0	0	0	0	0	0	0	0	0	0	0	0	0	0	0	0
865_866	GCGGGTTCACTGTGTA-14	0	0	0	0	0	0	0	0	0	0	0	0	0	0	0	1	0	0	0	0
865_866	CAACTAGCATATACGC-14	0	0	0	0	0	0	0	0	0	0	0	0	0	0	0	0	0	0	1	0
865_866	GCGGGTTTCAGTTAGC-14	0	0	0	0	0	0	0	0	0	0	0	0	1	0	0	1	0	0	0	0
865_866	CACTCCACACCGAAAG-14	0	0	0	0	0	0	0	0	0	0	0	0	0	1	0	0	0	0	0	0
865_866	GCCAAATTCTTCATGT-14	0	0	0	0	0	0	0	0	0	0	0	0	0	0	0	0	0	0	1	0
865_866	AGCGTCGTCGATGAGG-14	0	0	0	0	0	0	0	0	0	0	0	0	0	0	0	0	0	0	0	0
865_866	GTAGGCCTCGCTAGCG-14	0	0	0	0	0	0	0	0	0	0	3	0	1	0	0	2	0	0	0	1
865_866	TCGAGGCCACAAGCCC-14	0	0	0	0	0	0	0	0	0	0	0	0	0	0	0	0	0	0	0	0
865_866	GAACCTAAGGCGACAT-14	0	0	0	0	0	0	0	0	0	0	0	0	0	0	0	0	0	0	0	0
865_866	GAAGCAGAGGCTAGAC-14	0	0	0	0	0	0	0	0	0	0	1	0	0	0	0	0	0	0	0	1
865_866	ACGGGCTTCGCGTAGC-14	0	0	0	0	0	0	1	0	0	0	0	0	0	0	0	0	0	2	0	0
865_866	ACGGAGACATGAGCGA-14	0	0	0	0	0	0	0	0	0	0	0	0	0	0	0	0	0	0	0	0
865_866	ACGGAGACAGATGGGT-14	0	0	0	0	0	0	0	0	0	0	0	0	0	0	0	0	0	0	0	0
865_866	ACGGAGAAGTGCCAGA-14	1	0	0	0	0	1	0	0	0	0	0	0	0	0	0	0	0	0	0	0
865_866	TATCAGGTCAGCTCTC-14	0	0	0	0	1	1	0	0	0	0	1	0	1	0	0	0	1	0	0	0
865_866	TATGCCCGTGTCCTCT-14	0	0	0	0	0	1	2	0	0	0	0	0	0	0	0	0	0	0	0	0
865_866	ACGATGTAGCGGCTTC-14	0	0	0	0	0	0	0	0	0	0	0	0	0	0	0	0	0	1	0	0
865_866	TCATTACGTTCACGGC-14	0	0	0	0	0	0	0	0	0	0	0	0	0	0	0	0	0	0	0	0
865_866	TCATTACGTACCATCA-14	0	0	0	0	0	0	0	0	0	0	1	0	0	0	0	0	0	0	1	0
865_866	AACTCAGGTACCATCA-14	0	0	0	0	0	0	1	0	0	0	0	0	0	0	0	1	0	0	0	0
865_866	ACCCACTGTGGCCCTA-14	0	0	0	0	0	0	0	0	0	0	0	0	0	0	0	0	0	1	0	0
865_866	TCAGGATCACAGGTTT-14	0	0	0	0	0	0	0	0	0	0	1	0	0	0	0	0	0	0	0	0
865_866	AAGACCTCACGACGAA-14	0	0	0	0	0	0	0	0	0	0	0	0	0	0	0	0	0	0	0	0
865_866	TCAATCTTCTGCAGTA-14	0	0	0	1	0	0	0	0	0	0	1	0	0	0	0	0	0	0	1	0
865_866	AAGGAGCGTTGAACTC-14	0	0	0	0	0	1	0	0	0	0	0	0	0	0	0	0	0	0	0	0
865_866	TCAGCTCTCCTGCTTG-14	0	0	0	0	0	0	0	0	0	0	0	0	0	0	0	0	0	0	0	0
865_866	AAGGCAGCATTGCGGC-14	0	0	0	0	0	0	0	0	0	0	0	0	0	0	0	0	0	2	1	0
865_866	ACATGGTCAAGGTTCT-14	0	0	0	0	0	0	0	0	0	0	0	0	0	0	0	0	0	1	0	0
865_866	GACACGCAGCGTAGTG-14	0	0	0	0	0	0	1	0	0	0	0	0	0	0	0	0	0	0	0	0
865_866	ACACCCTTCTTGAGAC-14	0	0	0	0	0	0	0	0	0	0	0	0	0	0	0	0	0	2	0	0
865_866	ACACCCTGTTGATTCG-14	0	0	0	0	0	0	0	0	1	1	1	0	0	0	0	1	0	0	0	0
865_866	TCAGATGCATTCGACA-14	0	0	0	0	0	0	0	0	0	0	0	0	1	0	0	1	0	0	0	0
865_866	TCGAGGCGTATTCTCT-14	0	0	0	0	0	0	0	0	0	0	0	0	0	0	0	0	0	0	0	0
865_866	ACTGAACGTCGTGGCT-14	0	0	0	0	0	0	0	0	0	0	0	0	0	0	0	0	0	0	0	0
865_866	TAGGCATCAGGTTTCA-14	0	0	0	0	0	0	0	0	1	0	0	0	0	0	0	0	0	1	0	0
865_866	TACTTGTTCGAGGTAG-14	0	0	0	0	0	0	0	0	0	0	0	0	0	0	0	0	0	1	0	0
865_866	GTAGTCACATCTACGA-14	0	0	0	0	0	0	0	0	0	0	0	0	0	0	0	0	0	0	0	0
865_866	GTATTCTCACCTATCC-14	0	0	0	0	0	0	0	0	0	0	1	0	0	0	0	0	0	1	0	0
865_866	AAACCTGCAGTAAGCG-14	0	0	0	0	0	0	0	0	0	0	1	0	0	0	0	0	0	1	0	0
865_866	AGCAGCCCAAGTAATG-14	0	0	0	0	0	0	0	0	0	0	0	0	0	0	0	0	0	0	0	0
865_866	AGAGTGGCATCCCACT-14	0	0	0	0	0	0	0	0	0	0	0	0	1	0	0	0	0	0	0	0
865_866	AGAGTGGAGGCAATTA-14	0	0	0	0	0	0	0	0	1	0	0	0	0	0	0	0	0	0	0	0
865_866	CTTTGCGAGCAATCTC-14	0	0	0	0	0	0	0	0	0	0	1	0	0	0	0	0	0	0	0	0
865_866	AGAGCTTCATACCATG-14	0	0	0	0	0	0	1	0	0	0	1	0	0	0	0	0	0	0	0	0
865_866	GTCATTTTCTTCCTTC-14	0	0	0	0	0	0	0	0	0	0	1	0	0	0	0	0	0	0	0	0
865_866	GTGAAGGAGTACTTGC-14	0	0	0	0	0	0	0	0	0	0	0	0	0	0	0	0	0	0	0	0
865_866	GTGCAGCGTTCTGGTA-14	0	0	0	0	0	0	0	0	0	0	0	0	0	0	0	0	0	0	0	0
865_866	GTGTGCGCATTCACTT-14	0	0	0	0	0	0	0	0	0	0	0	0	0	0	0	0	0	0	0	0
865_866	GTACTTTCAACTGCTA-14	0	0	0	0	0	0	0	0	0	0	0	0	0	0	0	0	0	0	0	0
865_866	GTTCATTTCGCTTAGA-14	0	0	0	1	0	0	0	0	0	0	0	0	0	0	0	0	0	1	0	0
865_866	TAAGAGAGTATCTGCA-14	0	0	0	0	0	0	0	0	0	0	0	0	1	0	0	0	0	0	0	1
865_866	TAAGCGTGTGATGATA-14	0	0	0	0	0	0	1	0	0	0	0	0	0	0	0	0	0	0	0	0
865_866	TAAGTGCTCACCCTCA-14	0	0	0	0	0	0	0	0	0	0	0	0	0	0	0	0	0	2	0	0
865_866	ACTGTCCTCTATCCTA-14	0	0	0	0	0	0	0	0	0	0	1	0	0	0	0	0	0	0	0	0
865_866	TACAGTGCAAGCGTAG-14	0	0	0	0	0	0	0	0	0	0	0	0	0	0	0	0	0	0	0	0
865_866	TACGGATTCTCACATT-14	0	0	0	0	0	0	0	0	0	0	1	0	1	0	0	0	0	1	0	0
865_866	ACTGAGTTCAGCTTAG-14	0	0	0	0	0	0	0	0	0	0	0	0	0	0	0	0	0	0	1	0
865_866	ACTGAGTGTTCACCTC-14	0	0	0	0	0	0	0	0	0	0	0	0	0	0	0	0	0	0	0	0
865_866	TACGGGCTCGTGGGAA-14	0	0	0	0	0	0	0	0	0	0	0	0	0	0	0	2	0	0	0	0
865_866	ACTGAGTCAAGCCTAT-14	0	0	0	0	0	0	0	0	0	0	0	0	0	0	0	0	0	1	0	0
865_866	GAAACTCGTACCGTTA-14	0	0	0	0	0	0	0	0	0	0	0	0	0	0	0	1	0	0	0	0
865_866	TACTCGCTCTTCCTTC-14	0	0	0	0	0	0	0	0	0	0	0	0	0	1	0	0	0	0	0	0
865_866	GTTTCTAAGACGACGT-14	0	0	0	0	0	0	0	0	0	0	1	0	0	1	0	0	0	0	0	1
865_866	CCAGCGACATGGTAGG-14	0	0	0	0	0	0	0	0	0	0	0	0	0	0	0	0	1	0	0	0
865_866	CCTTACGAGGGCTCTC-14	0	0	0	0	0	0	0	0	0	0	0	0	1	0	0	0	0	0	0	0
865_866	CCATGTCGTAAGGGCT-14	0	0	0	0	0	1	0	0	0	0	0	0	0	0	0	0	1	0	0	0
865_866	TGCCAAATCGTCTGAA-14	0	0	0	0	0	0	0	0	0	0	0	0	0	0	0	0	0	0	0	0
865_866	TTTGCGCAGCGCTTAT-14	0	0	0	0	0	0	0	0	0	0	0	0	0	0	0	0	0	0	0	0
865_866	CCTAGCTTCGCTAGCG-14	0	0	0	0	0	0	0	0	0	0	0	0	0	0	0	1	0	0	0	0
865_866	GCATGTAAGGCGACAT-14	0	0	0	0	0	0	0	0	0	0	0	0	1	0	0	0	1	0	0	0
865_866	GCACTCTGTACCATCA-14	0	0	0	0	0	1	0	0	0	0	1	0	0	0	0	0	0	1	0	0
865_866	GATCAGTGTATATGGA-14	0	0	0	0	0	0	0	0	0	0	0	0	1	0	0	0	0	0	0	0
865_866	CCTACCAGTCAAAGAT-14	0	0	0	0	0	0	0	0	0	0	0	0	1	0	0	0	0	0	0	0
865_866	GATCGCGGTGCCTGCA-14	0	0	0	0	0	0	0	0	0	0	0	0	1	0	0	1	0	0	0	0
865_866	CCAGCGAGTTGTGGCC-14	0	0	0	0	0	0	0	0	0	0	0	0	0	0	0	0	0	2	0	0
865_866	GCACATACAAAGAATC-14	0	0	0	0	0	0	0	0	1	0	0	0	0	0	0	1	0	0	0	0
865_866	GCATGCGAGTATCGAA-14	0	0	0	0	0	0	0	0	0	0	1	0	1	0	0	0	0	0	0	0
865_866	TGCGCAGAGTGTCCCG-14	0	0	0	0	0	0	0	0	0	0	1	0	1	0	0	0	0	0	0	0
865_866	GCAAACTAGGTCGGAT-14	0	0	0	0	0	0	0	0	0	0	0	0	0	0	0	0	0	1	0	0
865_866	TGACTTTGTCCTCCAT-14	0	0	0	0	0	0	0	0	0	0	1	0	0	0	0	0	0	0	0	0
865_866	GATCGTAGTGCAGTAG-14	0	0	0	0	0	0	0	0	0	0	0	0	0	0	0	0	0	0	0	0
865_866	GCAGCCACAGTGACAG-14	0	0	0	0	0	0	0	0	0	0	0	0	0	0	0	0	0	0	0	0
865_866	CCTCAGTGTAAGGGCT-14	0	0	0	0	0	0	0	0	0	0	0	0	0	0	0	0	0	0	0	0
865_866	GCATGTAAGGCCCTCA-14	0	0	0	0	0	0	0	0	0	0	0	0	0	0	0	0	0	1	0	0
865_866	CCGGTAGAGACGCAAC-14	0	0	0	0	0	1	0	0	0	0	0	0	0	0	0	0	1	1	0	0
865_866	TTTGCGCCACCATGTA-14	0	0	0	0	0	0	0	0	0	0	0	0	0	0	0	0	0	0	0	0
865_866	CCGGTAGAGGGATGGG-14	0	0	0	0	0	1	0	0	0	0	0	0	0	0	0	1	0	0	0	0
865_866	GCATACATCTTGAGGT-14	0	0	0	0	0	1	0	0	0	0	0	0	0	0	0	0	0	0	0	0
865_866	CCTAAAGTCTGCTTGC-14	0	0	0	0	0	0	0	0	0	0	1	0	0	0	0	0	0	0	0	0
865_866	GAGTCCGCAGCCACCA-14	0	0	0	0	0	0	0	0	0	0	0	0	0	0	0	0	0	1	0	0
865_866	GCATACACAGTCCTTC-14	0	0	0	0	0	0	0	0	0	0	0	0	0	0	0	0	0	0	0	0
865_866	GAGTCCGCACCATCCT-14	0	0	0	0	0	0	0	0	0	0	0	0	0	0	0	0	0	0	0	0
865_866	TGAAAGAGTAGCGCTC-14	0	0	0	0	0	0	0	0	0	0	0	0	0	0	0	0	0	0	0	0
865_866	TTTCCTCGTGTATGGG-14	0	0	0	0	0	0	0	0	0	0	0	0	0	0	0	0	0	0	0	0
865_866	GCATACACATGACGGA-14	1	0	0	0	0	1	1	0	0	0	1	0	0	0	0	1	0	2	0	0
865_866	CCCTCCTGTAGTACCT-14	0	0	0	0	0	0	0	0	0	0	0	0	0	0	0	0	0	0	0	0
890_891	CTTACCGAGCCAGTTT-14	0	0	0	0	0	0	0	0	0	0	0	0	0	0	0	0	1	0	0	0
890_891	TTAGTTCAGCGTTGCC-14	0	0	0	0	0	0	3	0	0	0	0	0	0	0	0	0	0	0	0	0
890_891	TCACAAGAGCTCCTCT-14	0	0	0	0	0	0	0	0	0	0	1	0	0	1	0	0	0	1	0	0
890_891	TGACTAGCAGTGACAG-14	0	0	0	0	0	0	0	0	0	0	1	0	1	0	0	0	0	1	0	0
890_891	ATCTGCCTCAATAAGG-14	0	0	0	0	0	0	2	0	0	0	0	0	1	0	0	0	0	0	0	0
890_891	ATGCGATCACAGGAGT-14	0	0	0	0	0	0	1	0	0	0	0	0	0	1	0	1	0	1	0	0
890_891	ACATGGTGTTCGTTGA-14	0	0	0	0	0	1	0	0	0	0	1	0	0	0	0	1	0	2	0	0
890_891	ATTCTACGTCGGCTCA-14	1	0	0	0	0	0	3	0	0	0	0	0	1	0	0	1	0	0	0	0
890_891	TGCGTGGCACATGTGT-14	0	0	0	0	0	0	0	0	0	0	0	0	0	0	0	0	0	0	0	0
890_891	ATTCTACTCCACGTTC-14	0	0	0	0	0	0	0	0	1	0	0	0	0	0	0	0	0	0	0	0
890_891	ATTGGACGTTTGTTTC-14	0	0	0	0	0	0	0	0	0	0	0	0	1	0	0	0	0	0	0	0
890_891	CAACCAAAGGACAGCT-14	0	0	0	0	0	0	0	0	0	0	0	0	0	0	0	1	0	1	0	0
890_891	ACATCAGAGACTAAGT-14	0	0	0	0	0	0	0	0	0	0	0	0	0	0	0	0	0	1	0	0
890_891	CAACTAGTCCAACCAA-14	0	0	0	0	0	1	1	0	0	0	0	0	1	0	0	0	1	1	0	0
890_891	ACACCAACATAAGACA-14	0	0	0	0	0	0	0	0	0	0	0	0	0	0	0	0	0	1	1	0
890_891	CACACCTGTATAATGG-14	0	0	0	0	0	0	1	0	0	0	0	0	0	0	0	1	0	0	0	0
890_891	CACAGTACACGAGAGT-14	0	0	0	0	1	0	0	0	0	0	1	0	1	0	0	0	0	0	0	0
890_891	AGTTGGTTCCCTTGTG-14	0	0	0	0	0	0	0	0	0	0	0	0	0	0	0	0	0	0	0	0
890_891	ACGAGGAAGTTACCCA-14	0	0	0	0	0	1	0	0	0	0	0	0	0	0	0	1	0	0	0	0
890_891	GCTGGGTCAACCGCCA-14	0	0	0	0	0	0	0	0	0	0	1	0	0	0	0	0	0	0	0	0
890_891	TATGCCCAGTGGCACA-14	0	0	0	0	0	0	0	0	0	0	0	0	0	0	0	0	0	1	0	0
890_891	GTCAAGTAGGTGGGTT-14	0	0	0	0	0	0	0	0	0	0	0	0	0	0	1	0	0	0	0	0
890_891	GTCACAAAGTCTTGCA-14	0	0	0	0	0	0	0	0	0	0	0	0	0	0	0	2	0	0	1	0
890_891	AGGCCACGTAAGTGTA-14	0	0	0	0	0	1	12	0	0	0	0	0	0	0	2	0	0	0	0	0
890_891	GTGCTTCCAAACCCAT-14	0	0	0	0	0	0	0	0	0	0	0	0	1	0	0	0	0	1	0	0
890_891	GGTATTGTCGCCGTGA-14	0	0	0	0	1	1	0	0	0	0	0	0	0	0	0	0	0	0	0	0
890_891	TGCCCTATCACCAGGC-14	0	0	0	0	1	0	0	0	2	0	0	0	0	0	0	0	0	0	0	0
890_891	GTTTCTACAGTGACAG-14	0	0	0	0	0	1	0	0	0	0	0	0	0	0	0	0	1	0	0	0
890_891	GTATTCTCATGCCACG-14	0	0	0	0	0	0	2	0	0	0	0	0	0	0	0	0	0	0	0	0
890_891	AGGGTGAGTACAAGTA-14	0	0	0	0	0	0	1	0	0	0	0	0	1	0	0	1	0	0	0	0
890_891	AGGTCCGCATCACAAC-14	0	0	0	0	0	1	0	0	0	0	0	0	0	0	0	0	0	0	0	0
890_891	GGGAATGAGAAAGTGG-14	0	0	0	0	0	0	0	0	0	0	0	0	0	0	0	1	0	0	0	1
890_891	AGTCTTTCATCCGTGG-14	0	0	0	0	0	0	0	0	0	0	0	0	0	0	0	0	0	0	0	0
890_891	GGCGTGTAGTAGATGT-14	0	0	0	0	0	0	0	0	0	0	0	0	0	0	0	0	0	0	0	0
890_891	ACTGTCCTCGTAGGTT-14	0	0	0	0	0	1	0	0	0	0	1	0	0	1	0	0	0	0	0	0
890_891	GGCAATTAGCCCAATT-14	0	0	0	0	1	0	0	0	0	0	0	0	0	0	0	0	0	0	0	0
890_891	GGATGTTGTAGCCTAT-14	0	0	0	0	0	0	0	0	0	0	0	0	0	0	0	0	0	0	0	0
890_891	AGGTCATCAACACGCC-14	0	0	0	0	0	0	0	0	0	0	0	0	0	0	0	0	0	0	0	0
890_891	CACCTTGTCGGCCGAT-14	0	0	0	0	0	0	0	0	0	0	1	0	0	0	0	0	0	0	0	0
890_891	TCAGATGGTGCGAAAC-14	0	0	0	0	0	0	0	0	0	0	0	0	0	0	0	0	0	0	0	0
890_891	CACTCCAGTACTCAAC-14	0	0	0	0	0	0	0	0	0	0	0	0	0	0	0	0	0	0	0	0
890_891	CGTCCATAGATTACCC-14	0	0	0	0	0	0	0	0	0	0	0	0	0	0	0	0	0	0	0	0
890_891	GACGCGTCAGATGGCA-14	0	0	0	0	0	1	0	0	0	0	1	0	0	0	0	1	0	0	0	0
890_891	CGTCCATAGGGATCTG-14	0	0	0	0	0	0	0	0	0	0	2	0	0	0	0	0	1	1	0	0
890_891	TTCTCCTTCACTATTC-14	0	0	0	0	0	0	0	0	0	0	0	0	0	0	0	1	0	0	0	0
890_891	TTCTCAATCAGGCCCA-14	0	0	0	0	0	0	1	0	0	0	1	0	0	0	0	1	0	1	0	0
890_891	CGTTGGGTCGTAGGAG-14	0	0	0	0	0	0	0	0	1	0	0	0	0	0	0	0	0	2	0	0
890_891	CTAAGACAGATGCCTT-14	0	0	0	0	0	0	0	0	0	0	0	0	0	0	0	0	0	0	0	0
890_891	TGGACGCGTAGAAGGA-14	0	0	0	0	0	1	1	0	0	0	0	0	0	0	0	0	0	0	0	0
890_891	CTACACCAGCCACCTG-14	0	0	0	0	0	0	0	0	0	0	0	0	0	0	0	0	0	0	0	0
890_891	CTACATTCAGCTGCAC-14	0	0	0	0	0	0	1	0	0	0	0	0	0	0	0	0	0	0	0	0
890_891	TGAAAGATCTCTGAGA-14	0	0	0	0	0	0	1	0	0	0	0	0	0	0	0	0	1	0	0	0
890_891	CTCGAGGTCCGTTGTC-14	0	0	0	0	0	0	0	0	0	0	0	0	0	1	0	0	0	0	0	0
890_891	CTCGTCAGTGTGTGCC-14	0	0	0	0	0	0	0	0	0	0	0	0	0	0	0	0	0	0	0	0
890_891	CTGCCTACATGCTAGT-14	0	0	0	0	0	0	1	0	0	0	0	0	0	0	0	0	0	0	0	0
890_891	GACCTGGAGAAACGAG-14	0	0	0	0	0	0	0	0	0	0	0	0	0	0	0	0	0	0	0	0
890_891	TGAAAGATCTCTGCTG-14	0	0	0	0	0	0	0	0	0	0	0	0	0	0	0	0	0	1	0	0
890_891	TTTATGCCAATGAATG-14	0	0	0	0	0	0	0	0	0	0	0	0	0	0	0	0	0	0	0	0
890_891	CGCTATCGTCATTAGC-14	0	0	0	0	0	0	0	0	0	0	0	0	1	0	0	0	0	0	0	0
890_891	TGCACCTCATTAACCG-14	0	0	0	0	0	0	1	0	0	0	0	0	0	0	0	0	0	0	0	0
890_891	GCATGATGTCGGCATC-14	0	0	0	0	0	0	0	0	0	0	0	0	0	0	0	0	0	0	0	0
890_891	CAGCCGAAGACCACGA-14	0	0	0	0	0	0	0	0	0	0	0	0	0	0	0	0	0	0	0	0
890_891	CGCCAAGCACTCTGTC-14	0	0	0	0	0	0	0	0	0	0	0	0	0	0	0	0	1	0	0	0
890_891	AAGTCTGGTAATCACC-14	0	0	0	0	0	1	0	0	0	0	0	0	0	0	0	0	0	1	0	0
890_891	GACTACACATGACGGA-14	0	0	0	0	0	2	0	0	0	0	0	0	0	0	0	0	0	0	0	0
890_891	CATTCGCGTCATCCCT-14	0	0	0	0	0	0	2	0	0	0	0	0	0	0	0	0	0	0	0	0
890_891	GATTCAGCAACACGCC-14	0	0	0	0	1	0	0	0	0	0	0	0	1	0	0	0	0	1	0	0
890_891	GATTCAGTCAACACAC-14	0	0	0	0	0	0	0	0	0	0	0	0	1	0	0	0	0	1	0	0
890_891	GCAATCATCGTAGGAG-14	0	0	0	0	0	0	0	0	0	0	1	0	0	0	0	0	0	0	0	0
890_891	TTCTTAGGTCTTTCAT-14	0	0	0	0	0	0	0	0	0	0	0	0	0	0	0	0	0	0	0	0
890_891	TCGCGTTTCTGAAAGA-14	0	0	0	0	0	0	0	0	0	0	0	0	0	0	0	0	0	0	0	1
890_891	AAGACCTAGAGGGCTT-14	0	0	0	0	0	0	0	0	0	0	0	0	0	0	0	0	0	0	0	0
890_891	CCAATCCGTGTCAATC-14	0	0	0	0	0	0	0	0	0	0	0	0	0	0	0	0	0	0	0	0
890_891	AAGCCGCGTCGTCTTC-14	0	0	0	0	0	0	0	0	0	0	0	0	1	0	0	0	0	0	0	0
890_891	GAAGCAGCATTCTTAC-14	0	0	0	0	0	0	1	0	0	0	0	0	0	0	0	0	0	0	0	0
891_892	AAATGCCGTGTCGCTG-14	0	0	0	0	0	0	0	0	0	0	0	0	0	0	0	0	0	0	0	0
891_892	GTTTCTAGTAGGCATG-14	0	0	0	0	0	0	1	0	1	0	1	0	0	1	0	2	1	0	1	0
891_892	TCTATTGGTGTGCCTG-14	0	0	0	0	0	0	2	0	0	0	0	0	0	0	0	0	0	1	0	0
891_892	AACTCCCGTGTCTGAT-14	0	0	0	0	0	0	0	0	0	0	0	0	1	1	0	0	0	0	0	0
891_892	ACGCAGCTCAGTCAGT-14	0	0	0	0	0	0	0	0	0	0	0	1	0	0	1	0	0	1	0	0
891_892	AAGGTTCTCCGCAAGC-14	0	0	0	0	0	0	0	0	1	0	0	0	0	0	0	0	0	0	0	0
891_892	ACGATACGTTAAGGGC-14	0	0	0	0	0	1	0	1	0	0	0	0	0	0	0	0	0	0	0	0
891_892	GCTCTGTTCACAGTAC-14	0	0	0	0	0	0	1	0	0	0	0	0	1	0	0	0	0	0	0	0
891_892	AGCCTAATCAGCTTAG-14	1	0	0	0	0	0	0	0	0	0	0	0	0	0	0	0	0	0	1	0
891_892	CTGGTCTAGACGCACA-14	0	0	0	0	0	0	0	0	0	0	0	0	0	0	0	0	0	0	0	0
891_892	GACCTGGCACAGGCCT-14	0	0	0	0	0	0	2	0	0	0	1	0	1	0	0	0	0	0	0	0
891_892	CGTCCATCACCGAATT-14	0	0	0	0	0	0	0	0	0	0	0	0	1	0	0	0	0	0	1	0
891_892	CGCTATCAGGCATTGG-14	0	0	0	0	0	0	0	0	0	0	0	1	0	0	0	0	0	0	0	0
891_892	GACGGCTCACATTTCT-14	0	0	1	0	0	0	1	0	0	0	0	0	0	0	0	0	0	0	0	0
891_892	CGAGCCATCGTCACGG-14	0	0	0	0	0	0	0	0	0	0	0	0	0	0	0	0	0	1	0	0
891_892	CCTAGCTTCAGCCTAA-14	0	0	0	0	0	0	0	0	0	0	0	1	0	0	0	0	0	1	0	0
891_892	CCGTGGAGTTTAGCTG-14	1	0	0	0	0	0	0	0	0	0	0	0	0	0	0	0	0	1	0	0
891_892	CCGGTAGTCTGCGGCA-14	0	0	0	0	0	0	0	0	0	0	0	0	0	0	0	1	0	1	1	0
891_892	CATATTCAGTTAGGTA-14	0	0	0	0	0	0	0	0	0	0	1	0	1	0	0	0	0	0	0	0
891_892	CACATAGTCTTACCGC-14	0	0	0	0	0	0	0	0	0	0	0	0	0	0	0	0	0	0	0	0
891_892	GTATCTTAGACGACGT-14	0	0	0	0	0	0	0	0	0	0	0	0	0	0	0	0	0	0	0	1
891_892	CAAGGCCAGGGATGGG-14	0	0	0	0	0	0	0	0	0	0	0	0	0	0	1	0	0	0	0	0
891_892	ATGGGAGGTTGCGTTA-14	0	0	0	0	0	1	0	0	0	0	0	0	0	0	0	0	0	0	0	0
891_892	GCTGCAGAGTCAAGGC-14	0	0	0	0	0	0	0	0	0	0	0	0	0	0	0	1	0	1	0	0
891_892	GGAACTTAGTAGATGT-14	0	0	0	0	0	0	1	0	0	0	0	0	0	0	0	0	0	1	0	0
891_892	AGTGAGGAGCAGGTCA-14	0	0	0	0	1	0	0	0	0	0	0	0	0	0	0	0	0	1	0	0
891_892	TTCGGTCAGCATCATC-14	0	0	0	0	0	0	1	0	0	0	2	0	0	0	0	1	0	0	0	0
891_892	AGTCTTTTCAGAAATG-14	0	0	0	0	0	0	0	0	0	0	0	0	1	0	0	1	0	0	1	0
891_892	AGGGAGTGTTTAAGCC-14	0	0	0	0	0	0	1	2	0	0	0	0	0	0	0	0	0	2	1	0
891_892	TTTGGTTTCGACCAGC-14	0	0	0	0	0	0	0	0	0	0	0	0	0	0	0	0	0	0	0	1
891_892	AGCGTATGTACATGTC-14	0	0	0	0	0	1	0	0	0	0	0	0	0	0	0	0	0	1	0	1
892_893	CCTAAAGCAGTAAGAT-15	1	0	0	0	0	0	0	0	0	0	0	0	0	0	0	0	0	1	0	0
892_893	CCTAGCTGTATAGGGC-15	0	0	0	0	0	0	0	0	0	0	0	0	0	0	0	0	0	0	0	0
892_893	CCCAATCTCTCAAGTG-15	0	0	0	0	1	0	1	0	0	0	0	0	1	0	0	1	0	0	0	0
892_893	CCGTGGATCATTCACT-15	0	0	0	0	0	0	0	0	0	0	0	0	0	0	0	0	0	0	0	0
892_893	CCTATTAGTACAGTTC-15	0	0	0	0	0	0	0	0	0	0	0	0	0	0	0	0	0	0	0	0
892_893	GACGTGCTCGCAAACT-15	0	0	0	0	0	0	0	0	0	0	0	0	0	0	0	0	0	0	0	0
892_893	CGAACATAGCACCGTC-15	1	0	0	0	0	0	0	0	0	0	0	0	0	0	0	0	0	0	0	0
892_893	CGAGCACCAAGCCGTC-15	0	0	0	0	0	1	0	0	0	0	0	0	0	0	0	0	0	2	1	0
892_893	AAACGGGAGCGATAGC-15	0	0	0	0	0	0	0	0	0	0	0	0	1	0	0	0	0	0	0	0
892_893	CGATCGGTCTCGCTTG-15	0	0	0	0	0	0	0	0	0	0	0	0	0	0	0	0	0	0	0	0
892_893	CGATGTAGTATGGTTC-15	0	0	0	1	0	0	2	0	0	0	0	0	0	0	0	0	0	0	0	0
892_893	CGATTGATCCACGCAG-15	0	0	0	0	0	0	0	0	0	0	0	0	1	0	0	0	0	1	0	0
892_893	AAAGCAACAGGTTTCA-15	0	0	0	0	0	0	1	0	0	0	2	0	0	0	0	0	0	0	0	0
892_893	CGCTGGAGTCATGCCG-15	0	0	0	0	0	0	0	0	0	0	0	0	0	0	0	1	0	0	0	0
892_893	CGCTTCAAGTTGAGAT-15	0	0	0	0	0	0	0	0	0	0	0	0	0	0	0	0	0	1	0	0
892_893	AACTCCCCACGGCGTT-15	0	0	0	0	0	0	0	0	0	0	0	0	0	0	0	0	0	1	0	0
892_893	AACTTTCAGATAGGAG-15	0	0	0	0	0	0	0	0	0	0	0	0	0	0	0	1	0	0	0	0
892_893	CCTTACGCATTCTTAC-15	0	0	0	0	0	1	1	0	0	0	0	0	1	0	0	2	0	2	0	1
892_893	CGATCGGCAGCTGTTA-15	0	0	0	0	0	0	0	0	0	0	0	0	0	0	0	0	0	0	0	0
892_893	ATGCGATAGGACATTA-15	0	0	0	0	0	0	0	0	0	0	0	0	0	2	0	0	0	0	0	0
892_893	CATGGCGTCATGTCTT-15	0	0	0	0	0	0	0	0	0	0	0	0	0	0	0	0	0	0	0	0
892_893	AGCGTCGCAACTTGAC-15	0	0	0	0	0	0	1	0	0	0	1	0	0	0	0	0	0	0	0	0
892_893	AGCCTAACACGTGAGA-15	0	0	0	0	0	0	1	0	0	0	0	0	0	0	0	0	0	0	0	0
892_893	AGCTCTCGTAGGGACT-15	0	0	0	0	0	0	0	0	0	0	0	0	1	0	1	0	0	1	0	0
892_893	AGGGTGATCACCCTCA-15	1	0	0	0	0	0	1	0	0	0	0	0	1	0	0	0	2	1	0	0
892_893	AGGTCCGAGAGGACGG-15	0	0	0	0	0	0	0	0	0	0	0	0	0	0	0	0	0	0	0	0
892_893	AGTCTTTCATTGCGGC-15	0	0	0	0	0	1	0	0	0	0	0	0	0	0	0	0	0	0	0	0
892_893	ATAACGCAGTAGGCCA-15	0	0	0	0	1	0	0	0	0	0	0	0	1	0	0	0	0	0	0	0
892_893	ATAACGCTCTATCCCG-15	0	0	0	0	0	0	0	0	0	0	0	0	0	0	1	0	0	0	0	0
892_893	ATAGACCTCATCGATG-15	0	0	0	0	0	0	1	0	0	0	0	0	0	0	0	0	0	1	0	0
892_893	ATCACGACAGGTTTCA-15	0	0	0	0	0	0	0	0	0	0	0	0	0	0	0	0	0	1	0	0
892_893	ATCTGCCAGCTGCAAG-15	0	0	0	0	0	0	0	0	0	0	0	0	0	0	0	0	0	1	0	0
892_893	AGATCTGTCAACACGT-15	0	0	0	0	0	0	0	0	0	0	0	0	0	0	0	0	0	1	1	0
892_893	CGGACTGAGCCCGAAA-15	0	0	0	0	0	0	0	0	0	1	0	0	0	1	0	0	0	0	0	0
892_893	ATGGGAGAGGAGTAGA-15	0	0	0	0	0	0	0	0	0	0	1	0	0	0	1	0	0	0	0	0
892_893	CACATAGCACCGGAAA-15	0	0	0	0	0	0	0	0	0	0	0	0	0	0	0	1	0	1	0	0
892_893	CAGAATCAGTTGCAGG-15	0	0	0	0	0	0	1	0	0	0	0	0	0	0	0	0	0	0	0	0
892_893	CAGAGAGAGCGACGTA-15	0	0	0	0	0	0	0	0	0	0	0	0	0	0	0	0	0	0	0	1
892_893	CAGCTAACAATGGATA-15	1	0	0	0	0	0	1	0	0	0	0	0	0	0	0	0	0	0	0	0
892_893	CAGCTGGAGGCTAGCA-15	0	0	0	0	0	0	0	0	0	0	0	0	0	0	0	0	0	0	0	0
892_893	CAGCTGGTCTTGACGA-15	0	0	0	0	0	0	0	0	0	0	1	0	0	0	0	0	0	0	0	0
892_893	AGAATAGAGGTGCAAC-15	0	0	0	0	0	1	0	0	0	0	0	0	1	0	0	0	0	0	0	0
892_893	CATCGGGAGTGGGTTG-15	0	0	0	0	0	0	0	0	1	0	1	0	1	0	0	0	0	0	0	0
892_893	CATGCCTAGTTACCCA-15	0	0	0	0	0	0	0	0	0	0	0	0	0	0	0	0	0	1	0	0
892_893	CATTATCTCCCAGGTG-15	0	0	0	0	0	0	0	0	0	0	1	0	0	0	0	0	0	1	0	0
892_893	CGGGTCAAGGAGTCTG-15	0	0	0	0	0	0	0	0	0	0	0	0	0	0	0	0	0	1	0	0
892_893	CACCAGGGTGGACGAT-15	0	0	0	0	0	0	0	0	0	0	1	0	0	0	0	0	0	0	0	0
892_893	CTAAGACTCTACTCAT-15	0	0	0	0	0	0	0	0	0	0	0	0	0	0	0	0	0	0	1	0
892_893	CTCAGAATCTTACCGC-15	0	0	0	0	0	0	0	0	0	0	0	0	0	0	0	0	0	1	0	0
892_893	TGCACCTAGGTGGGTT-15	0	0	0	0	0	0	0	0	0	0	0	0	0	0	0	0	0	0	0	0
892_893	CTTAACTGTAACGACG-15	0	0	0	0	0	0	0	0	0	0	0	0	0	0	0	0	0	2	0	1
892_893	CTCAGAAGTGTTCTTT-15	0	0	0	0	0	0	0	0	0	0	0	0	0	0	0	0	0	0	0	0
892_893	GGATGTTGTAGCTGCC-15	0	0	0	0	0	0	0	0	0	0	0	0	0	0	0	0	0	0	0	0
892_893	TGCCAAACAGATCCAT-15	0	0	0	0	1	0	0	0	0	0	1	0	0	0	0	0	0	1	0	0
892_893	GGATTACGTACAGACG-15	0	0	0	0	0	0	0	0	0	0	0	0	0	0	0	0	0	0	0	0
892_893	GGACGTCCATGAACCT-15	0	0	0	0	0	0	0	0	0	0	0	0	0	0	0	0	0	0	0	0
892_893	TGGCCAGCAGGGATTG-15	0	0	0	0	0	0	0	0	0	0	0	0	0	0	0	0	0	0	0	0
892_893	GGAAAGCGTTCCTCCA-15	0	0	0	0	0	0	0	0	0	0	0	0	0	0	0	0	0	1	1	0
892_893	TGGCCAGTCGTTACGA-15	0	0	0	0	0	0	0	0	0	0	0	0	0	0	0	0	0	0	0	0
892_893	CGTAGGCTCATTTGGG-15	1	0	0	0	0	0	0	0	0	0	0	0	0	0	0	1	0	0	0	0
892_893	ACCTTTATCGATGAGG-15	0	0	0	0	0	0	0	0	0	0	0	0	0	0	0	1	0	0	0	0
892_893	ACGAGCCGTCCTCCAT-15	0	0	0	0	0	0	0	0	0	0	0	0	0	0	0	0	0	0	0	0
892_893	TGCTGCTGTCTTGTCC-15	0	0	0	0	0	0	0	0	0	0	0	0	1	0	0	0	0	1	1	0
892_893	AATCGGTGTCTAAAGA-15	0	0	0	0	0	0	1	0	0	0	0	0	0	0	0	0	0	0	0	0
892_893	TGAGCATGTGAGTATA-15	0	0	0	0	0	2	0	0	0	0	0	0	0	0	0	0	0	1	0	0
892_893	GGCGACTGTCTGCGGT-15	0	0	0	0	0	0	1	0	0	0	0	0	0	0	0	0	0	0	0	0
892_893	TCAATCTAGGTGCTTT-15	0	0	0	0	0	0	0	0	0	0	0	0	0	0	0	0	0	0	0	0
892_893	TTCTTAGCATATGGTC-15	0	0	0	0	0	0	0	0	0	0	0	0	0	0	0	0	0	0	0	0
892_893	TAGGCATCATGTTCCC-15	0	0	0	0	0	0	0	0	0	0	0	0	1	0	0	0	0	0	0	0
892_893	TAGCCGGGTAGCCTCG-15	0	0	0	0	0	0	0	0	1	0	0	0	0	0	0	0	0	0	1	0
892_893	CGTGTCTAGACTTTCG-15	0	0	0	1	1	0	0	0	0	0	0	0	0	0	0	0	0	1	0	0
892_893	CTGAAACCATGCAATC-15	0	0	0	0	0	0	0	0	1	0	0	0	0	0	0	0	0	0	0	0
892_893	CTGTGCTCATTTGCCC-15	0	0	0	0	0	0	0	0	0	0	0	0	0	0	0	0	0	0	0	0
892_893	CTCGGGATCGGCGCTA-15	0	0	0	0	0	0	0	0	0	0	0	0	0	0	0	0	0	0	0	0
892_893	TCTCATATCTGCTGCT-15	0	0	0	0	0	0	0	0	0	0	0	0	0	0	0	0	0	1	0	0
892_893	GTCGGGTTCAATAAGG-15	0	0	0	0	0	0	1	0	0	0	0	0	0	0	0	0	0	0	0	0
892_893	TGACGGCAGATCTGCT-15	0	0	0	0	0	0	0	0	0	0	1	0	0	0	0	1	0	0	0	0
892_893	TGACGGCGTTATCCGA-15	0	0	0	0	0	0	0	0	0	0	0	0	0	0	0	0	0	0	0	0
892_893	GGGTCTGCAGAAGCAC-15	0	0	0	0	0	0	0	0	0	0	0	0	0	0	0	0	0	0	0	0
892_893	GGCGACTGTTAAGTAG-15	1	0	0	0	0	0	0	0	0	0	0	0	1	0	0	1	0	0	0	0
892_893	TACACGAGTGGCCCTA-15	0	0	0	0	0	0	0	0	0	0	0	0	0	0	0	0	0	1	0	0
892_893	GCTGCAGTCAAAGTAG-15	0	0	0	0	0	0	0	0	0	0	0	0	0	0	0	0	0	0	0	0
892_893	TCAATCTGTAGCTGCC-15	0	0	0	0	0	0	0	0	0	0	0	0	0	0	0	0	0	1	0	0
892_893	GAACGGACAAACTGTC-15	0	0	0	0	0	0	0	0	0	0	1	0	0	0	0	0	0	0	1	0
892_893	AAGGCAGAGGCGACAT-15	0	0	0	0	0	0	0	0	0	0	0	0	1	0	0	0	0	0	0	0
892_893	GATGAAATCATGCATG-15	0	0	1	0	0	0	0	0	0	0	0	0	0	0	0	0	0	0	0	1
892_893	TTATGCTAGCGTGAGT-15	0	0	0	0	0	0	0	0	0	0	0	0	0	0	0	0	0	0	0	0
892_893	GAACATCCACAAGCCC-15	0	0	0	0	0	0	0	0	0	0	0	0	0	0	0	0	0	1	0	0
892_893	TTCGGTCCAAGTTAAG-15	0	0	0	0	0	0	0	0	0	0	0	0	0	0	0	0	0	1	0	0
892_893	GACTACATCACCAGGC-15	0	0	0	0	0	1	0	0	0	0	0	0	0	0	0	0	0	0	0	0
892_893	TTGTAGGCATGGTCTA-15	0	0	0	0	0	0	0	0	0	0	0	0	1	1	0	0	0	1	0	0
892_893	TGTATTCCATCTCCCA-15	0	0	0	0	0	0	0	0	0	0	0	0	0	0	0	0	0	0	0	0
892_893	CTACGTCCATTACGAC-15	0	0	0	0	0	0	0	0	0	0	0	0	0	0	0	0	0	0	0	0
892_893	AATCGGTAGCTGAAAT-15	0	0	0	0	0	0	0	0	0	0	0	0	1	0	0	0	0	0	0	0
892_893	GCGCAACCATCGTCGG-15	0	0	0	0	0	1	2	0	0	0	0	0	0	0	0	0	0	0	0	0
892_893	TGGTTAGCATCACGAT-15	0	0	0	0	0	0	0	0	0	0	0	0	0	0	0	1	1	2	0	0
892_893	GCGCAGTCAGCGATCC-15	0	0	0	0	0	0	0	0	0	0	0	0	0	0	0	0	0	0	0	0
892_893	GACGTTAGTGATGTCT-15	0	0	0	0	0	0	0	0	0	0	0	0	0	0	0	0	0	1	0	0
893_894	CTCGTACCAATACGCT-15	0	0	0	0	0	0	0	0	0	0	0	0	0	0	0	0	0	1	0	0
893_894	TCTCTAATCACGACTA-15	0	0	0	0	0	0	1	0	0	0	0	0	0	0	0	0	0	0	0	0
893_894	GACGCGTGTGACTCAT-15	0	0	0	0	1	0	0	0	0	0	0	0	0	0	0	0	1	0	0	0
893_894	TCTCTAAAGAAGCCCA-15	0	0	0	0	0	1	0	0	0	0	1	0	0	0	0	0	0	1	0	0
893_894	TTGCCGTAGTGATCGG-15	0	0	0	0	0	1	0	0	0	0	0	0	0	0	0	0	0	0	0	0
893_894	CCGGGATGTTACCAGT-15	0	0	0	0	0	0	1	0	0	0	0	0	0	0	0	0	0	0	0	0
893_894	TCGAGGCCAGCGTTCG-15	0	0	0	0	0	0	0	0	0	0	0	0	0	0	0	0	0	0	1	0
893_894	CCTAAAGAGCGTCAAG-15	0	0	0	0	0	0	0	0	1	0	0	0	1	0	0	0	0	0	0	0
893_894	TCAGCAACAATTCCTT-15	0	0	0	0	0	1	0	0	0	0	1	0	0	0	0	0	0	0	0	0
893_894	ACCGTAAGTACTTGAC-15	0	0	0	0	0	0	0	0	0	0	0	0	0	1	0	1	0	0	0	0
893_894	CCGGTAGTCCAAACAC-15	0	0	0	0	0	0	1	0	0	0	0	0	0	0	0	1	0	1	0	0
893_894	CAGCAGCAGCTACCTA-15	0	0	0	0	0	0	0	0	0	0	0	0	0	0	0	0	0	0	1	0
893_894	TTCGGTCCACCAGTTA-15	0	0	0	0	1	0	0	0	0	0	0	0	0	0	0	0	0	0	0	0
893_894	TCTGAGACAGCGTTCG-15	0	0	0	0	0	0	1	0	2	0	2	0	0	0	1	0	0	0	1	0
893_894	TTTCCTCGTGTGTGCC-15	0	0	0	0	0	0	0	0	0	0	0	0	0	0	0	0	0	0	0	0
893_894	TCATTACAGTGCAAGC-15	1	0	0	0	0	0	0	0	0	0	0	0	0	1	0	0	0	1	0	0
893_894	ACTGTCCGTGCTTCTC-15	0	0	0	0	0	0	0	0	0	0	0	0	0	0	0	0	0	1	0	0
893_894	TCATTTGAGAACTCGG-15	0	0	0	0	0	1	1	0	0	0	0	0	1	0	0	0	0	0	0	0
893_894	CTCGAGGAGATGCGAC-15	1	0	0	0	0	0	0	0	0	0	0	0	0	1	0	0	0	1	0	0
893_894	ACTTTCAGTAGAAGGA-15	0	0	0	0	0	0	0	0	0	0	0	0	0	0	0	1	0	2	0	0
893_894	AGCCTAAGTTCAGGCC-15	0	0	0	0	0	0	0	0	0	0	0	0	1	0	0	0	0	0	1	0
893_894	CAAGTTGGTATGAAAC-15	0	0	0	0	0	0	1	0	0	0	0	0	1	0	0	1	0	0	0	0
893_894	CCACTACTCCTTAATC-15	0	0	0	0	0	0	0	0	0	0	0	0	0	0	0	0	0	0	1	0
893_894	TGGCGCATCTATCGCC-15	0	0	0	0	0	0	1	0	0	0	0	0	0	0	0	0	0	0	0	0
893_894	CATGGCGGTCCGTCAG-15	0	0	0	0	0	0	0	0	0	0	0	0	1	0	0	0	0	0	0	0
893_894	CAACCAATCACCTCGT-15	0	0	0	0	0	0	0	0	0	0	0	0	0	0	0	0	0	0	0	0
893_894	CATGGCGCATCCGGGT-15	0	0	0	0	0	0	0	0	0	0	0	0	0	0	0	0	0	0	0	0
893_894	TCACAAGGTATCAGTC-15	0	0	0	0	0	0	0	0	0	0	1	0	1	0	0	0	0	0	0	0
893_894	CACACTCTCGATGAGG-15	0	0	0	0	0	0	0	0	0	0	1	0	0	0	0	0	0	0	1	1
893_894	CATGCCTGTCTCCACT-15	0	0	0	1	0	0	0	0	0	0	1	0	0	0	0	1	0	1	0	0
893_894	CTAACTTGTCCTAGCG-15	0	0	0	0	0	0	0	0	0	0	0	0	0	0	0	0	1	0	0	0
893_894	CACATAGGTGATAAAC-15	0	0	0	0	0	0	0	0	0	0	0	0	0	1	0	0	0	1	0	0
893_894	TGAAAGATCAGGATCT-15	0	0	0	0	0	0	0	0	0	0	0	0	0	0	0	0	0	1	0	0
893_894	CATCGGGTCTGGAGCC-15	0	0	0	0	0	0	0	0	0	0	0	0	0	0	0	0	0	0	0	0
893_894	CATCGGGGTCGCTTCT-15	0	0	0	0	0	0	0	0	0	0	0	0	0	0	0	0	0	0	0	0
893_894	CACCACTAGCTCTCGG-15	0	0	0	0	0	0	0	0	0	0	0	0	0	0	0	0	0	2	0	0
893_894	AGAGCGATCAGCTCGG-15	0	0	0	0	0	0	0	0	1	0	0	0	0	0	0	0	0	0	0	0
893_894	TGAGAGGTCAGCTCTC-15	0	0	0	0	0	0	0	0	0	0	0	0	0	0	0	0	0	0	0	0
893_894	TTAACTCCAAGCGCTC-15	0	0	0	0	0	0	1	0	0	0	0	0	0	0	0	0	0	0	0	0
893_894	TTAACTCGTCATACTG-15	0	0	0	0	0	0	0	0	0	0	0	0	0	0	0	0	0	2	0	0
893_894	TGAGAGGGTCTAAAGA-15	0	0	0	0	0	0	0	0	0	0	0	0	0	0	0	0	0	0	0	0
893_894	TGAGAGGCACCTCGGA-15	0	0	0	0	0	0	0	0	0	0	0	0	0	0	0	0	0	0	0	0
893_894	CTAGAGTTCGCCGTGA-15	0	0	0	0	0	1	0	0	0	0	0	0	0	0	0	1	0	0	0	0
893_894	CATATTCGTCCTGCTT-15	0	0	0	0	0	0	1	0	0	0	0	0	1	0	0	0	0	0	1	0
893_894	TTAGTTCAGAAACCTA-15	0	0	0	0	1	0	0	0	0	0	0	0	0	0	0	0	0	0	0	0
893_894	ATTCTACAGTCGAGTG-15	0	0	0	0	0	0	0	0	0	0	0	0	0	0	0	0	0	0	0	0
893_894	TGGACGCAGTCGAGTG-15	0	0	0	0	1	0	0	0	0	0	0	0	0	0	0	0	0	0	0	1
893_894	TCACAAGTCGCCCTTA-15	0	0	0	0	0	1	1	0	0	0	0	0	0	0	0	0	0	4	0	0
893_894	CTCGTCATCGTCCGTT-15	0	0	0	0	0	0	0	0	0	0	0	0	1	0	0	0	0	1	0	0
893_894	GCCAAATTCTACCAGA-15	0	0	0	0	0	1	0	0	0	1	1	0	0	0	1	0	0	0	0	0
893_894	AAATGCCTCGAACTGT-15	0	0	0	0	0	0	0	0	0	0	0	0	1	0	0	0	0	0	0	0
893_894	AGGCCGTCATCGATGT-15	0	0	0	0	0	0	1	0	0	0	0	0	0	0	0	0	0	1	0	0
893_894	GCCTCTATCGCGCCAA-15	0	0	0	0	0	0	0	0	0	0	0	0	0	0	0	0	0	0	0	0
893_894	GCGACCACAGTTCCCT-15	0	0	0	0	0	0	0	0	0	0	0	0	0	0	0	0	0	1	0	0
893_894	AAAGTAGTCCTGCCAT-15	0	0	0	0	0	0	0	0	1	0	0	0	0	0	0	0	0	1	0	0
893_894	AACCGCGAGCAACGGT-15	0	0	0	0	0	0	0	0	0	0	1	0	0	0	1	0	0	1	0	0
893_894	CCTACACAGTGTGAAT-15	1	0	0	0	0	0	1	0	0	0	0	0	0	0	0	0	0	0	0	0
893_894	GCTGCAGCATGGTCTA-15	0	0	0	0	0	0	0	0	0	0	1	0	0	0	0	0	0	0	0	0
893_894	GCTTCCATCAATAAGG-15	0	0	0	0	0	0	2	0	0	0	0	0	1	1	0	0	0	0	0	0
893_894	CGATTGAAGCCATCGC-15	0	0	0	0	0	0	0	0	0	0	0	0	0	0	0	0	0	0	0	0
893_894	CTTGGCTGTAAAGGAG-15	0	0	0	0	0	0	0	0	0	0	0	0	0	0	0	0	0	0	0	0
893_894	CGATGGCGTGGGTCAA-15	0	0	0	0	0	0	0	0	0	0	0	0	0	0	0	0	0	0	0	0
893_894	GGACAAGCACAACGTT-15	0	0	0	0	0	1	0	0	0	0	0	0	0	0	0	0	0	1	0	0
893_894	GCGCCAAGTATTCTCT-15	0	0	0	0	0	0	0	0	0	0	0	0	0	0	0	0	0	0	0	0
893_894	GGACGTCAGGTGTTAA-15	0	0	0	0	0	0	0	0	0	0	0	0	0	0	0	0	0	0	0	0
893_894	GCCAAATCAGCAGTTT-15	0	0	0	0	0	0	0	0	0	0	0	0	0	0	0	0	0	0	0	0
893_894	GCAGCCATCCATTCTA-15	0	0	0	0	0	0	0	0	0	0	0	0	0	0	0	0	0	0	0	0
893_894	GACGTTACAGTTCCCT-15	0	0	0	1	0	0	0	0	0	0	0	0	0	0	1	0	0	1	0	0
893_894	GACTAACTCGCTTGTC-15	0	0	0	0	0	0	0	0	0	0	0	0	0	0	0	0	0	0	0	0
893_894	GATCAGTAGACAAAGG-15	0	0	0	0	0	0	0	0	0	0	1	0	0	0	0	0	1	0	0	0
893_894	GATCGATAGGTGCTTT-15	0	0	0	0	0	0	0	0	0	0	0	0	0	0	0	0	0	0	0	0
893_894	GATCGCGGTACATCCA-15	0	0	0	0	0	0	0	0	0	0	1	0	0	0	0	0	0	1	0	0
893_894	GATCGTATCACTCCTG-15	0	0	0	0	1	0	0	0	0	0	0	0	0	0	0	0	0	0	0	0
893_894	GCATGTATCGCATGAT-15	0	0	0	0	0	0	0	0	0	0	1	0	1	0	0	0	0	0	0	0
893_894	AAGACCTGTGCCTTGG-15	0	0	0	0	0	0	0	0	0	0	0	0	1	1	0	0	0	0	0	0
893_894	CGGACGTTCACATGCA-15	0	0	0	0	0	0	0	0	0	0	0	0	0	0	0	0	0	0	0	0
893_894	GATGAGGTCGCGTAGC-15	0	0	0	0	0	0	0	0	0	0	0	0	0	0	0	0	0	1	0	0
893_894	GATTCAGGTACACCGC-15	0	0	0	0	0	0	0	0	0	0	0	0	0	0	0	0	0	1	0	0
893_894	ACGCAGCAGTGGGTTG-15	0	0	0	0	0	0	0	0	0	0	1	0	0	0	0	1	0	0	0	0
893_894	CGCTTCAGTCATCGGC-15	0	0	0	0	0	0	0	0	0	0	0	0	0	0	0	0	0	0	0	0
893_894	AACTGGTTCATTGCCC-15	0	0	0	0	0	0	0	0	0	0	0	0	0	0	0	0	0	0	0	0
893_894	GATCTAGAGCTGCGAA-15	0	0	0	0	0	0	0	0	1	0	0	0	0	0	0	0	0	0	0	0
893_894	AGGTCCGTCTGCTGCT-15	0	0	0	0	0	0	0	0	0	0	0	0	0	0	0	0	0	1	0	0
893_894	GCGCAGTTCGTGACAT-15	0	0	0	0	0	1	0	0	0	0	0	0	0	0	0	0	0	0	0	0
893_894	GTGCATAAGTATGACA-15	0	0	0	0	0	0	0	0	0	0	0	0	0	0	0	0	0	1	0	0
893_894	GGGTCTGGTCTAGAGG-15	0	0	0	0	0	1	1	0	0	0	1	0	1	0	0	0	0	1	0	0
893_894	GGTATTGCACGAAGCA-15	0	0	0	0	0	0	0	0	0	0	0	0	0	0	0	0	0	1	0	1
893_894	GTACTTTAGAGGGCTT-15	0	0	0	0	0	0	0	0	0	0	1	0	0	0	0	0	0	0	0	0
893_894	GTATTCTAGAGAGCTC-15	0	0	0	0	1	0	0	0	0	0	0	0	0	0	0	0	0	0	0	0
893_894	CCTAGCTAGGGTGTGT-15	0	0	0	1	1	0	0	0	0	0	0	0	0	0	1	1	0	0	0	0
893_894	GTCCTCAAGATAGTCA-15	0	0	0	0	0	0	0	0	1	0	0	0	0	0	0	0	0	0	0	0
893_894	GTGAAGGAGGATCGCA-15	0	0	0	0	0	0	0	0	0	0	0	0	0	0	0	0	0	0	0	0
893_894	TACCTTACACATCTTT-15	0	0	0	0	0	0	0	0	0	0	1	0	0	0	0	0	0	0	0	0
893_894	GTGCAGCAGACGCAAC-15	0	0	0	0	0	0	0	0	0	0	0	0	0	0	0	0	0	0	0	0
893_894	GTGTGCGCACCAGTTA-15	0	0	0	0	0	0	0	0	0	0	0	0	0	0	0	0	0	0	0	0
893_894	TACTTACAGAGACGAA-15	0	0	0	0	0	0	0	0	0	0	0	0	0	0	0	0	0	0	0	0
893_894	TACGGATTCGTCTGCT-15	0	0	0	0	0	0	0	0	0	0	0	0	0	0	0	0	0	0	0	1
893_894	ATCACGAAGAGGGCTT-15	0	0	0	0	0	0	0	0	0	0	0	0	0	0	0	0	0	1	0	0
893_894	CCTTCCCAGAGCAATT-15	0	0	0	0	0	0	1	0	0	0	0	0	0	0	0	0	0	0	0	0
893_894	CCTCTGAAGCCCAACC-15	0	0	0	0	1	1	0	0	0	0	1	0	1	0	0	0	0	0	0	1
893_894	GTTTCTATCGCCTGTT-15	0	0	0	0	0	0	0	0	0	0	0	0	0	0	0	0	0	1	0	0
893_894	AGCAGCCTCCTAAGTG-15	0	0	0	0	0	1	0	0	0	0	0	0	1	1	0	0	0	0	0	0
893_894	ATCCACCAGGGCTTGA-15	0	0	0	0	0	3	0	0	0	0	0	0	0	0	0	0	0	1	0	0
893_894	CTGCTGTCATCTACGA-15	0	0	0	0	0	0	0	0	0	1	0	0	0	0	0	0	0	0	0	0
893_894	ATCTACTCAGCTGTGC-15	0	0	0	0	0	0	0	0	0	0	0	0	0	0	0	0	0	0	0	0
893_894	TAGTTGGGTTACCGAT-15	0	0	0	0	0	0	0	0	0	0	0	0	0	0	0	0	0	0	0	0
893_894	GGGCACTGTCGCGAAA-15	0	0	0	0	0	1	0	0	0	0	0	0	0	0	0	0	0	0	0	1
893_894	CTTAACTTCGCCAGCA-15	0	0	0	0	0	0	0	0	0	0	0	0	0	0	0	0	0	0	0	0
893_894	GGGAATGGTTCGCTAA-15	0	0	0	0	0	0	1	0	0	0	1	0	0	0	0	0	0	0	0	0
893_894	AAACCTGCACTGAAGG-15	0	0	0	0	0	0	0	0	0	0	0	0	0	0	0	0	0	0	0	0
893_894	AGTCTTTGTCAATGTC-15	0	0	0	0	0	0	0	0	0	0	0	0	0	0	0	0	0	0	0	0
893_894	TAGTGGTGTGACTACT-15	0	0	0	0	0	0	0	0	0	0	0	0	0	0	0	0	0	0	1	0
893_894	GGCCGATGTCATCCCT-15	0	0	0	0	0	0	1	0	0	0	0	0	0	0	0	0	0	0	0	0
893_894	TAGTTGGAGACAAGCC-15	0	0	0	0	0	0	0	0	0	0	0	0	0	0	0	0	0	0	0	0
893_894	AGCAGCCTCATGTGGT-15	0	0	0	0	0	0	0	0	0	0	0	0	0	0	0	0	0	0	2	0
893_894	CTGTTTACAAGTTCTG-15	0	0	0	0	0	0	0	0	0	0	0	0	0	0	0	1	0	0	1	0
894_895	GTGGGTCAGTCATGCT-16	0	0	0	0	0	0	0	0	0	0	0	0	0	0	0	0	0	0	0	0
894_895	GTGTGCGCAGGGCATA-16	0	0	0	0	0	0	0	0	0	0	0	0	0	0	0	0	0	0	0	0
894_895	TACTCATAGGGTCGAT-16	0	0	0	0	0	0	0	0	0	0	0	0	0	0	0	0	0	0	0	0
894_895	TACACGACAGTCTTCC-16	0	0	0	0	0	0	1	0	0	0	0	0	0	0	0	0	0	0	1	1
894_895	GTGTTAGTCCGATATG-16	0	0	0	0	0	0	0	0	0	0	1	0	0	0	0	0	0	0	0	0
894_895	TACTTACCAGTATCTG-16	0	0	0	0	0	1	0	0	0	0	1	0	0	0	0	0	0	0	0	0
894_895	TACTCGCTCCTGCAGG-16	0	0	0	0	0	0	0	0	0	0	0	0	0	0	0	0	0	2	0	0
894_895	GTTACAGAGCCGTCGT-16	0	0	0	0	0	0	0	0	0	0	0	0	0	0	0	0	0	0	0	0
894_895	GTTACAGAGCGGATCA-16	0	0	0	0	0	0	1	0	0	0	0	0	0	0	0	0	0	0	0	0
894_895	TAGACCAGTACCGAGA-16	0	0	0	0	0	1	0	0	0	0	0	0	0	0	0	0	0	0	0	0
894_895	TAGAGCTTCACTATTC-16	0	0	0	0	0	0	0	0	0	0	0	0	0	0	0	0	0	0	0	0
894_895	TTTCCTCAGGAGTCTG-16	0	0	0	0	0	1	0	0	0	0	0	0	0	0	0	0	0	1	0	0
894_895	TATGCCCTCATGCTCC-16	0	0	0	0	0	0	0	0	0	0	2	0	0	1	0	0	0	0	0	0
894_895	TTTCCTCGTGAAGGCT-16	0	0	0	0	0	0	0	0	0	0	0	0	0	0	0	0	0	0	0	0
894_895	TGTGGTATCTGTCAAG-16	0	0	0	0	0	0	0	0	0	0	0	0	0	0	0	0	0	0	0	0
894_895	TGTCCCACATTGTGCA-16	0	0	0	0	0	0	0	0	0	0	0	0	1	0	0	0	0	0	0	0
894_895	TGTCCCACAATGGTCT-16	1	0	0	0	0	0	1	0	0	0	0	0	0	0	0	0	0	0	0	0
894_895	TGGGCGTAGGCACATG-16	0	0	0	0	0	0	0	0	0	0	0	0	1	0	0	0	0	1	0	0
894_895	TGGCTGGGTCGCTTCT-16	0	0	0	0	0	0	0	0	0	0	0	0	0	0	0	0	0	1	0	0
894_895	TGCGTGGCACTTCTGC-16	0	0	0	0	0	0	0	0	0	0	0	0	0	0	0	0	0	0	0	0
894_895	TGCCCATTCAACACCA-16	0	0	0	0	0	0	0	0	0	0	0	0	0	0	0	0	1	0	0	0
894_895	TGAGGGATCGCAAACT-16	0	0	0	0	0	0	0	0	0	0	0	0	0	0	0	0	0	0	0	0
894_895	TGAGGGAAGTCCAGGA-16	1	0	0	0	0	1	0	0	0	0	0	0	0	0	0	0	0	0	0	0
894_895	TGACGGCCAGCGTCCA-16	0	0	0	0	0	0	0	0	0	0	0	0	0	0	0	0	0	0	0	0
894_895	TGACGGCAGTGTGGCA-16	0	0	0	0	0	0	0	0	0	0	0	0	0	0	0	0	0	0	0	0
894_895	TCTTCGGCAGCGTTCG-16	0	0	0	0	0	0	0	0	0	0	0	0	0	0	0	0	0	0	0	0
894_895	TCTGAGAGTCTAGAGG-16	0	0	0	0	0	1	0	0	0	0	0	0	1	0	0	0	0	0	0	0
894_895	TCTCATACAGCTGTGC-16	0	0	0	0	0	0	0	0	0	0	0	0	0	0	0	0	1	0	0	0
894_895	TCGCGAGGTAAGTAGT-16	0	0	0	0	0	0	0	0	0	0	0	0	0	0	0	0	0	0	0	0
894_895	TCGCGAGAGAGTGACC-16	0	0	0	0	0	0	1	0	0	0	0	0	0	0	0	0	0	0	0	0
894_895	TCATTTGGTGCGGTAA-16	0	0	0	0	0	0	0	0	0	0	0	0	0	0	0	0	0	0	0	0
894_895	TCAGCAAAGCGGCTTC-16	0	0	0	0	0	1	0	0	0	0	0	0	0	0	0	0	1	2	1	0
894_895	TATCTCACAGCGAACA-16	0	0	0	0	0	0	0	0	0	0	1	0	0	0	0	0	0	0	0	0
894_895	GTCCTCAGTTCCGTCT-16	0	0	0	0	0	0	0	0	0	0	0	0	0	0	0	0	0	1	0	0
894_895	AGTCTTTTCTGCCAGG-16	0	0	0	0	0	0	0	0	0	0	0	0	0	0	0	0	0	0	0	0
894_895	GTCCTCACAGGAATGC-16	0	0	0	0	0	0	1	0	0	0	0	0	0	0	0	0	0	1	0	0
894_895	CCTACCATCCGAGCCA-16	0	0	0	0	0	0	0	0	0	0	0	0	0	0	0	1	0	0	0	0
894_895	CCTATTACATGTTCCC-16	0	0	0	0	1	0	0	0	0	0	0	0	0	0	0	0	0	1	0	0
894_895	CCTCTGACAAGCGCTC-16	0	0	0	0	0	0	1	0	0	0	0	0	0	0	0	0	0	1	0	0
894_895	CGATCGGTCTAACGGT-16	0	0	0	0	0	0	0	0	0	0	0	0	0	0	0	0	0	0	0	0
894_895	CGATTGAAGGTGCACA-16	0	0	0	0	0	0	0	0	0	0	0	0	0	0	0	0	0	1	0	0
894_895	CGCGGTAAGACCCACC-16	0	0	0	0	0	0	0	0	0	0	0	0	0	0	0	0	0	0	0	0
894_895	CGCGGTAGTCGCATAT-16	0	1	0	0	0	0	0	0	0	0	0	0	0	1	0	1	0	0	0	0
894_895	ACACCCTAGTCTCCTC-16	1	0	0	0	0	0	0	0	0	0	0	0	0	0	0	0	0	0	0	0
894_895	CGCGGTATCGCATGAT-16	0	0	0	0	0	1	0	0	0	0	0	0	0	0	0	0	0	0	0	1
894_895	CGTCAGGAGCCAACAG-16	0	0	0	0	0	0	1	1	0	0	0	0	1	0	0	0	0	1	0	0
894_895	CGTGTCTAGTTACGGG-16	0	0	0	0	0	0	0	0	0	0	0	0	0	0	0	0	0	0	0	0
894_895	CGTGTCTTCTCGTTTA-16	0	0	0	0	0	0	0	0	0	0	0	0	0	0	0	0	0	0	0	0
894_895	CGTTAGAGTCGAGATG-16	0	0	0	0	0	0	1	0	0	0	0	0	0	0	0	0	0	2	0	0
894_895	CTAAGACAGAACAACT-16	0	0	0	0	0	0	0	0	0	0	0	0	1	0	0	0	0	0	0	1
894_895	CTAAGACAGCACGCCT-16	0	0	0	0	0	0	1	0	0	0	0	0	0	0	0	0	0	1	0	0
894_895	ACACCAAAGCCACTAT-16	0	0	0	0	0	0	0	0	0	0	0	0	0	0	0	0	0	0	0	1
894_895	CTAAGACTCGGTGTTA-16	0	0	0	0	0	0	0	0	0	0	1	0	0	0	0	0	0	0	0	0
894_895	CTTAACTGTCATGCCG-16	0	0	0	0	0	0	1	0	0	0	0	0	0	0	0	0	0	0	0	0
894_895	CTGTTTATCTAACCGA-16	0	0	0	0	0	0	0	0	0	0	0	0	1	0	0	0	0	0	0	0
894_895	CTGTTTAAGACGCTTT-16	0	0	0	0	0	0	1	0	0	0	1	0	0	0	0	0	0	0	0	0
894_895	CTGTGCTAGAGTACCG-16	0	0	0	0	0	0	0	0	0	0	0	0	1	0	0	0	0	0	0	0
894_895	CTGCTGTAGTTACGGG-16	0	0	0	1	0	0	0	0	0	0	0	0	0	0	0	0	0	1	0	0
894_895	CTGAAACTCTTAGAGC-16	0	0	0	0	0	0	0	0	0	0	0	0	0	0	1	0	0	0	0	0
894_895	CCTACCAAGTGTACTC-16	0	0	0	0	0	0	1	0	0	0	0	0	0	0	0	1	0	0	0	0
894_895	CTCTACGGTTGGTGGA-16	0	0	0	0	0	0	0	0	0	0	0	0	0	0	0	0	0	0	0	0
894_895	CTCGAAATCTTGGGTA-16	0	0	0	1	0	0	1	0	0	0	0	0	0	0	0	0	0	1	0	0
894_895	CTCGAAATCGAGCCCA-16	0	0	0	0	0	0	0	0	0	0	0	0	0	0	0	0	0	1	0	0
894_895	CTAGTGACATCGGTTA-16	0	0	0	0	0	0	0	0	0	0	0	0	0	0	0	0	0	2	1	0
894_895	CTACGTCTCGACGGAA-16	0	0	0	0	0	0	1	0	0	0	0	0	0	0	0	0	0	1	0	1
894_895	AAGTCTGTCAGGCGAA-16	0	0	0	0	0	0	0	0	0	0	0	0	1	0	0	1	0	0	0	0
894_895	CTACACCCATGACATC-16	1	0	0	0	0	0	1	0	0	0	0	0	0	0	0	0	0	0	0	0
894_895	GTCCTCAGTGTCAATC-16	0	0	0	0	0	0	1	0	0	0	0	0	0	0	0	0	0	0	0	0
894_895	AACTCAGGTCCCGACA-16	0	0	0	0	0	0	0	0	0	0	1	0	0	0	0	0	0	0	0	0
894_895	CCGTACTAGCAGCCTC-16	0	0	0	0	0	0	0	0	0	0	0	0	0	0	0	0	0	0	0	0
894_895	ACATACGAGAGGTACC-16	0	0	0	0	0	0	0	0	0	0	1	0	1	0	0	0	1	1	0	0
894_895	AGTGAGGAGAGCCTAG-16	0	0	0	0	0	0	0	0	0	0	0	0	0	0	0	0	0	0	0	0
894_895	AGTGAGGTCAGGTAAA-16	0	0	0	0	0	0	0	0	0	0	0	0	0	0	0	0	0	1	0	0
894_895	AGTGGGAGTGTTTGGT-16	0	0	0	0	0	0	0	0	0	0	0	0	1	0	0	0	0	0	0	0
894_895	AGTGTCAAGAGACGAA-16	0	0	0	0	0	0	0	0	0	0	1	0	0	0	0	0	0	0	0	0
894_895	AGTGTCACACGGTAAG-16	0	0	0	0	0	0	1	0	0	0	0	0	0	0	0	0	0	0	0	0
894_895	AGTGTCATCTGGGCCA-16	0	0	0	0	0	0	0	0	0	0	0	0	1	0	0	0	0	0	0	0
894_895	ATCACGAAGGATGGAA-16	0	0	0	0	0	0	0	0	0	0	0	0	0	0	0	0	0	0	1	0
894_895	ATCATCTCATTTCACT-16	0	0	0	0	0	0	0	0	0	0	0	0	0	0	0	0	0	0	0	0
894_895	ATCCACCTCAATAAGG-16	0	0	0	0	0	0	0	0	0	0	0	0	0	0	0	0	0	1	0	0
894_895	ATCGAGTAGTACGATA-16	0	0	0	0	0	0	0	0	0	0	1	0	0	0	0	0	0	2	0	0
894_895	ATGGGAGCAAGCCCAC-16	0	0	0	0	0	0	0	0	0	0	0	0	0	0	0	0	0	0	0	0
894_895	AGCTCCTCACATGTGT-16	0	0	0	0	0	0	0	0	0	0	0	0	0	0	0	0	0	0	0	0
894_895	AGCGTCGCACCGAATT-16	0	0	0	0	0	0	0	0	0	0	0	0	0	0	0	0	0	0	0	0
894_895	CACAAACGTGAGTGAC-16	1	0	0	0	0	0	0	0	0	0	0	0	0	0	1	0	0	0	0	0
894_895	CACAGGCGTAGGACAC-16	0	0	0	0	0	0	0	0	0	0	0	0	0	0	0	0	0	0	0	0
894_895	CAGAGAGCAATTGCTG-16	0	0	0	0	0	0	0	0	0	0	0	0	0	0	0	0	0	0	1	0
894_895	CAGAGAGTCCACGAAT-16	0	0	0	0	0	0	0	0	0	0	0	0	0	0	0	0	0	1	0	0
894_895	CCATGTCCAGCTGTTA-16	0	0	0	0	0	0	0	0	0	0	0	0	0	0	0	0	0	0	0	0
894_895	CCAGCGACACCCATTC-16	0	0	0	0	0	0	0	1	0	0	0	0	0	1	0	0	0	0	0	0
894_895	CCAGCGAAGATGTTAG-16	0	0	0	0	0	1	0	0	0	0	0	0	0	0	0	0	0	0	0	0
894_895	CCAATCCCACACAGAG-16	0	0	0	0	0	0	0	0	1	0	1	0	0	0	0	0	0	2	0	1
894_895	CATTATCCAGCGTCCA-16	0	0	0	0	0	0	0	0	0	0	0	0	0	0	0	0	0	0	0	0
894_895	ACATCAGAGGGTTCCC-16	0	0	0	0	0	0	0	0	0	0	0	0	0	0	0	0	0	0	0	0
894_895	CCATTCGAGCCTCGTG-16	0	0	0	0	0	0	0	0	0	0	0	0	0	1	0	0	0	0	0	0
894_895	CAGTAACAGGCCATAG-16	0	0	0	0	0	0	0	0	0	0	0	0	0	0	0	0	0	1	0	0
894_895	ACTGTCCTCAACACTG-16	0	0	0	0	0	0	0	0	0	0	1	0	0	0	0	0	0	0	0	0
894_895	ACTTGTTTCAGTTTGG-16	0	0	0	0	0	0	0	0	0	0	0	0	0	0	0	0	0	1	0	0
894_895	CAGCTGGAGTCATGCT-16	0	0	0	0	0	0	0	0	0	0	0	0	0	0	0	0	0	0	0	0
894_895	CAGCCGACACTTACGA-16	0	0	0	0	0	0	0	0	0	0	0	0	0	0	0	0	0	0	0	0
894_895	CAGCATACACAGGCCT-16	0	0	0	0	0	0	0	0	0	0	0	0	0	0	0	0	0	1	0	0
894_895	CAGATCAAGAGAGCTC-16	0	0	0	0	0	0	0	0	0	0	0	0	0	0	0	0	0	0	0	0
894_895	CAGCTGGGTCATCCCT-16	0	0	0	0	0	1	0	0	0	0	0	0	0	0	0	0	0	0	0	0
894_895	GACGCGTAGCACCGTC-16	0	0	0	0	0	0	0	0	0	0	0	0	1	0	0	1	0	0	1	1
894_895	CTCTAATCACGGCCAT-16	0	0	0	1	0	0	0	0	0	0	0	0	1	0	0	0	0	1	0	0
894_895	GACGGCTGTCTTTCAT-16	0	0	0	0	0	1	0	0	0	0	0	0	0	0	0	0	0	0	0	0
894_895	GCACATAAGATATACG-16	0	0	0	0	0	0	0	0	0	0	0	0	0	0	0	0	0	0	0	0
894_895	AACGTTGCAGGCGATA-16	0	0	0	0	0	1	0	0	0	0	0	0	0	0	0	0	0	0	0	0
894_895	GCAGCCAAGTCCAGGA-16	0	0	0	1	0	0	0	0	0	0	0	0	0	0	0	0	0	0	0	0
894_895	AAACCTGGTATCACCA-16	0	0	0	0	0	0	0	0	0	0	1	0	0	0	0	0	0	0	0	0
894_895	GCATACATCAGATAAG-16	0	0	0	0	0	0	1	0	0	0	0	0	0	0	0	0	0	0	0	0
894_895	GCATGATTCGGGAGTA-16	0	0	0	0	0	0	0	0	0	0	0	0	0	0	0	0	0	0	0	0
894_895	GCATGCGTCACTTACT-16	0	0	0	1	0	0	0	0	0	0	0	0	0	0	0	0	0	0	0	0
894_895	GCGACCAAGACCTAGG-16	1	0	0	0	0	0	0	1	0	0	0	0	0	0	0	1	0	2	1	0
894_895	GGCAATTGTCCGAACC-16	0	0	0	0	0	0	0	0	0	0	0	0	0	0	0	0	0	0	0	0
894_895	GGATGTTAGGTAGCCA-16	0	0	0	0	0	1	1	0	0	0	1	0	0	0	0	0	0	0	0	0
894_895	GCGCAGTCAGGCAGTA-16	0	0	0	0	0	0	0	0	0	0	0	0	0	0	0	0	0	1	1	0
894_895	AACACGTCATCACAAC-16	0	0	0	0	0	0	0	0	0	0	0	0	0	0	0	0	0	1	0	0
894_895	GGACGTCCAAGCGAGT-16	0	0	0	0	0	0	1	0	0	0	0	0	0	0	0	0	0	0	0	0
894_895	GCTCTGTTCCTAGGGC-16	0	0	0	0	0	0	0	0	0	0	0	0	0	0	0	0	0	0	0	0
894_895	GCTGCAGCATCCGCGA-16	0	0	0	0	0	0	0	0	0	0	0	0	0	0	0	0	0	1	0	0
894_895	GCTGCTTAGGGTTCCC-16	0	0	0	0	0	0	0	0	0	0	1	0	0	0	0	0	0	0	0	0
894_895	GCTGGGTCAGGAATCG-16	0	0	0	0	0	0	0	0	0	0	0	0	0	0	0	0	0	0	0	0
894_895	GATGAGGGTCTAGAGG-16	0	0	0	0	1	0	0	0	0	0	0	0	0	0	0	0	0	0	0	0
894_895	GATCTAGTCACAGTAC-16	0	0	0	0	0	0	0	0	0	0	0	0	0	0	0	0	0	0	0	0
894_895	AACCGCGCAGTAACGG-16	0	0	0	0	0	0	0	0	0	0	0	0	0	0	0	0	0	0	0	0
894_895	AACGTTGTCCTATGTT-16	0	0	0	0	0	0	1	0	0	0	0	0	0	0	0	0	0	0	0	0
894_895	AGTCTTTTCAACGCTA-16	0	0	0	0	0	0	0	0	0	0	0	0	0	0	0	0	0	0	0	0
894_895	GGGAATGCAGTCGTGC-16	0	0	0	0	0	0	0	0	1	0	0	0	0	0	0	0	0	0	0	0
894_895	GATCAGTAGAGTGAGA-16	0	0	0	0	0	0	0	0	0	0	0	0	0	0	0	0	0	1	0	0
894_895	GAGTCCGGTTCGGCAC-16	0	0	0	0	0	0	0	0	0	0	0	0	0	0	0	0	0	0	0	0
894_895	GACTACAGTAGCGTGA-16	0	0	0	0	0	0	0	0	0	0	0	0	0	0	0	0	0	0	0	0
896_897	TAGAGCTTCTATGTGG-16	0	0	0	0	0	0	1	0	0	0	0	0	0	0	0	1	0	1	0	0
896_897	CAGCATAAGTGTCTCA-16	0	0	0	0	0	0	0	0	0	0	0	0	0	0	0	0	0	0	0	0
896_897	GGTGTTAAGCCGGTAA-16	0	0	0	0	0	0	0	0	0	0	0	0	0	0	0	0	0	0	0	1
896_897	GTATCTTTCATAACCG-16	0	0	0	0	0	0	0	0	0	0	0	0	0	0	0	0	0	0	0	0
896_897	TACTTGTAGAAGCCCA-16	0	0	0	0	0	0	1	0	0	0	0	0	0	0	0	0	0	0	0	0
896_897	CAGCGACGTCCCGACA-16	0	0	0	0	0	1	0	0	0	0	0	0	1	0	0	0	0	0	0	0
896_897	GGACATTTCCGCATCT-16	0	0	0	0	0	0	0	0	0	0	0	0	0	0	0	0	0	0	0	0
896_897	AAAGATGGTCTCCATC-16	0	0	0	0	0	0	0	0	0	0	0	0	0	0	0	0	0	1	0	0
896_897	GTCTCGTGTCTGATCA-16	0	0	0	0	0	0	1	0	0	0	0	0	0	1	0	0	0	0	0	0
896_897	CATATGGAGAACAACT-16	0	0	0	0	0	0	0	0	0	0	0	0	0	0	0	0	0	1	0	0
896_897	ACGCCAGAGCAACGGT-16	0	0	0	0	0	0	0	0	0	0	0	0	0	0	0	1	0	0	0	0
896_897	GGACAGAAGTTACGGG-16	0	0	0	0	0	0	1	0	0	0	0	0	0	1	0	0	0	0	0	0
896_897	GGAACTTGTGCTTCTC-16	0	0	0	0	0	0	0	0	0	0	0	0	0	0	0	0	1	0	0	0
896_897	GTCCTCATCTCTTGAT-16	0	0	0	0	0	0	0	0	0	0	1	0	0	0	0	0	0	0	0	0
896_897	GTCCTCATCGGAGGTA-16	0	0	0	0	0	0	1	0	0	0	0	0	0	0	0	0	0	0	0	0
896_897	CATCAAGAGTGAATTG-16	0	0	0	0	0	0	0	0	0	0	0	0	0	0	0	0	0	0	0	0
896_897	AGGGAGTGTCATTAGC-16	0	0	0	0	0	0	0	0	0	0	0	0	0	0	0	0	0	1	0	0
896_897	ATAACGCGTAGCGCAA-16	0	0	0	0	0	0	1	0	0	0	0	0	0	0	0	0	0	0	1	0
896_897	GGATGTTCAACGCACC-16	0	0	0	0	0	0	0	0	0	0	0	0	1	0	0	0	0	0	0	0
896_897	GTTTCTACATGTCCTC-16	0	0	0	0	1	0	0	0	0	0	0	0	0	0	0	0	0	1	0	0
896_897	TAAGTGCGTTGATTCG-16	0	0	0	0	0	0	0	0	0	0	0	0	0	0	0	0	0	0	0	0
896_897	GTTCTCGAGCGACGTA-16	0	0	0	0	0	0	0	0	0	0	0	0	0	0	0	0	0	0	0	0
896_897	CAACCTCAGGCTATCT-16	0	0	0	0	0	0	0	0	0	0	1	0	0	0	0	0	0	0	0	0
896_897	CAAGAAAAGAGCTGCA-16	0	0	0	0	0	0	0	0	0	0	1	0	0	0	0	0	0	0	0	0
896_897	AGGTCATAGAGGTTGC-16	0	0	0	0	0	0	0	0	0	0	0	0	0	0	0	0	0	0	0	0
896_897	GGCTCGATCATGCAAC-16	0	0	0	0	0	0	0	0	0	0	0	0	0	0	0	0	0	0	0	0
896_897	AGCAGCCCACATGTGT-16	0	0	0	0	0	1	0	0	0	0	0	0	0	0	0	0	0	0	0	0
896_897	ATCCGAAAGAGACGAA-16	0	0	0	0	0	1	0	0	0	0	0	0	0	0	0	0	0	0	0	0
896_897	ACGCAGCGTCCTAGCG-16	0	0	0	0	0	0	0	0	0	0	0	0	0	0	0	0	0	0	0	0
896_897	TACCTTAAGGAGTCTG-16	0	0	0	0	0	0	0	0	0	0	0	0	0	0	0	0	0	0	0	0
896_897	CACAGGCTCTGGCGTG-16	0	0	0	0	0	0	0	0	0	0	0	0	1	1	0	0	0	2	0	0
896_897	CACATTTCATAGACTC-16	0	0	0	0	0	0	1	0	0	0	0	0	0	0	0	0	0	0	0	0
896_897	ATCACGATCGAACGGA-16	0	0	0	0	0	0	0	0	0	0	0	0	0	0	0	0	0	0	0	0
896_897	CACCAGGTCTTGGGTA-16	0	0	0	0	0	0	1	0	0	0	0	0	0	0	0	0	0	0	0	0
896_897	GGGCATCCACAGGTTT-16	0	0	0	0	0	1	0	0	0	0	0	0	1	0	0	0	0	0	0	1
896_897	ATAGACCCAAAGTGCG-16	0	0	0	0	0	0	0	0	0	0	0	0	0	0	0	0	0	0	0	0
896_897	GGGTCTGAGAGTAAGG-16	0	0	0	0	1	0	0	0	0	0	0	0	0	0	0	0	0	0	0	0
896_897	CATGACAAGAAACCTA-16	0	0	0	0	0	0	1	0	0	0	0	0	0	0	0	0	0	0	0	1
896_897	CCAGCGATCGTGGTCG-16	0	0	1	0	0	0	0	0	0	0	0	0	0	0	0	0	0	0	0	0
896_897	CATGGCGGTGTTTGTG-16	0	0	0	0	0	0	0	0	0	0	0	0	0	0	0	0	0	0	0	0
896_897	TGCCCTATCCAAACTG-16	0	0	0	0	0	0	1	0	0	0	0	0	0	1	0	0	0	0	0	0
896_897	GATGAGGAGTACGCGA-16	0	0	0	0	0	1	0	0	0	0	0	0	0	0	0	0	0	0	0	0
896_897	CTCGAGGAGGAGTACC-16	0	0	0	0	0	0	0	0	0	0	0	0	0	1	0	0	0	2	0	0
896_897	CTCTAATGTCAATGTC-16	0	0	0	0	0	1	1	0	0	0	0	0	0	0	0	0	0	0	0	0
896_897	CTCTAATGTCGGCATC-16	0	0	0	0	0	0	1	0	0	0	0	0	0	0	0	0	0	0	0	0
896_897	CTCTGGTTCCTTAATC-16	0	0	0	0	0	0	0	0	0	0	0	0	0	0	0	0	0	1	0	0
896_897	AAGACCTAGACTAAGT-16	0	0	0	0	0	0	1	0	0	0	0	0	0	0	0	0	0	1	0	0
896_897	TGGTTAGGTCTAAACC-16	0	0	0	0	0	0	0	0	0	0	0	0	0	0	0	0	0	0	0	0
896_897	CTGAAGTCATGCAACT-16	0	0	0	0	0	0	0	0	0	0	0	0	0	0	0	0	0	0	0	0
896_897	CTGCCTAAGATGTTAG-16	0	0	0	0	0	0	1	0	0	0	1	0	0	0	0	0	0	1	0	0
896_897	TGTATTCCACGGTGTC-16	1	0	0	0	0	1	0	0	0	0	0	0	0	0	0	0	0	0	0	0
896_897	GAGGTGAAGAGGTTAT-16	0	0	0	0	0	0	0	0	0	0	0	0	0	0	0	1	0	0	0	0
896_897	GAGCAGAGTCGTCTTC-16	0	0	0	0	0	0	0	0	0	0	0	0	0	0	0	0	0	0	0	0
896_897	AACTCTTCAATGCCAT-16	0	0	0	0	0	0	0	0	0	0	0	0	0	0	0	0	0	0	0	0
896_897	GACTAACGTTCCGGCA-16	0	0	0	0	0	0	0	0	0	0	1	0	0	0	0	0	0	0	0	0
896_897	CTTAACTGTTATTCTC-16	0	0	0	0	0	0	0	0	0	0	1	0	0	0	0	0	0	0	0	0
896_897	CTTACCGAGGACTGGT-16	0	0	0	0	0	0	0	0	0	0	0	0	0	0	0	0	0	0	0	0
896_897	GACAGAGCATGACATC-16	0	0	0	0	0	0	0	0	0	0	0	0	0	0	0	0	0	2	0	1
896_897	GACAGAGCATGCCTTC-16	0	0	0	0	0	0	0	0	0	0	0	0	0	0	0	0	0	0	0	0
896_897	GATGCTATCCACTGGG-16	0	0	0	0	0	1	1	0	0	0	1	0	1	0	0	0	1	0	0	0
896_897	GCACATAGTCTAACGT-16	0	0	0	0	0	0	0	0	0	0	0	0	0	0	0	0	0	0	0	0
896_897	TGACGGCGTAGCGTCC-16	0	0	0	0	0	0	0	0	0	0	0	0	0	0	0	1	0	0	0	1
896_897	GCATACACAGATTGCT-16	0	0	0	0	0	1	0	0	0	0	0	0	0	0	0	0	0	0	1	0
896_897	CATGGCGTCACATACG-16	0	0	0	0	0	0	0	0	0	0	0	0	0	0	0	0	0	0	0	0
896_897	CATTATCAGCCAGTAG-16	0	0	0	0	0	0	1	0	0	0	0	0	0	0	0	0	0	2	1	0
896_897	GGAACTTAGCACCGCT-16	0	0	0	0	0	0	0	0	0	0	0	0	0	0	0	0	0	0	0	0
896_897	GGAACTTAGAGCCCAA-16	0	0	0	0	0	1	0	0	0	0	0	0	0	0	0	0	0	1	1	1
896_897	CCACTACAGCGATTCT-16	0	0	0	0	0	0	0	0	0	0	1	0	0	0	0	0	0	0	0	0
896_897	CCACTACCAACAACCT-16	0	0	0	0	0	0	0	0	0	0	0	0	0	0	0	0	0	0	0	0
896_897	GACGGCTGTCTGATCA-16	0	0	0	0	0	0	0	0	0	0	0	0	0	0	0	0	0	0	1	0
896_897	TCACGAACAAGTTAAG-16	0	0	0	0	0	1	0	0	0	0	1	0	0	0	0	1	0	0	0	0
896_897	GCTCCTATCTTCGAGA-16	0	0	0	0	0	0	3	0	0	0	0	0	2	0	1	0	1	3	0	0
896_897	TAGTGGTGTAAGAGAG-16	0	0	0	0	0	0	1	0	0	0	0	0	0	0	0	0	0	0	0	0
896_897	ACAGCTAGTGGTAACG-16	0	0	0	0	0	0	0	0	0	0	0	0	0	0	0	0	0	0	0	0
896_897	GCGGGTTGTTGTGGAG-16	0	0	0	0	0	0	0	0	0	0	0	0	0	0	0	0	0	1	0	0
896_897	GCGCGATCAGACGCTC-16	0	0	0	0	0	0	0	0	0	0	0	0	0	0	0	0	0	0	0	0
896_897	ACAGCCGCATAAGACA-16	0	0	0	0	0	0	0	0	0	0	0	0	0	0	0	0	0	0	0	0
896_897	GCGAGAACAGGGCATA-16	0	0	0	0	0	0	0	0	0	0	0	0	0	0	0	0	0	0	0	0
896_897	TCGTAGAGTAGCACGA-16	0	0	0	0	0	0	3	0	0	0	0	0	0	0	0	0	0	1	0	0
896_897	ACACCAACACAGATTC-16	0	0	0	0	1	0	0	0	0	0	0	0	0	0	0	0	0	0	0	0
896_897	CGCTATCGTACCCAAT-16	0	0	0	0	0	0	0	0	0	0	0	0	0	0	0	0	0	0	0	0
896_897	TCTTTCCCAAAGGAAG-16	0	0	0	0	0	0	0	0	0	0	0	0	0	0	0	0	0	1	0	0
896_897	CGTCCATGTCCATGAT-16	0	0	0	0	0	1	0	0	0	0	0	0	0	0	0	1	0	0	0	0
896_897	TCAGGTATCTAGAGTC-16	0	0	0	0	0	0	0	0	0	0	0	0	0	0	0	0	0	1	0	0
896_897	CTCGTACTCGGATGTT-16	0	0	0	0	0	0	0	0	0	0	1	0	0	0	0	0	0	1	1	0
898_899	AGCCTAATCTCCTATA-16	0	0	0	0	0	1	0	0	0	0	0	0	0	0	0	0	0	1	0	0
898_899	TGTTCCGAGACTAGAT-16	0	0	0	0	0	0	0	0	0	0	0	0	0	0	0	0	0	0	0	0
898_899	AGTGAGGTCAAAGACA-16	0	0	0	0	0	0	1	0	0	0	0	0	1	0	0	0	0	1	0	0
898_899	ATAGACCCATTAGGCT-16	0	0	0	0	0	0	0	0	0	0	0	0	0	0	0	0	0	1	0	0
898_899	ATCACGATCCACTCCA-16	0	0	0	0	0	0	0	0	0	0	0	0	0	0	0	0	0	0	0	0
898_899	ATCCACCTCTGTCTCG-16	0	0	0	0	0	1	0	0	0	0	0	0	0	0	0	0	0	0	0	0
898_899	ATCCGAATCGAGAGCA-16	0	0	0	0	0	0	0	0	0	0	0	0	0	0	0	0	0	1	0	0
898_899	ATCTACTGTAAACGCG-16	0	0	0	0	0	0	0	0	0	0	0	0	0	0	0	0	0	0	0	0
898_899	ATGCGATCAGTCCTTC-16	0	0	0	0	0	0	0	0	0	0	0	0	1	0	0	0	0	1	0	0
898_899	ATGGGAGTCCTTTACA-16	0	0	0	1	0	0	0	0	0	0	0	0	0	0	0	0	0	0	0	0
898_899	ATGTGTGCAGGTGCCT-16	0	0	0	0	0	0	0	0	0	0	0	0	1	0	0	1	0	0	0	0
898_899	AGTAGTCCAAGGACAC-16	0	0	0	0	0	1	1	0	0	0	0	0	0	0	0	0	0	0	0	0
898_899	ATTCTACCAAACGCGA-16	0	0	0	0	0	0	0	0	0	0	0	0	0	0	0	0	0	0	0	0
898_899	CAAGAAAAGGAGTAGA-16	0	0	0	0	0	0	0	0	0	0	0	0	0	0	0	0	0	0	0	0
898_899	GCACATAAGTTCGATC-16	0	0	0	0	0	0	0	0	0	0	0	0	0	0	0	0	0	0	0	0
898_899	CACACTCCATCCGGGT-16	0	0	0	0	0	0	0	0	0	0	1	0	0	0	0	0	0	0	0	0
898_899	CACAGTAGTGTAACGG-16	0	0	0	0	0	0	0	0	0	0	0	0	0	0	0	0	1	0	0	0
898_899	CACCACTTCGGTCCGA-16	0	0	0	1	0	0	0	0	0	0	0	0	1	0	0	0	0	1	0	0
898_899	CAGCGACAGTCGAGTG-16	0	0	0	0	0	0	0	0	0	0	0	0	0	0	0	0	0	0	0	0
898_899	CAGCTAAAGACACTAA-16	0	0	0	0	0	0	0	0	0	0	0	0	0	0	0	0	0	0	0	0
898_899	CAGCTGGGTATAGGTA-16	0	0	0	0	0	1	1	0	0	0	0	0	0	0	0	0	0	0	0	0
898_899	CAGTCCTAGCGATTCT-16	0	0	0	0	0	0	0	0	0	0	0	1	0	0	0	0	0	1	0	0
898_899	CAACTAGCAATGTAAG-16	0	0	0	0	0	0	0	0	0	0	1	0	0	0	0	0	0	0	0	0
898_899	CAGTCCTTCAGCAACT-16	0	0	0	0	0	0	0	0	0	0	0	0	0	0	0	0	0	1	0	0
898_899	GCGGGTTAGTGCTGCC-16	0	0	0	0	0	0	0	0	0	0	0	0	0	0	0	0	0	1	0	0
898_899	GCTGGGTGTTTGGCGC-16	0	0	0	0	0	0	0	0	0	0	0	0	1	0	0	0	0	0	0	0
898_899	GGGAATGTCATCTGTT-16	0	0	0	0	0	0	1	0	0	0	0	0	0	0	0	0	0	0	0	0
898_899	GGCTGGTTCGCATGGC-16	0	0	0	0	0	2	0	0	0	0	0	0	0	0	0	0	0	1	0	1
898_899	ACGATGTTCTCTTGAT-16	0	0	0	0	0	0	0	0	0	0	0	0	0	0	0	0	0	0	0	0
898_899	GGCGACTAGACTTGAA-16	0	0	0	0	1	0	0	0	0	0	0	0	0	0	0	0	0	1	0	0
898_899	ACGCCGATCTAACCGA-16	0	0	0	0	0	0	0	0	0	0	0	0	0	0	0	0	0	0	0	0
898_899	GGCCGATCATCATCCC-16	0	0	0	0	0	0	0	0	0	0	0	0	1	0	0	0	0	0	0	0
898_899	ACGGAGAAGTCGTACT-16	0	0	0	0	0	0	0	0	0	0	1	0	0	0	0	0	0	0	0	0
898_899	GGCCGATCACTGTCGG-16	0	0	0	1	0	0	0	0	0	0	0	0	0	0	0	0	0	0	0	0
898_899	ACTGTCCTCGCCTGTT-16	0	0	0	0	0	1	1	0	0	0	0	0	1	0	0	2	0	0	0	0
898_899	AGGTCATCAGCGAACA-16	0	0	0	0	0	0	0	0	1	0	0	0	0	0	0	0	0	0	0	0
898_899	GGATTACTCGGAATCT-16	0	0	0	0	0	0	0	0	0	0	0	0	0	0	0	0	0	0	0	0
898_899	ACTTGTTGTAAGAGGA-16	0	0	0	0	0	1	0	0	0	0	0	0	0	0	0	0	0	0	1	0
898_899	GGATGTTCAAGTTCTG-16	0	0	0	0	0	0	0	0	0	0	0	0	0	0	0	0	0	0	0	0
898_899	CTGAAACTCAGTCAGT-16	0	0	0	0	0	0	0	0	0	0	0	0	0	0	0	0	0	0	0	0
898_899	AGAATAGAGTCTTGCA-16	0	0	0	0	0	0	0	0	0	0	0	0	0	0	0	0	0	0	0	0
898_899	AGAGCTTCAGCTTAAC-16	1	0	0	0	0	0	0	0	0	0	0	0	0	0	0	0	0	0	0	0
898_899	GGACAAGCACAACGTT-16	0	0	0	0	0	0	0	0	0	0	0	0	0	0	0	0	0	0	0	0
898_899	AGCAGCCAGGGATGGG-16	0	0	0	0	1	0	0	0	0	0	0	0	0	0	0	0	0	0	0	0
898_899	GGACAAGCAAGACACG-16	0	0	0	0	0	0	0	0	0	0	0	0	0	0	0	2	0	0	1	0
898_899	GCTTCCAAGTTACCCA-16	0	0	0	0	0	0	0	0	0	0	0	0	0	0	0	0	0	0	0	0
898_899	ACTTGTTCACGCCAGT-16	0	0	0	0	1	0	0	0	0	0	0	0	1	0	0	0	0	1	0	0
898_899	GAGTCCGCAAGCGAGT-16	0	0	0	0	0	0	0	0	0	0	0	0	0	0	0	0	0	0	0	0
898_899	CATCAAGAGGGTGTTG-16	0	0	0	0	0	0	0	0	0	0	0	0	0	0	0	0	0	0	0	0
898_899	CATCCACGTAGCTAAA-16	0	0	0	0	0	0	0	0	0	0	0	0	0	0	0	0	0	0	1	0
898_899	CTGTGCTAGAAACGCC-16	1	0	0	0	1	0	0	0	0	0	0	0	1	0	0	0	0	2	0	0
898_899	CGATTGACAAGCCGCT-16	0	0	0	0	0	0	0	0	0	0	0	0	1	0	0	0	0	0	0	0
898_899	CTGGTCTCAAGCCGCT-16	0	0	0	0	0	0	0	0	0	0	0	0	0	1	0	0	0	0	0	0
898_899	CGCTTCACATCAGTCA-16	0	0	0	0	0	1	0	0	0	0	0	0	0	0	0	0	0	2	0	0
898_899	CGGACTGAGCGCCTCA-16	0	0	0	0	0	0	0	1	0	0	0	0	0	0	0	0	0	0	0	0
898_899	CGGACTGAGCTAGCCC-16	0	0	0	0	0	0	0	0	0	0	0	0	0	0	0	0	0	0	0	0
898_899	CGGAGTCTCACCCGAG-16	1	0	0	0	0	0	1	0	0	0	1	0	0	0	0	0	0	2	0	0
898_899	CGGCTAGGTTTGTGTG-16	0	0	0	0	0	0	0	0	0	0	0	0	0	0	0	0	0	1	0	0
898_899	CGGGTCACACCAGTTA-16	0	0	0	0	0	0	0	0	0	0	0	0	0	0	0	0	0	0	0	0
898_899	CTGTGCTAGACCTTTG-16	0	0	0	0	0	0	1	0	0	0	1	0	0	0	0	0	0	0	0	0
898_899	CGTAGGCAGCCACTAT-16	0	0	0	0	0	0	0	1	0	0	0	0	0	0	0	0	0	0	0	0
898_899	CGTTGGGTCCGGGTGT-16	0	0	0	0	0	0	0	0	0	0	0	0	0	0	0	1	0	0	1	0
898_899	CTACACCTCGGTGTCG-16	0	0	0	0	0	0	1	0	0	0	0	0	0	0	0	0	0	0	0	0
898_899	CTACGTCGTCGAGTTT-16	0	0	0	0	0	1	0	0	0	0	0	0	0	0	0	0	0	1	0	0
898_899	CTAGCCTGTGGACGAT-16	0	0	0	0	0	0	0	0	0	0	0	0	0	0	0	1	0	1	0	0
898_899	CTCACACTCGCCATAA-16	0	0	0	0	0	0	1	0	0	0	0	0	0	0	0	0	0	0	0	0
898_899	CTCAGAATCAGGTTCA-16	0	0	0	0	0	0	0	0	0	0	0	0	0	0	1	0	0	0	0	0
898_899	CTGAAGTAGAGGACGG-16	0	0	0	0	0	0	0	0	0	0	0	0	0	0	0	0	0	0	0	0
898_899	CTCGTACAGTGACATA-16	0	0	0	0	0	0	0	0	0	0	0	0	0	0	0	0	0	1	1	0
898_899	CTCGTCAAGACCTAGG-16	0	0	0	0	0	0	0	0	0	0	1	0	0	0	0	0	0	0	0	0
898_899	CGTGTAAGTCACAAGG-16	0	0	0	0	0	0	1	0	0	0	0	0	0	0	0	0	0	0	0	0
898_899	CGAGCCAAGAGCTATA-16	0	0	0	0	0	0	0	0	0	0	0	0	0	0	0	0	0	0	0	0
898_899	CGACTTCTCTTCGGTC-16	0	0	0	0	0	0	0	0	0	0	0	0	0	0	0	0	0	1	0	0
898_899	CGACTTCCACCTTGTC-16	0	0	0	0	0	1	0	0	0	0	0	0	0	0	0	0	0	0	0	0
898_899	CATGCCTGTTACCAGT-16	0	0	0	0	0	0	0	0	0	0	0	0	0	1	0	0	1	0	0	0
898_899	CATTATCGTATGAATG-16	0	0	0	0	0	0	0	0	0	0	0	0	0	0	0	0	0	0	0	0
898_899	CATTATCTCCTTAATC-16	0	0	0	0	0	0	1	0	0	0	0	0	0	0	0	0	0	0	0	0
898_899	CATTCGCCATATGGTC-16	0	0	0	0	0	0	0	0	0	0	0	0	0	0	0	0	0	0	0	0
898_899	CCAATCCGTACGCACC-16	0	0	0	0	0	0	0	0	0	0	0	0	0	0	0	0	0	1	0	0
898_899	CCACTACAGTCTCAAC-16	0	0	0	0	0	0	0	0	0	0	0	0	1	0	0	0	0	0	0	0
898_899	GACGTTACAGGATTGG-16	0	0	0	0	0	0	0	0	0	0	0	0	0	0	0	0	0	1	0	0
898_899	CCATGTCCACTCAGGC-16	0	0	0	0	0	0	0	0	0	0	0	0	0	0	0	0	0	1	0	0
898_899	CCCATACGTCATGCCG-16	0	0	0	0	0	0	0	0	0	0	0	0	0	0	0	1	0	0	0	0
898_899	CCGTGGACAGACAAAT-16	0	0	0	0	0	0	1	0	0	0	0	0	0	0	0	0	0	0	0	0
898_899	CCTAAAGGTGCCTGTG-16	0	0	0	0	0	0	0	0	0	0	0	0	0	0	0	0	0	0	0	0
898_899	CCTAAAGTCGAGCCCA-16	0	0	0	0	0	0	0	0	0	0	0	0	0	0	0	0	0	1	0	0
898_899	CCTACACGTTTGCATG-16	0	0	0	0	0	0	0	0	0	0	0	0	0	0	0	0	0	0	0	0
898_899	CCTAGCTGTCGATTGT-16	0	0	0	0	0	0	0	0	0	0	0	0	0	0	0	1	0	1	0	0
898_899	CCTAGCTTCAACGAAA-16	0	0	0	0	0	0	0	0	0	0	0	0	0	0	0	0	0	0	0	0
898_899	GACGGCTAGTGTTAGA-16	0	0	0	0	0	0	0	0	0	0	0	0	0	0	0	0	0	0	0	0
898_899	GAAATGAAGGCCCGTT-16	0	0	0	0	0	0	0	0	0	0	0	0	0	0	0	0	0	0	0	0
898_899	CCTATTAGTAACGACG-16	0	0	0	0	0	0	0	0	0	0	0	0	0	0	0	1	0	1	1	0
898_899	GAAACTCAGTAGCCGA-16	0	0	0	0	0	1	0	0	0	0	0	0	0	0	0	0	0	0	0	0
898_899	CCTCTGAGTATAGGGC-16	0	0	0	0	0	0	0	0	1	0	0	0	0	0	0	1	0	0	0	0
898_899	CGAATGTTCTGATACG-16	0	0	0	0	0	2	0	0	0	0	0	0	0	0	0	0	1	0	0	0
898_899	ACATACGAGTCGTTTG-16	0	0	0	0	0	0	0	0	0	0	0	0	0	0	0	0	0	0	0	0
898_899	GGGATGAGTGCGATAG-16	0	0	0	0	0	0	1	0	0	0	0	0	0	0	0	0	0	0	0	0
898_899	CTGAAACTCCGAAGAG-16	0	0	0	0	0	0	0	0	0	0	0	0	0	0	0	0	0	1	0	0
898_899	TTATGCTTCGCATGAT-16	0	0	0	0	1	0	0	0	0	0	0	0	0	0	0	1	0	0	0	0
898_899	GTGTTAGGTCTGATTG-16	0	0	0	0	0	0	0	0	0	0	0	0	0	0	0	1	0	0	1	0
898_899	GTTAAGCCAATGGAAT-16	0	0	0	0	0	0	0	0	0	0	0	0	1	0	0	0	0	0	0	0
898_899	GTTAAGCGTACGCACC-16	0	0	0	0	0	0	0	0	0	0	2	0	0	0	0	0	0	0	0	0
898_899	GTTACAGGTTCCACAA-16	0	0	0	0	0	0	0	0	0	0	0	0	0	0	0	0	0	0	0	0
898_899	GTTCATTAGCTTTGGT-16	0	0	0	0	0	1	0	0	0	0	1	0	0	0	0	0	0	1	0	0
898_899	TAAGCGTCAACACGCC-16	0	0	0	0	0	0	0	0	0	0	0	0	1	0	0	0	0	0	0	0
898_899	TTCCCAGGTCAAACTC-16	0	0	0	0	0	0	0	0	0	0	0	1	0	0	0	0	0	0	1	0
898_899	TGACAACAGGCAGTCA-16	0	0	0	0	1	0	0	0	0	0	0	0	0	0	0	0	0	0	0	0
898_899	TGTTCCGGTAGCGCTC-16	0	0	0	0	0	0	0	0	0	0	0	0	0	0	0	1	0	0	0	0
898_899	TGTTCCGAGCATGGCA-16	0	0	0	0	0	0	0	0	0	1	0	0	0	0	0	0	0	0	0	0
898_899	TACGGATAGACCCACC-16	0	0	0	0	0	0	0	0	0	0	0	0	0	0	0	0	1	0	0	0
898_899	TACGGTAAGAGGTTGC-16	0	0	0	0	0	0	0	0	0	0	0	0	1	0	0	0	0	1	0	0
898_899	TACTTACCACGAGGTA-16	0	0	0	0	0	0	0	0	0	0	0	0	0	0	0	0	0	0	0	0
898_899	GTGTGCGGTCGCGTGT-16	0	0	0	0	0	0	0	0	0	0	0	0	1	0	0	0	0	0	0	0
898_899	TACTTACTCGACAGCC-16	0	0	0	0	0	0	0	0	0	0	0	0	0	0	0	0	0	0	0	0
898_899	TGCGTGGTCTCTGCTG-16	0	0	0	0	0	0	0	0	0	0	0	0	0	0	0	0	0	0	0	0
898_899	TATCTCAAGGCCCGTT-16	0	0	0	0	0	0	0	0	0	0	0	0	0	0	0	0	0	0	0	0
898_899	TATTACCTCTGGCGTG-16	0	0	1	0	0	0	0	0	0	0	1	0	1	1	0	0	0	0	0	0
898_899	TCACGAAAGGTCATCT-16	0	0	0	0	0	0	0	0	0	0	0	0	0	0	0	0	0	0	1	0
898_899	TCGAGGCGTTGAACTC-16	0	0	0	0	0	0	0	0	0	0	0	0	0	0	0	0	0	0	0	0
898_899	TCGCGAGGTCAGTGGA-16	0	0	0	0	0	0	0	0	0	0	0	0	0	0	0	0	0	1	0	0
898_899	TCGGTAAAGGGTATCG-16	0	0	0	0	0	0	0	0	0	0	0	0	0	0	0	0	0	1	0	0
898_899	TCGTAGAAGTCGCCGT-16	0	0	0	0	0	0	0	0	1	0	0	0	0	1	0	0	0	0	0	0
898_899	TGCACCTGTGGACGAT-16	0	0	0	0	1	0	0	0	0	0	0	0	0	1	0	0	1	0	0	0
898_899	TCTGAGATCGGAATCT-16	0	0	0	0	0	0	1	0	0	0	0	0	0	0	0	0	0	0	0	0
898_899	TCTGGAAAGGTGATAT-16	0	0	0	0	0	0	2	0	0	0	0	0	2	0	0	0	0	0	0	0
898_899	TGAAAGAGTATAGTAG-16	1	0	0	0	0	0	1	0	0	0	0	0	0	0	0	0	0	1	0	1
898_899	TGACGGCTCCTTTCTC-16	0	0	0	0	0	0	0	1	0	0	0	0	0	0	0	0	0	0	0	0
898_899	TGCTACCCATGTAAGA-16	0	0	0	0	0	0	0	0	0	0	0	0	0	0	0	0	0	0	0	0
898_899	GTGTGCGAGACCTAGG-16	0	0	0	0	0	0	0	0	0	0	0	0	0	0	0	0	0	0	0	0
898_899	TGACGGCAGACTAGAT-16	0	0	0	0	0	1	0	0	0	0	0	0	0	0	0	0	0	0	0	0
898_899	AAGCCGCAGGTCGGAT-16	0	0	0	0	0	0	0	0	0	0	0	0	0	0	0	1	0	0	0	0
898_899	AAGGTTCTCCAACCAA-16	0	0	0	0	0	0	0	1	0	0	0	0	0	0	0	0	0	0	0	0
898_899	GGTATTGAGTGTCCCG-16	0	0	0	0	0	0	0	0	0	0	0	0	0	0	0	0	0	0	0	0
898_899	GGTGAAGCAGCCTTTC-16	0	0	0	0	0	1	0	0	0	0	0	0	0	0	0	0	0	0	0	0
898_899	GTACTTTAGAGGACGG-16	0	0	0	0	0	0	0	0	0	0	2	0	1	0	0	1	1	0	0	0
898_899	AAAGCAACAACGATCT-16	0	0	0	0	0	0	0	0	0	0	0	0	1	0	0	0	0	0	0	0
898_899	GTACTTTCACTGTCGG-16	0	0	0	0	0	0	0	0	0	0	0	0	0	0	0	0	0	0	0	0
898_899	AAGTCTGTCAACGGGA-16	0	0	0	0	0	0	0	0	0	0	1	0	0	0	0	0	0	0	0	0
898_899	AAAGCAACACGAAAGC-16	0	0	0	0	0	0	0	0	0	0	0	0	0	0	0	0	0	0	0	0
898_899	GTATTCTTCAGGCCCA-16	0	0	1	0	0	2	0	0	0	0	0	0	0	0	0	1	0	1	0	0
898_899	AAGACCTGTGGTAACG-16	0	0	0	0	0	0	0	0	0	0	0	0	0	0	0	0	0	0	0	0
898_899	TTTGCGCAGGATATAC-16	0	0	0	0	0	0	0	0	0	0	0	0	0	0	0	0	0	0	0	0
898_899	GTGCGGTAGCGTTTAC-16	0	0	0	0	0	0	0	0	0	0	0	0	0	0	0	0	0	0	0	0
898_899	TTCTCCTCATCCTTGC-16	0	0	0	0	0	0	0	0	0	0	0	0	0	0	0	0	0	1	0	0
898_899	TTCTCCTGTAGGCTGA-16	0	0	0	0	0	0	0	0	0	0	0	0	0	0	0	0	0	1	0	0
898_899	GTGCAGCGTGCTGTAT-16	0	0	0	0	0	0	0	0	0	0	0	0	0	0	0	0	0	0	0	0
899_900	ATTCTACTCAGCAACT-16	0	0	0	0	0	0	0	0	0	0	0	0	0	0	0	0	0	2	0	0
899_900	ACATCAGTCACTATTC-16	0	0	0	0	0	0	0	0	0	0	0	0	0	0	0	0	0	0	0	0
899_900	ATTCTACAGACAAGCC-16	0	0	0	0	0	0	0	0	0	0	0	0	0	0	0	0	1	0	1	0
899_900	GAGGTGAAGTACCGGA-16	0	0	0	0	0	0	0	0	0	1	0	0	0	0	0	0	0	0	0	0
899_900	GGACATTGTCGCTTTC-16	0	0	0	0	0	0	0	0	0	0	0	0	0	0	0	0	0	0	0	0
899_900	ATCCACCCAAACGTGG-16	0	0	0	0	0	2	1	0	0	0	0	0	0	0	0	0	0	1	1	0
899_900	ACTTTCACAATGCCAT-16	0	0	0	0	0	0	0	0	0	0	0	0	0	0	0	0	0	0	0	0
899_900	TGCTGCTAGATAGCAT-16	0	0	0	0	0	0	0	0	0	0	0	0	0	0	0	0	0	1	0	0
899_900	ATCTGCCTCATTCACT-16	0	0	0	0	0	0	1	0	0	0	0	0	0	0	0	0	0	1	0	0
899_900	TCCACACGTTTGTGTG-16	0	0	0	0	0	0	0	0	0	0	0	0	0	0	0	0	0	0	0	0
899_900	CTGCGGATCCGCTGTT-16	0	0	0	0	0	0	1	0	0	0	1	0	0	0	0	0	0	1	0	0
899_900	GCTGGGTTCTGATTCT-16	1	0	0	0	0	0	0	0	0	0	1	0	0	0	0	0	0	1	0	0
899_900	CCGTGGATCCTGTAGA-16	0	0	0	0	0	0	1	0	0	0	0	0	0	1	0	0	0	0	0	0
985_986	ATAAGAGAGATATGGT-11	0	0	0	0	0	0	0	0	0	0	1	0	0	0	0	0	1	0	0	0
985_986	GTCACAAAGTGAAGAG-11	0	0	0	0	0	0	0	0	0	0	0	0	0	0	0	0	0	0	0	0
985_986	CGGGTCACATCTCCCA-11	0	0	0	0	0	0	0	0	0	0	0	0	0	0	0	0	0	0	0	0
985_986	CGGCTAGAGCCCAACC-11	0	0	0	0	0	0	0	0	0	0	0	0	0	0	0	0	0	0	0	0
985_986	CGGAGTCTCGCATGAT-11	0	0	0	0	0	0	0	0	0	0	0	0	0	2	0	0	0	1	0	0
985_986	CATCGAACACGTCAGC-11	0	0	0	0	0	0	0	0	0	0	0	0	1	0	0	1	0	2	0	0
985_986	CGTGAGCGTTCCGGCA-11	0	0	0	0	0	0	0	0	0	0	0	0	0	0	0	0	0	0	0	0
985_986	TCCACACAGTAGCGGT-11	0	0	0	0	0	1	0	0	0	0	0	0	0	0	0	0	0	0	0	0
985_986	CATGGCGCAGGAATGC-11	0	0	0	0	0	0	0	0	0	0	0	0	0	0	0	0	0	0	0	0
985_986	TCGTAGACACTCGACG-11	0	0	0	0	0	0	0	0	0	0	0	0	0	0	0	0	0	0	0	0
985_986	AGCGGTCAGATCCGAG-11	0	0	0	0	0	0	0	0	0	0	2	0	0	0	0	0	0	0	0	0
985_986	CGTTGGGCATGGTAGG-11	0	0	0	0	0	0	0	0	0	0	0	0	0	0	0	1	0	0	0	0
985_986	GATCGTAGTTCCCGAG-11	0	0	0	0	0	0	0	0	0	0	0	0	2	0	0	0	0	0	0	0
985_986	GTCCTCACATGCCACG-11	0	0	0	0	0	0	0	0	0	0	1	0	0	0	0	0	0	2	0	0
985_986	CGCGGTATCCTTTCTC-11	0	0	0	0	0	1	0	0	0	0	0	0	0	0	0	0	0	2	0	0
985_986	CGACTTCCATTAGGCT-11	0	0	0	0	1	0	0	0	0	0	0	0	1	0	0	0	2	0	0	0
985_986	CCACCTACAGCGTAAG-11	0	0	0	0	0	0	0	0	0	0	0	0	0	0	0	0	0	0	0	0
985_986	AAACCTGCACGGTAGA-11	0	0	0	0	0	1	0	0	0	0	1	0	0	0	0	0	0	0	0	1
985_986	AAAGATGAGTCATGCT-11	0	0	0	0	0	0	1	0	0	0	1	0	0	0	0	0	0	1	0	0
985_986	GGATGTTGTTATTCTC-11	0	0	0	0	0	0	0	0	0	0	0	0	0	0	0	0	0	0	0	0
985_986	TCTCATACACTTGGAT-11	0	0	0	0	0	0	0	0	0	0	0	0	1	0	0	0	0	0	0	0
985_986	TCTCATAGTAAGGATT-11	0	0	0	0	0	0	1	0	0	0	0	0	0	0	0	0	0	0	0	0
985_986	TGACTTTTCACATAGC-11	0	0	0	0	0	0	0	0	0	0	0	0	0	0	0	0	0	0	1	0
985_986	GCTCTGTCAGACGCCT-11	0	0	0	0	0	0	0	0	0	0	0	0	0	0	0	0	0	0	0	0
985_986	TTATGCTCATTAACCG-11	0	0	0	0	0	0	0	0	0	0	1	0	0	0	0	0	0	0	0	0
985_986	TTGACTTAGTGTACTC-11	1	0	0	0	0	0	0	0	0	0	0	0	0	0	0	0	0	0	0	1
985_986	GACAGAGGTCGTCTTC-11	0	0	0	0	0	0	0	0	0	0	0	0	0	0	0	0	0	1	0	0
985_986	TTGCCGTTCAACGCTA-11	0	0	0	0	0	0	0	0	0	0	0	0	1	0	0	0	0	0	1	0
985_986	CACAGGCGTAACGACG-11	0	0	0	0	0	0	1	0	0	0	0	0	0	0	0	0	0	0	0	1
985_986	GTGCTTCCACATAACC-11	0	0	0	0	0	0	0	0	0	0	0	0	0	0	0	0	0	1	0	0
985_986	CTTTGCGAGAGTCGGT-11	1	0	0	0	0	0	1	0	1	0	0	0	0	0	0	0	0	0	1	0
985_986	CACATAGCAGGTGCCT-11	0	0	0	0	0	0	0	0	0	0	0	0	0	0	0	0	0	0	0	0
985_986	CTGTGCTGTTACGACT-11	0	0	0	0	0	0	0	0	0	0	0	0	0	0	0	0	0	1	0	0
985_986	CTGCTGTTCAACGAAA-11	1	0	0	0	1	0	0	0	0	0	0	0	0	0	0	0	0	0	0	0
985_986	TGACTAGTCCATGCTC-11	1	0	0	0	0	0	0	0	0	0	0	0	0	0	0	0	0	1	0	0
985_986	GTTAAGCAGGTGATTA-11	0	0	0	0	0	0	0	0	0	0	0	0	0	1	0	0	0	0	0	0
985_986	AACTCTTCAAGTAGTA-11	0	0	0	0	0	0	1	0	0	0	0	0	0	0	1	0	0	0	0	0
985_986	CTAATGGGTAGGACAC-11	0	0	0	0	0	0	1	0	0	0	0	0	0	0	0	0	0	0	0	0
985_986	GTTTCTACATTTCAGG-11	0	0	0	0	0	0	0	0	0	0	0	0	0	0	0	0	0	0	0	0
985_986	GGTATTGTCGATAGAA-11	0	0	0	0	0	0	0	0	0	0	1	0	0	1	0	0	0	0	0	0
986_987	CAGAGAGAGCCACGTC-12	0	0	0	0	0	0	1	0	0	0	0	0	1	0	0	0	0	0	0	0
986_987	CACACAACAGACGTAG-12	0	0	0	0	1	1	0	0	0	0	0	0	0	0	0	0	0	0	0	0
986_987	TTAGGACCACCCATGG-12	0	0	0	0	0	0	0	0	0	0	0	0	0	0	0	0	0	0	1	0
986_987	CACACCTGTTAGAACA-12	0	0	0	0	0	0	0	0	0	0	0	0	0	0	0	0	0	0	0	0
986_987	CATATTCGTTGTTTGG-12	0	0	0	0	0	0	0	0	0	0	0	0	0	0	0	0	0	0	0	0
986_987	TGCGGGTAGAAGGTGA-12	0	0	0	0	0	0	0	0	0	0	0	0	0	0	0	0	0	0	0	0
986_987	TGTCCCATCGTCTGCT-12	0	0	0	0	0	0	1	0	0	0	0	0	0	0	0	0	0	0	0	0
986_987	CAAGAAAGTATCGCAT-12	0	0	0	0	0	0	0	0	0	0	0	0	0	0	0	0	0	0	0	0
986_987	TGTCCCAGTAGCTCCG-12	0	0	0	0	0	0	0	0	0	0	0	0	0	0	0	0	0	0	1	0
986_987	TGCCAAAGTGCAACTT-12	0	0	0	0	0	0	0	0	0	0	0	0	0	0	0	0	0	3	0	0
986_987	CATCAAGAGAATCTCC-12	0	0	0	0	0	0	0	0	0	0	0	0	1	0	0	0	0	0	0	0
986_987	GACGCGTGTCTTGTCC-12	0	0	0	0	1	0	0	0	0	0	1	0	0	0	0	0	0	0	0	0
986_987	GGACATTTCGCACTCT-12	0	0	0	0	2	0	0	0	0	0	0	0	0	0	0	0	0	0	0	0
986_987	GGCGACTTCTTAGCCC-12	0	0	0	0	0	1	0	0	0	0	0	0	0	0	0	0	1	0	0	0
986_987	TGGGAAGTCAATACCG-12	0	0	0	0	0	0	0	0	0	0	0	0	0	0	0	0	0	0	0	0
986_987	GGAATAACAAGCTGGA-12	0	0	0	0	0	0	0	0	0	0	0	0	0	0	0	0	0	0	0	0
986_987	CAGCGACGTCATGCCG-12	0	0	0	0	0	0	0	0	0	0	0	0	1	0	0	0	0	0	0	0
986_987	TGCGCAGAGTCCTCCT-12	0	0	0	0	0	0	0	0	0	0	0	0	0	0	0	0	0	0	0	0
986_987	CAGAATCTCGGCGCAT-12	0	0	0	0	0	0	0	0	0	0	0	0	0	0	0	0	0	0	0	0
986_987	CATCGAATCCGTAGTA-12	0	0	0	0	0	0	0	0	0	0	0	0	0	0	0	1	0	0	0	0
986_987	TGGACGCTCTGCCAGG-12	0	0	0	0	0	0	0	0	0	0	0	0	0	0	0	0	0	0	0	0
986_987	GGCCGATTCTTAGCCC-12	0	0	0	0	0	0	1	0	0	0	0	0	0	0	0	0	0	0	0	0
986_987	CATCAGAAGGCTACGA-12	0	0	0	0	0	0	0	0	0	0	0	0	0	0	0	0	0	1	0	0
986_987	CAGAGAGTCAAGAAGT-12	0	0	0	0	0	0	0	0	0	0	0	0	0	0	0	0	0	1	0	0
986_987	CATGCCTCAACTGGCC-12	0	0	0	0	0	0	0	0	0	0	0	0	0	0	0	0	0	0	0	0
986_987	ATCACGAAGTACGACG-12	0	0	0	0	0	0	0	0	0	0	0	0	0	0	0	0	0	1	0	0
986_987	ATTCTACGTTTGTTGG-12	0	0	0	0	0	0	0	0	0	0	0	0	0	0	0	0	0	0	0	0
986_987	AGCGTCGTCGAATGGG-12	0	0	0	0	0	0	0	0	0	0	1	0	0	0	0	0	1	1	0	0
986_987	AGCCTAAAGTCCATAC-12	0	0	0	0	0	0	0	0	0	0	0	0	0	0	0	0	0	0	0	0
986_987	AGAGTGGCATCACAAC-12	0	0	0	0	0	0	0	0	0	0	0	0	0	1	0	0	0	0	0	0
986_987	ACTGCTCTCGCACTCT-12	0	0	0	0	0	0	0	0	0	0	0	0	0	0	0	0	0	0	0	0
986_987	ACGGCCAAGACTAGAT-12	0	0	0	0	0	0	0	0	0	0	0	0	0	0	0	0	1	0	0	0
986_987	ACGCCGATCGGTGTCG-12	0	0	0	0	0	0	1	0	0	0	0	0	0	0	0	0	0	0	0	0
986_987	ACGAGGAGTGTGTGCC-12	0	0	0	0	0	0	2	0	0	0	0	0	0	0	0	0	0	2	0	0
986_987	AAGGTTCAGTCCAGGA-12	0	0	0	0	0	0	0	0	0	0	0	0	0	0	0	0	0	0	0	0
986_987	AAGGCAGGTCCAGTAT-12	0	0	0	0	0	0	0	0	0	0	0	0	0	0	0	0	0	0	0	0
986_987	AAGGCAGAGCTAGCCC-12	0	0	0	0	0	0	0	0	0	0	0	0	0	0	0	0	0	1	0	0
986_987	AAGGAGCAGTCTCGGC-12	0	0	0	0	0	0	0	0	0	0	0	0	0	0	0	0	0	0	0	0
986_987	AAGACCTTCTGCTGTC-12	0	0	0	0	0	0	1	0	0	0	0	0	0	0	0	0	0	0	0	0
986_987	AAGACCTTCGCTGATA-12	0	0	0	0	0	0	0	0	0	0	0	1	0	0	0	1	0	0	0	0
986_987	AACTCTTGTAAATGTG-12	0	0	0	0	0	0	0	0	0	0	0	0	0	0	0	0	0	0	0	0
986_987	AACACGTCAGACGCAA-12	0	0	0	0	0	0	0	0	0	0	0	0	0	0	0	0	0	0	0	0
986_987	AAATGCCGTAACGACG-12	0	0	0	0	0	0	0	0	0	0	0	0	0	0	0	1	0	0	0	1
986_987	AAAGCAACAGCTCGCA-12	0	0	0	0	0	0	0	0	0	0	1	0	0	0	0	0	0	0	0	0
986_987	AGGCCACAGACCACGA-12	0	0	0	0	0	0	0	0	0	0	0	0	0	0	0	0	0	0	0	0
986_987	TTCGAAGCAGCATGAG-12	0	0	0	0	0	0	0	0	0	0	0	0	0	0	0	0	0	0	0	0
986_987	GCATGATGTACAAGTA-12	0	0	0	0	0	0	0	0	0	0	0	0	0	0	0	0	0	0	0	0
986_987	AGGTCCGGTACCTACA-12	0	0	0	0	0	0	0	0	0	0	1	0	0	1	0	0	0	0	0	0
986_987	ATTCTACAGAGTACCG-12	0	0	0	0	0	0	0	0	0	0	0	0	1	0	0	0	0	0	0	0
986_987	TTGACTTGTTTAGGAA-12	0	0	0	0	0	0	0	0	0	0	0	0	0	0	0	0	0	1	0	0
986_987	TTGCCGTAGCTGGAAC-12	0	0	0	0	0	0	0	0	0	0	0	0	0	0	0	2	0	0	0	0
986_987	GCGCCAAAGGAACTGC-12	0	0	0	0	0	0	0	0	0	0	1	0	0	0	0	0	0	0	0	0
986_987	GCGACCACATCCTTGC-12	0	0	0	0	0	0	1	0	0	0	1	0	0	0	0	1	1	2	0	0
986_987	GATGAAAAGTGGAGAA-12	0	0	0	0	0	0	0	0	0	0	0	0	0	0	0	0	0	0	0	1
986_987	GCACATAAGTTACCCA-12	0	0	0	0	0	0	0	0	0	0	0	0	0	0	0	0	0	0	0	0
986_987	TTGTAGGGTCAAGCGA-12	0	0	0	0	0	0	1	0	0	0	0	0	0	1	0	0	0	1	0	0
986_987	TGCCAAAGTAAGTTCC-12	0	0	0	0	0	0	0	0	0	0	0	0	0	0	0	0	0	1	0	0
986_987	GCAGCCAGTACCTACA-12	0	0	0	0	0	0	0	0	0	0	0	0	0	0	0	0	0	1	0	0
986_987	ATAGACCCACAGCCCA-12	0	0	0	0	0	0	0	0	0	0	0	0	0	1	0	0	0	0	0	0
986_987	GCATACAAGAGGTAGA-12	0	0	0	0	0	0	1	0	0	0	0	0	0	0	0	0	0	0	0	0
986_987	GCCAAATAGGGTTTCT-12	0	0	0	0	0	0	0	0	0	0	0	0	0	0	0	0	0	0	0	0
986_987	AGTGAGGGTTCGTGAT-12	0	0	0	0	0	0	0	0	0	0	0	0	1	0	0	0	0	0	0	0
986_987	AGTAGTCCATGCAATC-12	0	0	0	0	0	0	0	0	0	0	0	0	0	0	0	0	0	0	0	0
986_987	AGTAGTCAGCCACCTG-12	0	0	0	0	0	0	0	0	0	0	0	0	0	0	0	0	0	1	0	0
986_987	AGGTCCGGTACGAAAT-12	0	0	0	0	1	1	0	0	0	0	0	0	0	0	0	0	0	0	0	0
986_987	AGGGATGAGGCACATG-12	0	0	0	0	0	0	0	0	0	0	0	0	0	0	0	0	1	0	0	0
986_987	TGCACCTAGTACATGA-12	0	0	0	0	0	0	0	0	0	0	0	0	1	0	0	0	0	0	0	0
986_987	GTGGGTCGTCATGCAT-12	0	0	0	0	0	0	0	0	0	0	0	0	0	0	0	0	0	0	0	0
986_987	CGGAGTCCACATTAGC-12	0	0	0	0	1	1	0	0	0	0	0	0	0	0	0	1	0	0	0	0
986_987	GGGATGATCACGCGGT-12	0	0	0	0	0	0	0	0	0	0	0	0	0	0	0	0	1	0	1	0
986_987	GATCTAGCAAAGTCAA-12	0	0	0	0	0	1	0	0	0	0	0	0	0	1	0	0	0	0	0	0
986_987	CGAGCACTCATTATCC-12	0	0	0	0	0	0	0	0	0	0	0	0	0	0	0	0	0	1	0	0
986_987	CTGCTGTCACGCCAGT-12	0	0	0	0	0	0	0	0	0	0	0	0	0	0	0	0	0	1	0	0
986_987	TCGTACCAGAACAACT-12	0	0	0	0	0	0	0	0	0	0	0	0	0	0	0	0	0	0	0	0
986_987	GTCCTCACATGGTAGG-12	0	0	0	0	0	0	0	0	0	0	0	0	1	0	0	0	0	0	0	1
986_987	TCACGAAGTGCTGTAT-12	0	0	0	0	0	0	0	0	0	0	0	0	0	0	0	0	0	0	1	0
986_987	GGGCACTTCCATGCTC-12	0	0	0	0	0	0	0	0	0	0	0	0	0	0	0	0	0	0	0	0
986_987	CTGATAGAGAGAACAG-12	0	0	0	0	0	0	0	0	0	0	0	0	0	1	0	0	0	0	0	0
986_987	CGATGGCTCGCTTAGA-12	0	0	0	0	0	0	0	0	0	0	0	0	0	0	0	0	0	0	0	0
986_987	GGGTTGCAGTGGTAAT-12	0	0	0	0	0	0	0	0	0	0	0	0	0	0	0	1	0	1	0	0
986_987	TACTCGCCATATACCG-12	0	0	0	0	0	0	0	0	0	0	0	0	0	0	0	0	0	1	0	0
986_987	CCTTCCCGTGGTAACG-12	0	0	0	0	0	0	0	0	0	0	0	0	0	1	0	0	0	0	0	0
986_987	CTCGGGATCGAGGTAG-12	0	0	0	0	0	0	2	0	0	0	0	0	0	0	0	0	0	0	0	0
986_987	TCATTACCACTATCTT-12	1	0	0	0	0	1	0	0	0	0	0	0	0	0	0	0	0	0	0	0
986_987	GTATTCTAGCGTTGCC-12	0	0	0	0	0	0	0	0	0	0	0	0	0	1	0	0	0	0	0	1
986_987	CTAGAGTAGTATCGAA-12	0	0	0	0	0	0	0	0	0	0	1	0	0	0	0	0	0	1	0	0
986_987	TATCAGGAGGCGCTCT-12	0	0	0	0	0	0	1	0	0	0	0	0	0	0	0	0	0	0	0	0
986_987	CTAATGGAGAAACCGC-12	0	0	0	0	0	0	0	0	0	0	0	0	0	0	0	0	0	0	1	0
986_987	CGCTGGAAGTGCCATT-12	0	0	0	0	0	0	0	0	0	0	1	0	0	0	0	0	0	0	0	0
986_987	CGGACACGTCGTGGCT-12	0	0	0	0	0	0	0	0	0	0	0	0	0	0	0	0	0	0	0	0
986_987	GCATGCGCAGCTCGAC-12	0	0	0	0	1	0	0	0	0	0	1	0	0	0	0	0	0	0	0	0
986_987	GGTGCGTAGGCTAGCA-12	0	0	0	0	0	0	0	0	0	0	0	0	0	0	0	0	0	1	0	0
986_987	CGTTGGGTCGACCAGC-12	0	0	0	0	0	0	0	0	0	0	1	0	0	0	1	1	0	0	0	0
986_987	GGTGTTACATTTCAGG-12	0	0	0	0	0	0	0	0	0	0	0	0	0	0	0	0	0	0	0	0
986_987	CGTTAGAAGCCAGTTT-12	0	0	0	0	0	0	0	0	0	0	0	0	0	0	0	0	1	0	0	0
986_987	TACTTGTGTGATGTCT-12	0	0	0	0	0	0	0	0	0	0	0	0	0	0	0	0	0	0	1	0
986_987	CCTTCCCCAGTCAGCC-12	0	0	0	1	0	0	1	0	0	0	0	0	0	0	0	1	0	1	1	0
986_987	TCGGTAAAGAATGTGT-12	0	0	0	0	0	0	1	0	0	0	0	0	0	0	0	0	0	1	0	0
986_987	CCTTCCCCACTCTGTC-12	0	0	0	0	0	0	0	0	0	0	0	0	0	0	0	0	0	0	0	0
986_987	CCACTACCAAGTTAAG-12	0	0	0	0	0	0	1	0	0	0	0	0	0	0	0	0	0	0	0	0
986_987	CCATTCGTCTCGTATT-12	0	0	0	0	0	0	0	0	0	0	0	0	0	0	0	0	0	0	0	0
986_987	TGAGGGACACGACTCG-12	0	0	0	0	0	0	0	0	0	0	0	0	0	0	0	0	0	1	0	0
986_987	TGAGCATCAGGACGTA-12	0	0	0	0	0	0	0	0	0	0	0	0	0	0	0	1	0	0	0	0
986_987	GTGCTTCGTTCGGGCT-12	0	0	0	0	0	0	0	0	0	0	0	0	0	0	0	0	0	2	0	0
986_987	GGCTGGTGTGCAGTAG-12	0	0	0	0	0	1	0	0	0	0	1	0	0	0	0	0	0	0	0	0
986_987	GGGAATGGTCACTGGC-12	0	0	0	0	0	0	0	0	0	0	0	0	0	0	0	0	0	0	0	0
986_987	GTTACAGAGAGCTGGT-12	0	0	0	0	0	0	0	0	0	0	0	0	0	0	0	0	0	0	0	1
986_987	GATCGATTCGAGGTAG-12	0	0	0	0	0	0	0	0	0	0	0	0	0	0	0	1	0	0	0	0
986_987	GAGCAGACAACACCTA-12	0	0	0	0	0	0	2	0	0	0	0	0	2	0	0	1	0	0	1	0
986_987	CCTAGCTTCAACACGT-12	0	0	0	0	0	1	0	0	0	0	0	0	0	0	0	0	0	0	0	0
986_987	CCTAGCTTCCTTGGTC-12	0	0	0	0	0	0	0	1	0	0	0	0	0	0	0	0	0	0	0	0
986_987	CCTAAAGTCGGCTACG-12	0	0	0	0	1	0	0	0	0	0	0	0	0	0	0	0	0	0	0	0
986_987	GATCGATCAGTCAGCC-12	0	0	0	0	0	0	0	0	0	1	0	0	0	0	0	0	0	1	0	0
986_987	GAACGGATCCGTCATC-12	0	0	0	0	0	0	0	0	0	0	0	0	0	0	0	0	0	0	0	0
986_987	TAAACCGCAGTTCCCT-12	0	0	0	0	0	0	1	0	0	0	0	0	1	1	0	2	0	2	0	0
986_987	GGGAGATTCGAGAGCA-12	0	0	0	0	0	0	0	0	0	0	0	0	0	0	0	0	0	0	0	1
987_988	CTAATGGGTCTGGAGA-13	0	0	0	0	0	0	0	0	0	0	1	0	1	0	0	0	0	0	0	1
987_988	TTGCGTCTCTAACCGA-13	0	0	0	0	0	0	0	0	0	0	0	0	0	0	0	0	0	1	0	0
987_988	AACGTTGCATGGATGG-13	0	0	0	0	0	0	0	0	0	0	0	0	1	0	0	0	0	0	0	1
987_988	TTCTCCTCACGCTTTC-13	0	0	0	0	0	0	0	0	0	0	0	0	0	0	0	0	0	1	0	0
987_988	AGCCTAACACATAACC-13	0	0	0	0	0	0	0	0	0	0	0	0	0	0	0	1	0	0	0	0
987_988	TTCTACATCCAACCAA-13	0	0	0	0	0	0	1	0	0	0	1	0	0	0	0	0	0	1	0	0
987_988	AGCCTAAGTATGAAAC-13	0	0	0	0	0	0	0	0	0	0	0	0	0	0	0	0	0	0	0	0
987_988	TTCCCAGTCAACACCA-13	0	0	0	0	0	0	0	0	0	0	0	0	1	0	0	0	0	0	0	0
987_988	AGCGTATAGCAGATCG-13	0	0	0	0	0	0	0	0	0	0	0	0	0	0	0	0	0	1	0	0
987_988	CACAGGCCAAGCTGTT-13	0	0	0	0	0	0	0	0	0	0	0	0	0	0	0	0	0	0	0	0
987_988	ACGGGTCTCGCTTAGA-13	0	0	0	0	0	0	2	0	0	0	0	0	1	0	0	0	0	0	0	0
987_988	TGTATTCGTCCGTCAG-13	0	0	0	0	0	0	0	0	0	0	0	0	0	0	0	0	0	0	0	0
987_988	AGCTCTCGTAAGCACG-13	0	0	0	0	0	0	3	0	0	0	0	0	0	0	0	0	0	1	0	0
987_988	AGCTCTCGTCCGTCAG-13	0	0	0	0	0	0	0	0	0	0	0	0	0	0	0	1	0	0	0	0
987_988	TGTATTCCATATGCTG-13	0	0	0	0	0	0	0	0	0	0	0	0	0	0	0	0	0	0	0	0
987_988	CGTGTAATCCTCGCAT-13	0	0	0	0	0	0	0	0	0	0	0	0	0	0	0	0	0	0	0	0
987_988	AACTCTTGTTCGCTAA-13	0	0	0	0	0	0	0	0	0	0	0	0	0	0	0	0	0	0	0	0
987_988	CAGCTAACAGCCTTTC-13	0	0	0	0	0	0	0	0	0	0	0	0	0	0	0	0	0	0	0	0
987_988	TTTGGTTCATGACATC-13	0	0	0	0	0	0	1	0	0	0	0	0	0	0	0	0	0	0	0	0
987_988	ACGAGGATCGGAAATA-13	0	0	0	0	0	0	0	0	0	0	0	0	0	0	0	0	0	0	0	0
987_988	CTACCCAAGTTAGGTA-13	0	0	0	0	0	0	0	0	0	0	0	0	1	0	0	0	0	1	0	0
987_988	CTAGAGTGTGCTGTAT-13	0	0	0	0	0	0	0	0	0	0	0	0	1	0	0	0	0	0	0	0
987_988	AGGGATGGTATGAATG-13	0	0	0	0	0	0	0	0	0	0	0	0	0	0	0	0	0	0	0	0
987_988	ACCTTTACAGGGATTG-13	0	0	0	0	0	0	0	0	0	0	0	0	0	0	0	0	0	1	1	0
987_988	ACCCACTCACGGCCAT-13	0	0	0	0	0	0	0	0	0	0	0	0	0	0	0	0	0	1	0	0
987_988	ACATCAGCATGGTCTA-13	0	0	0	0	0	0	1	0	0	0	0	0	0	0	0	0	0	0	0	0
987_988	CTAACTTGTTATCACG-13	0	0	0	0	0	0	0	0	0	0	1	0	1	0	0	0	0	0	0	0
987_988	ACATCAGCAACTGCGC-13	0	0	0	0	0	0	0	0	0	0	0	0	0	0	0	0	0	0	0	0
987_988	AGAATAGAGGCCCTCA-13	0	0	0	0	0	0	0	0	0	0	1	0	0	0	0	0	0	2	0	0
987_988	CGCCAAGTCTCGCTTG-13	0	0	0	0	0	0	0	0	0	0	0	0	0	0	0	0	0	0	0	0
987_988	CAAGATCTCGGCTTGG-13	0	0	0	0	1	0	1	0	0	0	0	0	0	0	0	0	0	1	0	0
987_988	AGAATAGAGCTTTGGT-13	0	0	0	0	0	0	0	0	0	0	0	0	0	0	0	0	0	0	0	0
987_988	AAGGTTCCAAGTCTGT-13	0	0	0	0	0	0	0	0	0	0	1	0	0	0	0	0	0	0	0	0
987_988	AAGGAGCAGCTGCGAA-13	0	0	0	0	0	0	0	0	0	0	0	0	0	0	0	0	0	0	0	0
987_988	CACCTTGGTTCTCATT-13	0	0	0	0	0	0	0	0	0	0	0	0	0	1	0	0	0	1	0	0
987_988	ACGGAGAAGTACGATA-13	0	0	0	0	0	0	0	0	0	0	0	0	0	0	0	0	0	0	0	0
987_988	AGACGTTGTGATAAAC-13	0	0	0	0	0	0	0	0	0	0	0	0	0	0	0	0	0	0	0	0
987_988	TGGTTCCCAAGCGAGT-13	0	0	0	0	0	0	0	0	0	0	0	0	0	0	0	1	0	0	0	0
987_988	GTGCATACATAGGATA-13	1	0	0	0	0	0	1	0	0	0	0	0	0	0	0	0	0	0	0	0
987_988	TGGGAAGTCGCGATCG-13	0	0	0	0	0	0	0	0	0	0	0	0	1	0	0	0	0	0	0	0
987_988	CCTTACGGTGCCTTGG-13	0	0	0	1	0	0	0	0	0	0	0	0	0	0	0	0	0	0	0	0
987_988	GATCAGTAGTCATGCT-13	0	0	0	0	0	0	0	0	0	0	0	0	0	0	0	0	0	0	0	0
987_988	GATCTAGGTCTAGTCA-13	0	0	0	0	0	0	0	0	0	0	0	0	1	0	0	0	0	0	0	0
987_988	AGGTCCGCAAGGCTCC-13	0	0	0	0	0	0	0	0	0	0	0	0	2	0	0	0	0	0	0	0
987_988	CCTCAGTCACTTAAGC-13	0	0	0	0	0	0	0	0	0	0	0	0	0	0	0	0	0	0	0	0
987_988	TCAACGAGTGATAAGT-13	0	0	0	0	0	0	0	0	0	0	1	0	0	1	0	0	0	1	0	0
987_988	CCTATTAGTAAATGTG-13	0	0	0	0	0	0	0	0	0	0	1	0	0	0	0	0	0	0	0	0
987_988	GCTGCAGCACGTCTCT-13	0	0	0	0	1	1	1	0	0	1	1	0	0	0	0	0	0	1	0	0
987_988	CCTAGCTTCGACCAGC-13	0	0	0	0	0	0	0	0	0	0	0	0	0	0	0	0	0	0	0	0
987_988	GCTTGAAGTAGCGCAA-13	0	0	0	0	0	1	0	0	0	0	0	0	0	0	0	0	0	0	0	0
987_988	GGCTGGTGTTCATGGT-13	1	0	0	0	0	1	0	0	0	0	0	0	0	0	0	2	0	2	0	0
987_988	TATTACCGTCTCGTTC-13	0	0	0	0	0	0	0	0	0	0	1	0	0	0	0	0	0	0	0	0
987_988	TAGTTGGTCTTACCTA-13	0	0	0	0	0	2	0	0	0	0	0	0	0	0	0	0	0	0	0	0
987_988	TAGTTGGTCTGATACG-13	0	0	0	0	0	1	0	0	0	0	0	0	0	0	0	0	0	0	0	0
987_988	CCTACCATCCGATATG-13	0	0	0	0	0	0	0	0	0	0	0	0	0	0	0	0	0	1	0	0
987_988	GGTGAAGCATAGAAAC-13	0	0	0	0	0	0	0	0	0	0	0	0	0	0	0	0	0	0	1	0
987_988	TACTTACGTAAACCTC-13	0	0	0	0	0	0	0	0	0	0	0	0	0	0	0	0	0	0	0	0
987_988	TACTCGCGTGCACTTA-13	0	0	0	1	1	0	0	0	0	0	0	0	0	0	0	0	0	0	2	0
987_988	TACTCATCAATCCGAT-13	0	0	0	0	0	0	0	0	0	0	0	0	1	0	0	0	0	1	0	0
987_988	TACAGTGGTTGACGTT-13	0	0	0	0	0	1	1	0	0	0	0	0	0	0	0	0	0	0	0	0
987_988	TAAGAGAGTAAGTGGC-13	0	0	0	0	0	0	0	0	0	0	0	0	0	0	0	0	0	0	1	0
987_988	GTAGTCAAGCGTGTCC-13	0	0	0	0	0	0	0	0	0	0	0	0	0	0	0	0	0	1	0	0
987_988	GTTCATTAGCACCGTC-13	0	0	0	0	0	1	0	0	0	0	0	0	1	0	0	0	0	0	0	0
987_988	GTGCTTCTCTCCAGGG-13	0	0	0	0	0	1	0	0	0	0	0	0	0	0	0	0	0	0	0	0
987_988	GTCACGGCAGACAAGC-13	0	0	0	0	0	0	0	0	0	0	0	0	0	0	0	0	0	0	0	0
987_988	CCGGTAGCATCCTAGA-13	0	0	0	0	0	0	0	0	0	0	0	0	0	0	0	0	0	0	0	0
987_988	ATCGAGTCAGCTGTAT-13	0	0	0	0	0	0	0	0	0	0	0	0	0	0	0	1	0	0	0	0
987_988	GAGGTGACACTTAAGC-13	0	0	0	0	0	0	0	0	0	0	0	0	0	0	0	0	0	0	0	0
987_988	ATTCTACTCTTTACAC-13	0	0	0	0	0	0	0	0	0	0	0	0	0	0	0	0	0	0	0	0
987_988	GCACTCTAGCTGCCCA-13	0	0	0	0	0	1	0	0	0	0	0	0	1	0	0	0	0	1	0	0
987_988	CCTTTCTAGGTGCTAG-13	0	0	0	0	0	0	0	0	0	0	1	0	0	0	0	0	0	1	0	0
987_988	TGCGTGGAGGTGATAT-13	0	0	0	0	0	0	0	0	0	0	0	0	1	0	0	0	0	0	0	0
987_988	TGATTTCAGAGCAATT-13	0	0	0	0	0	0	0	0	0	0	0	0	0	0	0	0	0	0	0	0
987_988	CTAGCCTAGCCTATGT-13	0	0	0	0	1	0	0	0	0	0	0	0	0	0	0	0	0	0	0	0
987_988	GTGCTTCCAGGTCCAC-13	0	0	0	0	0	0	0	0	0	0	0	0	0	0	0	0	0	0	0	0
987_988	CTCAGAAAGCGATAGC-13	0	1	0	0	0	0	1	0	0	0	0	0	0	0	0	0	0	0	0	0
987_988	CGATGTATCGCAAACT-13	0	0	0	0	0	0	0	0	0	0	0	0	1	0	0	0	0	0	0	0
987_988	CGATGTAAGAGCCCAA-13	0	0	0	0	0	0	0	0	0	0	0	0	0	0	0	0	0	0	0	0
987_988	CTCTAATAGCGTTTAC-13	0	0	0	0	0	0	0	0	0	0	0	0	0	0	0	0	0	0	0	0
987_988	TGAGCCGTCCGGGTGT-13	0	0	0	0	0	0	1	0	0	0	0	0	1	0	0	0	0	0	0	0
987_988	TGAGCATTCATCTGCC-13	0	0	0	0	0	0	0	0	0	0	0	0	0	0	0	0	0	0	0	0
987_988	CGTGTAAAGGAGCGTT-13	0	0	0	0	0	0	0	0	0	0	0	0	0	0	0	0	0	0	0	0
987_988	CTGTGCTCATTTCACT-13	0	0	0	0	0	0	1	0	0	0	0	0	0	0	0	0	0	0	0	0
987_988	GTACTTTTCGTCTGAA-13	0	0	0	0	0	0	1	0	0	0	0	0	0	0	0	0	0	1	0	0
987_988	GACTAACGTAAGGGAA-13	0	0	0	0	0	0	0	0	0	0	0	0	0	0	0	0	0	0	0	0
987_988	GACCAATCAGCGTTCG-13	0	0	0	0	0	0	0	0	0	0	0	0	0	0	0	0	0	0	0	0
987_988	GAAGCAGTCCGATATG-13	0	0	0	0	0	0	0	0	0	0	0	0	0	0	0	0	0	0	0	1
987_988	TGAAAGAAGATAGTCA-13	0	0	0	0	0	0	0	0	0	0	1	0	0	0	0	0	0	0	0	0
987_988	CTGTGCTGTATCAGTC-13	0	0	0	0	0	0	0	0	0	0	0	0	0	0	0	0	0	0	0	0
987_988	TCGGGACCATGTTGAC-13	0	0	0	0	0	0	0	0	0	0	0	0	0	0	0	0	0	0	0	0
988_989	AAAGATGCAATGACCT-13	0	0	0	0	0	1	0	0	0	0	0	0	0	0	0	0	0	0	0	0
988_989	CTACGTCTCAGTTCGA-13	0	0	0	0	0	0	2	0	0	0	1	0	0	0	0	0	0	0	0	0
988_989	CGAGAAGAGTCCATAC-13	0	0	0	0	0	0	0	0	0	0	0	0	1	0	0	0	0	0	0	0
988_989	ATAAGAGGTCAATACC-13	0	0	0	0	0	0	0	0	0	0	0	0	0	0	0	0	0	0	0	0
988_989	AAACCTGGTCGGGTCT-13	1	0	0	0	0	0	0	0	0	0	0	0	0	0	0	0	0	0	0	0
988_989	CTAATGGGTCTCTTAT-13	0	0	0	0	0	0	0	0	0	0	1	0	1	0	0	0	0	0	0	0
988_989	CTGGTCTTCGTGGTCG-13	0	0	0	0	0	1	0	0	0	0	0	0	0	0	0	0	0	0	0	0
988_989	CCTTCCCTCTCGCTTG-13	0	0	0	0	0	0	1	0	0	0	0	0	0	0	0	0	0	2	0	0
988_989	ACGGCCATCCGATATG-13	0	0	0	0	0	1	1	0	0	0	0	0	0	0	0	0	0	1	0	0
988_989	GGGCATCTCTCGATGA-13	0	0	0	0	1	1	0	0	0	0	0	0	1	0	0	0	0	0	0	0
989_990	TCCACACAGATGTGTA-11	0	0	0	1	0	0	0	0	0	0	0	0	0	0	0	0	0	1	0	0
989_990	TCACAAGGTAAGGGAA-11	0	0	0	0	0	0	0	0	0	0	1	0	0	0	0	0	0	0	0	0
989_990	GTCATTTAGCGTAATA-11	0	0	0	0	0	0	0	0	0	0	0	1	0	0	0	0	0	0	0	0
989_990	GTACTTTGTGTGAAAT-11	0	0	0	0	0	0	0	0	0	0	0	0	0	0	0	0	0	0	1	0
989_990	TCGAGGCAGCTTTGGT-11	1	0	0	0	0	0	0	0	0	0	0	0	0	0	0	0	0	0	0	0
989_990	TCTGGAAAGAAAGTGG-11	0	0	0	0	0	2	0	0	0	0	1	0	0	1	0	0	0	0	0	0
989_990	TAAGCGTGTCATCCCT-11	0	0	0	0	0	0	0	0	0	0	0	0	0	0	0	0	0	0	0	0
989_990	TAAGAGATCTGTCAAG-11	0	0	0	0	0	0	0	0	0	0	0	0	0	0	0	0	0	1	0	0
989_990	GTCTCGTAGATGGCGT-11	0	0	0	0	0	0	1	0	0	0	0	0	0	0	0	0	0	0	0	0
989_990	GTTTCTAAGCACCGCT-11	0	0	0	0	0	0	1	0	0	0	0	0	0	0	0	0	0	0	0	0
989_990	TTAGTTCTCCCACTTG-11	0	0	0	0	0	1	0	0	0	0	0	0	0	0	0	0	0	1	0	0
989_990	GTAACTGGTAAGGGCT-11	0	0	0	0	0	0	1	0	0	0	0	0	1	0	0	0	0	0	0	0
989_990	CAAGAAACAGCATACT-11	0	0	0	0	0	0	0	0	0	0	0	0	0	0	0	0	0	1	0	0
989_990	CACACCTTCAGGCCCA-11	0	0	0	0	0	0	0	0	0	0	0	0	0	0	0	1	0	0	0	0
989_990	CACCACTGTCGAATCT-11	0	0	1	0	0	0	0	0	0	0	0	0	0	0	0	0	0	1	0	0
989_990	CACCTTGTCGAATGGG-11	0	0	0	0	0	0	1	0	0	0	0	0	0	0	0	0	0	0	0	1
989_990	CAGCAGCCACTTACGA-11	0	0	0	0	1	1	0	0	0	0	0	0	1	0	0	1	0	1	0	0
989_990	CAGCGACAGACAGACC-11	0	0	0	0	0	0	0	0	0	0	0	0	0	0	0	0	0	0	0	0
989_990	CAGCTGGGTAGAGTGC-11	0	0	0	0	0	1	0	0	0	0	0	0	0	0	0	0	0	0	0	0
989_990	CATCCACTCCTCAACC-11	0	0	0	0	0	0	0	0	0	0	0	0	0	0	0	0	0	1	0	0
989_990	CCAGCGAGTCATCGGC-11	0	0	0	0	0	0	0	0	0	0	0	0	0	0	0	0	0	0	0	0
989_990	CCATGTCCAGGGATTG-11	0	0	0	0	0	0	0	0	0	0	0	0	0	0	0	0	0	0	0	0
989_990	CCGGGATAGATGTTAG-11	0	0	0	0	0	0	0	0	0	0	0	0	0	0	0	0	0	0	0	0
989_990	CCGTACTAGCTGTTCA-11	0	0	0	0	0	0	0	0	0	0	0	0	0	0	1	0	0	0	0	0
989_990	CCTACACTCCACGCAG-11	0	0	0	0	0	0	0	0	1	0	0	0	0	0	0	0	0	0	0	0
989_990	GTACGTATCACAATGC-11	0	0	0	0	0	0	0	0	0	0	0	0	0	0	0	1	0	0	0	0
989_990	CGAACATTCGTACCGG-11	0	0	0	0	0	0	0	0	0	0	1	0	0	0	0	0	0	1	0	0
989_990	CGATGTATCATGCAAC-11	0	0	0	0	0	0	0	0	0	0	0	0	0	0	0	0	0	0	0	0
989_990	CGCGTTTAGTTGTAGA-11	0	0	0	0	0	0	0	0	0	0	0	0	0	0	0	0	0	1	0	0
989_990	CGGAGTCCAAGCGAGT-11	1	0	0	0	0	0	0	0	0	0	1	0	1	0	0	0	0	0	0	0
989_990	CGGTTAATCACATACG-11	0	0	0	0	0	0	0	0	0	0	0	0	0	0	0	0	0	0	0	0
989_990	CGTAGGCTCCTTTCGG-11	0	0	0	0	0	0	1	0	0	0	0	0	0	0	0	0	1	0	0	0
989_990	CGTCCATGTTACCGAT-11	0	0	0	0	0	0	0	0	0	0	0	0	0	0	0	0	0	0	0	0
989_990	ATTTCTGAGGCCGAAT-11	0	0	0	0	0	0	0	0	0	0	0	0	0	0	0	0	0	0	0	0
989_990	ATTGGTGGTGCTGTAT-11	0	0	0	0	0	0	0	0	0	0	0	0	0	0	0	0	0	0	0	0
989_990	ATTATCCCAGATAATG-11	0	0	0	0	0	0	0	0	0	0	0	0	0	0	0	0	0	0	0	0
989_990	ATCTGCCAGGATATAC-11	0	0	0	0	0	0	0	0	0	0	1	0	0	0	0	0	0	0	1	0
989_990	TTCTCAAAGCAGACTG-11	0	0	0	0	0	1	0	1	0	0	0	0	0	0	0	0	0	0	0	0
989_990	TTGCCGTTCGTGGTCG-11	0	0	0	0	0	0	0	0	0	0	0	0	0	0	0	0	0	0	0	0
989_990	TGCCCTAGTTCCCGAG-11	1	0	0	0	0	0	3	0	0	0	0	0	0	0	0	0	1	1	0	0
989_990	TGTGTTTCAGGCAGTA-11	0	0	0	0	0	1	0	0	0	0	0	0	0	0	0	0	0	1	0	0
989_990	AAACCTGAGTGGGATC-11	0	0	0	0	0	1	0	0	0	0	1	0	0	0	0	0	1	1	0	0
989_990	AAAGATGGTGAACCTT-11	0	0	0	0	0	0	0	0	0	0	0	0	0	0	0	0	0	0	0	0
989_990	AAAGCAATCTTACCGC-11	0	0	0	0	0	0	0	0	0	0	0	0	0	0	0	0	0	0	0	0
989_990	AAAGTAGTCGTAGGTT-11	0	0	0	0	0	0	0	0	0	0	0	0	0	0	0	0	0	0	0	0
989_990	AAATGCCTCATTCACT-11	0	0	0	0	0	0	0	0	0	1	0	0	0	0	0	0	0	2	0	0
989_990	AACTCAGGTCCGAACC-11	0	0	0	0	0	0	0	0	0	0	1	0	0	0	0	0	0	1	0	0
989_990	CGTCTACAGAATTCCC-11	0	0	0	0	0	1	0	0	0	0	1	1	0	0	0	0	0	0	0	0
989_990	AACTCCCGTCTCTCGT-11	0	0	0	0	0	0	0	0	0	0	0	0	1	0	0	0	0	1	0	0
989_990	ACTTACTTCTGCTGCT-11	0	0	0	0	0	1	0	0	0	0	0	0	0	0	0	0	0	0	1	1
989_990	AGAATAGAGGTCATCT-11	0	0	0	0	0	0	0	0	0	0	0	0	0	0	0	0	0	0	0	0
989_990	AGAGTGGAGCGATAGC-11	0	0	0	0	0	0	0	0	0	0	2	0	4	1	0	0	0	3	0	0
989_990	AGCTCCTAGCTTTGGT-11	0	0	0	0	0	0	0	0	0	0	0	0	0	0	0	0	0	1	0	0
989_990	AGGGAGTAGTGAAGTT-11	0	0	0	0	0	0	0	0	0	0	0	0	0	0	0	0	0	0	0	0
989_990	AGTGAGGCATGACATC-11	0	0	0	0	0	0	0	0	0	0	0	0	0	0	0	0	0	0	0	0
989_990	AGTGTCACACGTCTCT-11	0	0	0	0	0	0	0	0	0	0	0	0	0	0	0	0	0	0	0	0
989_990	AGTTGGTAGCTAAACA-11	0	0	0	0	0	0	1	0	0	0	0	0	0	0	0	0	0	0	0	0
989_990	ATCCACCTCTCGGACG-11	0	0	0	0	0	0	1	0	0	0	0	0	1	0	0	0	0	0	0	0
989_990	ATCTACTGTAGCGATG-11	1	0	0	0	0	1	0	0	0	0	0	0	0	0	0	0	0	0	0	1
989_990	ACGATACAGACTGTAA-11	0	0	0	0	0	0	0	0	0	0	1	0	0	0	0	0	0	1	0	0
989_990	CGTTGGGTCCCTAATT-11	0	0	0	0	0	0	1	0	0	0	0	0	0	0	0	0	0	1	0	0
989_990	CGAACATGTGCACGAA-11	0	0	0	0	0	0	0	0	0	0	0	0	1	0	0	0	0	0	1	0
989_990	GCATGCGCAAGGTTTC-11	0	0	0	0	0	0	0	0	0	0	0	0	0	1	1	0	0	0	0	1
989_990	GAGCAGATCAAACCAC-11	0	0	0	0	0	0	0	0	0	0	0	0	0	0	0	0	0	0	1	0
989_990	GATCAGTCACGTGAGA-11	0	0	0	0	0	0	0	0	0	0	0	0	0	0	0	0	0	0	0	0
989_990	GATCGATGTTAAAGTG-11	0	0	0	0	0	0	0	0	0	0	0	0	0	0	0	0	0	0	0	1
989_990	GCAAACTTCTCGCATC-11	0	0	0	0	1	1	0	0	0	0	1	0	1	1	0	0	0	0	0	1
989_990	GCACATAAGTCAAGGC-11	0	0	0	0	0	0	0	0	0	0	0	0	0	0	0	0	0	0	0	0
989_990	GCACATAAGTTCCACA-11	0	0	0	0	0	1	0	0	0	0	1	0	1	0	0	0	0	0	0	0
989_990	GCACTCTAGATGAGAG-11	0	0	0	0	0	0	0	0	0	0	0	0	0	0	0	0	0	1	0	0
989_990	GCAGCCAAGTAGTGCG-11	0	0	0	0	0	0	1	0	0	0	0	0	0	0	0	0	0	0	1	0
989_990	CTCAGAATCTGCAGTA-11	0	0	0	0	0	1	0	0	1	0	0	0	0	0	0	0	0	0	0	0
989_990	GCATGCGTCCCATTAT-11	0	0	0	0	0	0	0	0	0	0	0	0	0	0	0	0	0	0	0	0
989_990	GGACAAGGTGCACTTA-11	0	0	0	0	0	0	0	0	0	0	0	0	0	0	0	0	0	0	0	0
989_990	GGATGTTGTTGCTCCT-11	0	0	0	0	0	0	2	0	0	0	0	0	0	0	0	0	0	0	1	0
989_990	GGATTACTCTTGCATT-11	0	0	0	0	0	0	0	0	0	0	0	0	0	0	0	0	0	0	0	0
989_990	GGCTGGTGTCATGCAT-11	1	0	0	0	0	1	0	0	0	0	0	0	0	0	0	0	0	0	0	0
989_990	GGGTCTGAGCTAACTC-11	0	0	0	0	0	0	0	0	0	0	0	0	0	0	0	0	0	2	0	0
989_990	GGGTCTGCAAACCTAC-11	0	0	0	0	0	0	0	0	0	0	0	0	0	0	0	0	0	0	0	0
989_990	GGTGAAGTCTGGTGTA-11	0	0	1	0	0	0	0	0	0	0	1	0	0	0	0	1	0	1	0	0
989_990	GACTACAGTTCGTCTC-11	0	0	0	0	0	0	0	0	0	0	0	0	0	0	0	0	0	0	0	0
989_990	GACGTTATCCCAAGTA-11	0	0	0	0	0	1	0	0	0	0	0	0	0	0	0	0	0	0	1	0
989_990	AACCATGCACAGGAGT-11	0	0	0	0	0	0	0	0	0	0	0	0	1	0	0	0	0	0	0	0
989_990	GAAACTCCATCCCATC-11	0	0	0	0	0	0	0	0	0	0	0	0	0	0	0	0	0	0	0	0
989_990	GACCTGGGTGATGTCT-11	0	0	0	0	0	0	0	0	0	0	0	0	0	0	0	0	0	0	0	0
989_990	GACCTGGTCATTGCGA-11	0	0	0	0	0	1	0	0	0	0	0	0	0	0	0	0	0	0	0	0
989_990	CTTACCGCATAGGATA-11	0	0	0	0	0	0	0	0	0	0	0	0	1	0	0	0	0	0	0	0
989_990	GACGCGTTCCACGCAG-11	0	0	0	0	0	0	0	0	0	0	0	0	0	0	0	0	0	0	0	0
990_991	ACGATACCAGGTCGTC-11	0	0	0	0	0	0	0	0	0	0	1	0	0	0	0	0	0	0	0	0
990_991	ACTGCTCAGTCCAGGA-11	0	0	0	0	0	0	0	0	0	0	0	0	1	0	0	0	0	1	1	0
990_991	GTATTCTTCAACGGCC-11	0	0	0	0	0	0	1	0	0	0	1	0	0	0	0	0	0	0	0	1
990_991	ACCGTAATCACATACG-11	0	0	0	0	0	0	0	0	0	0	0	0	0	0	0	0	0	0	0	0
990_991	TTAGGCATCATGTCCC-11	0	0	0	0	0	0	0	0	0	0	0	0	0	0	0	0	0	1	0	1
990_991	ACAGCTAGTACTCTCC-11	0	1	0	0	0	0	0	0	0	0	0	0	0	0	0	0	0	0	0	0
990_991	AAGGTTCGTAGCGTAG-11	0	0	0	0	0	0	0	0	0	0	1	0	0	0	0	0	0	1	0	0
990_991	GGACAGAGTCACACGC-11	0	0	0	0	0	1	0	0	0	0	0	0	0	0	0	0	0	0	0	0
990_991	TCGCGAGAGGAATTAC-11	0	0	0	0	0	0	0	0	0	0	0	0	0	0	0	0	0	0	0	0
990_991	CTCTAATTCAACACAC-11	0	0	0	0	0	0	0	0	0	0	1	0	0	0	0	0	0	0	0	0
990_991	AACCGCGTCACGAAGG-11	0	0	0	0	0	0	0	0	0	0	1	0	0	0	0	0	1	0	0	0
990_991	CTCGGGATCTACCTGC-11	0	0	0	0	0	0	0	0	0	0	0	0	0	0	0	0	0	0	0	0
990_991	ACGATGTGTGTTTGTG-11	0	0	0	0	0	0	0	0	0	0	0	0	1	0	0	0	0	0	0	0
990_991	GACGTTAGTGTGACGA-11	0	0	0	0	0	0	0	0	0	0	0	0	0	0	0	0	0	0	0	0
990_991	AAAGTAGCATACTCTT-11	0	0	0	0	0	0	0	0	0	0	0	0	1	0	0	0	0	1	0	0
990_991	CGTCACTCATAACCTG-11	0	0	0	0	0	0	0	0	0	0	0	0	0	0	0	0	0	0	0	0
990_991	GGCTGGTTCCTTTCTC-11	0	0	0	0	0	0	1	0	0	0	0	0	1	0	0	1	0	0	0	0
990_991	TCGGTAACAGCATGAG-11	0	0	0	0	0	0	0	0	0	0	0	0	0	0	0	0	0	0	0	0
990_991	GGGAATGCATAAAGGT-11	0	0	0	0	0	0	1	0	0	0	0	0	0	1	0	1	0	0	0	0
990_991	TACTTACGTGTGAATA-11	0	0	0	0	0	0	0	0	0	0	1	0	0	0	0	0	0	2	0	0
990_991	CGTTCTGAGATGCCAG-11	0	0	0	0	1	1	0	0	0	0	0	0	0	0	0	0	1	0	0	0
990_991	TGTCCCAGTGCCTTGG-11	0	0	0	0	0	0	1	0	0	0	0	0	0	0	0	0	0	0	0	1
990_991	TGTCCCAAGTGTTTGC-11	0	0	0	0	0	0	0	0	0	0	0	0	0	0	0	0	0	0	0	1
990_991	TGGTTCCCAGAGCCAA-11	0	0	0	0	0	0	0	0	0	0	1	0	0	0	0	0	0	0	0	0
990_991	TGGGAAGTCTACTATC-11	0	0	0	0	0	0	1	0	0	0	0	0	1	0	0	0	0	0	0	0
990_991	GGGTTGCCAAGCCCAC-11	0	0	0	0	0	0	0	0	0	0	0	0	1	0	0	0	0	0	0	0
990_991	CTCGAGGGTTCGGGCT-11	0	0	0	0	0	0	0	0	0	0	0	0	0	0	0	0	0	0	0	0
990_991	GGTGTTAGTTCACCTC-11	0	0	0	0	0	0	0	0	0	0	0	0	0	1	0	0	0	0	0	0
990_991	TAGCCGGCAGTACACT-11	0	0	0	0	0	0	1	0	0	0	0	0	0	0	0	0	0	0	0	0
990_991	GGAACTTTCGGAGGTA-11	0	0	0	0	0	0	0	0	0	0	0	0	0	0	0	0	1	0	1	0
990_991	TCGCGAGAGGAACTGC-11	0	0	0	0	0	0	0	0	0	0	0	0	0	1	0	0	0	0	0	0
990_991	AGCAGCCTCCCAGGTG-11	0	0	0	0	0	0	0	0	0	0	1	0	0	0	0	0	0	0	0	0
990_991	GACTAACCATCCGCGA-11	0	0	0	0	0	0	0	0	0	0	0	0	0	0	0	0	0	1	0	0
990_991	CATTATCAGCGACGTA-11	0	0	0	0	0	0	0	0	0	0	0	0	0	0	0	0	0	1	0	0
990_991	CATGCCTCACGCGAAA-11	0	0	0	0	0	0	0	0	0	0	0	0	0	0	0	0	0	0	0	0
990_991	GAATGAAGTAGCAAAT-11	0	0	0	0	0	0	0	0	0	0	0	0	0	0	0	0	0	1	0	1
990_991	CAGCATAAGGTGCTTT-11	0	0	0	0	0	0	1	0	0	0	0	0	0	0	0	0	0	0	0	0
990_991	GTCGTAAAGCTAACAA-11	0	0	0	0	0	0	0	0	0	0	0	0	0	0	0	0	0	0	0	0
990_991	GATCGCGAGTTCCACA-11	1	0	0	0	0	0	0	0	0	0	0	0	0	0	0	0	0	0	0	0
990_991	CACATAGCAGTATAAG-11	0	0	0	0	0	0	1	0	0	0	0	0	1	0	0	0	0	0	0	0
990_991	CGGACACTCTAACGGT-11	0	0	0	0	0	0	0	0	0	0	0	0	0	0	0	0	0	1	0	0
990_991	GCACATAAGCTTTGGT-11	0	0	0	0	0	0	0	0	0	0	0	0	0	0	1	1	0	0	0	0
990_991	TCAGGTAAGACTAAGT-11	0	0	0	0	0	0	0	0	0	0	0	0	0	0	0	0	0	0	0	0
990_991	CAACCTCAGATAGCAT-11	0	0	0	0	0	0	0	0	0	0	0	0	0	0	0	1	0	0	0	0
990_991	CGGACGTAGACAATAC-11	0	0	0	0	0	0	0	0	0	0	0	0	0	0	0	0	0	0	0	0
990_991	GTCAAGTGTAAGTAGT-11	0	0	0	0	0	0	0	0	0	0	0	0	1	0	0	0	0	0	0	0
990_991	CGGACTGAGGTAAACT-11	0	0	0	0	0	0	0	0	0	0	0	0	0	0	0	0	0	0	0	0
990_991	ATCTGCCAGAGACTAT-11	0	0	0	1	0	0	0	0	0	0	0	0	1	0	0	0	0	0	0	0
990_991	CTGATAGAGCCAGGAT-11	0	0	0	0	0	0	0	0	0	0	0	0	0	0	0	0	0	1	0	0
990_991	CTGAAGTTCACATGCA-11	0	0	0	0	0	0	0	0	0	0	0	0	0	0	0	0	0	0	0	0
990_991	ATCACGACATTCTCAT-11	0	0	0	0	0	0	0	0	0	0	0	0	0	0	0	0	0	0	0	0
990_991	GCGACCAGTCATGCAT-11	0	0	0	0	0	0	0	0	0	0	0	0	0	0	0	0	0	0	1	0
990_991	GCGAGAAAGGGTTTCT-11	0	0	0	0	1	0	0	0	0	0	0	0	0	1	0	0	0	1	0	0
990_991	GCGCAGTTCGGAAATA-11	0	0	0	0	0	0	0	0	0	0	0	0	0	0	0	1	0	0	0	0
990_991	GCTGCAGGTGGCCCTA-11	0	0	0	0	0	0	0	0	0	0	0	0	0	0	0	0	0	0	0	0
990_991	AGGCCACAGCCTATGT-11	0	0	0	0	0	0	0	0	0	0	0	0	0	0	0	0	0	1	0	0
990_991	AGCTTGACAGTTTACG-11	0	0	0	0	0	0	1	0	0	0	0	0	1	0	0	0	0	0	0	0
990_991	GCTGCTTCACTGTTAG-11	0	0	0	0	0	0	0	0	0	0	0	0	0	0	0	1	0	0	0	0
990_991	AGCGGTCTCCTCTAGC-11	0	0	0	0	0	0	0	0	0	0	0	0	0	0	0	0	0	0	0	0
990_991	GACGTGCAGCACCGTC-11	0	0	0	0	0	0	0	0	0	0	0	0	0	0	0	0	0	0	0	0
990_991	CGGTTAAGTTGGAGGT-11	0	0	0	0	0	0	0	0	0	0	3	0	0	0	0	0	0	2	1	0
990_991	CTAGCCTTCAGCACAT-11	0	0	0	0	0	1	1	0	0	0	0	0	0	0	0	0	0	0	0	0
990_991	TGAGAGGCAGACGCAA-11	0	0	0	0	0	1	0	0	0	0	0	0	0	0	0	0	0	0	0	0
990_991	TTCGGTCAGGCTCAGA-11	0	0	0	0	0	0	0	0	0	0	0	0	0	0	0	0	0	0	0	0
990_991	TCTATTGCAAGTTCTG-11	0	0	0	0	0	0	0	0	0	0	0	0	0	0	0	0	0	1	0	1
991_992	GTTACAGGTGATGCCC-12	0	0	0	0	1	0	0	0	0	0	0	0	0	0	0	0	0	0	0	0
991_992	TTGGAACAGGTGGGTT-12	0	0	0	0	0	0	0	0	0	0	0	0	0	0	0	0	0	0	0	0
991_992	TTCTCAATCCACTCCA-12	0	0	0	0	0	0	0	0	0	0	2	0	0	0	0	0	1	0	0	0
991_992	TGGGAAGAGTGGACGT-12	0	0	0	0	0	0	0	0	0	0	1	0	0	0	0	0	0	0	0	0
991_992	GCATGTACATACGCCG-12	0	0	0	0	0	0	0	0	0	0	0	0	0	0	0	0	1	1	0	0
991_992	ATCCACCTCGTAGATC-12	0	0	0	0	0	0	0	0	0	0	0	0	0	0	0	0	0	1	0	0
991_992	ATCCACCCATACGCCG-12	0	0	0	0	0	1	1	0	0	0	0	0	0	0	0	0	0	0	0	0
991_992	ATCACGACACTTCTGC-12	0	0	0	0	0	0	0	0	0	0	1	0	0	0	0	0	0	0	0	0
991_992	TGAGGGATCCAAATGC-12	0	0	0	0	0	0	1	0	0	0	2	0	0	0	0	0	0	0	1	0
991_992	TGACTTTTCCGAAGAG-12	0	0	0	0	0	0	1	0	0	0	0	0	1	0	0	0	0	0	0	0
991_992	AGCTCTCAGGTAGCCA-12	0	0	0	0	0	0	1	0	0	0	0	0	0	0	0	0	0	0	0	0
991_992	GTCACAACAAGTTCTG-12	0	0	0	0	0	0	0	0	0	0	0	0	0	0	0	0	1	1	0	0
991_992	TCTTTCCTCCTGTACC-12	0	0	0	0	0	1	0	0	0	0	1	0	1	0	0	0	0	1	0	0
991_992	AGCCTAAGTCCCTACT-12	0	0	0	0	0	1	0	0	0	0	0	0	0	0	0	0	0	1	0	0
991_992	AGCCTAAAGAGTAATC-12	0	0	0	0	0	0	0	0	0	0	1	0	0	0	0	0	0	1	0	0
991_992	TCTGAGACAAACTGTC-12	0	0	0	0	0	1	0	0	0	0	1	0	1	0	0	0	0	0	0	0
991_992	AGATTGCAGTTTAGGA-12	0	0	0	0	0	0	1	0	0	0	0	0	1	0	0	0	0	0	0	0
991_992	GATGAAACACAACGCC-12	0	0	0	0	0	0	0	0	0	0	0	0	0	0	0	0	0	0	0	0
991_992	AGACGTTCACTACAGT-12	0	0	0	0	0	0	0	0	0	0	0	0	0	0	0	1	0	0	0	0
991_992	TCAGGATTCCAGATCA-12	0	0	0	0	0	0	0	0	0	0	0	0	0	0	0	0	0	1	0	0
991_992	TCAGGATCAGTACACT-12	0	0	0	0	0	0	1	0	0	0	0	0	0	0	0	0	0	1	1	0
991_992	GTCCTCACAAATTGCC-12	0	0	0	0	0	0	2	0	0	0	0	0	0	0	0	0	0	0	0	0
991_992	TCACGAAAGTGCCAGA-12	1	0	0	0	0	0	0	0	0	0	0	0	0	0	0	0	0	1	0	0
991_992	ACTATCTCAATCCAAC-12	0	0	0	0	0	1	0	0	0	0	0	0	0	0	0	0	0	0	0	0
991_992	ACGGCCATCGGTTAAC-12	0	0	0	0	0	0	0	0	0	0	0	0	0	0	0	0	0	0	0	0
991_992	TTGGAACAGTAGCGGT-12	0	0	0	0	1	0	0	0	0	0	0	0	0	0	0	0	0	0	0	0
991_992	GGGCATCGTCTCATCC-12	0	0	0	0	0	0	0	0	0	0	0	0	0	0	0	0	0	0	0	0
991_992	TTTGGTTCACTATCTT-12	0	0	0	0	0	0	0	0	0	0	0	0	0	0	0	0	0	0	1	0
991_992	GACTGCGAGCCCAATT-12	0	0	0	0	0	0	0	0	0	1	0	0	0	0	0	0	0	1	0	0
991_992	GGCGTGTAGCTAGCCC-12	0	0	0	0	0	0	0	0	0	0	0	0	1	0	0	0	0	0	0	0
991_992	CGTGAGCTCATAGCAC-12	0	0	0	0	0	0	0	0	0	0	0	0	1	0	0	0	0	0	0	0
991_992	CGTTAGAAGATCCCGC-12	0	0	0	0	0	0	0	0	0	0	0	0	0	0	0	0	0	1	0	0
991_992	CGATGTATCCCGACTT-12	0	0	0	0	0	0	0	0	0	0	0	0	0	0	0	1	0	0	0	0
991_992	GGAAAGCTCTTTCCTC-12	0	0	0	0	0	0	0	0	0	0	0	0	0	0	0	0	1	1	0	0
991_992	CTAAGACGTTAAAGTG-12	0	0	0	0	1	0	0	0	0	0	0	0	0	0	0	0	0	0	0	0
991_992	GCTTGAATCATCGGAT-12	0	0	0	0	0	0	0	0	0	0	1	0	0	0	0	0	0	1	0	0
991_992	CTACATTAGGATGTAT-12	0	0	0	0	0	1	1	0	0	0	0	0	0	0	0	0	0	0	0	0
991_992	GCTTCCAGTCGAACAG-12	0	0	0	0	0	0	1	0	0	0	0	0	0	0	0	0	0	0	1	0
991_992	CGAACATTCAGAAATG-12	0	0	0	0	0	1	0	0	0	0	0	0	0	0	0	0	0	0	0	0
991_992	CTCAGAACACCCTATC-12	0	0	0	0	0	0	0	0	0	0	0	0	0	0	0	0	0	0	0	0
991_992	CTCTAATCACGGTGTC-12	0	0	0	0	0	0	0	0	0	0	0	0	0	0	0	0	0	0	0	0
991_992	CCCTCCTCATGGTAGG-12	0	0	0	0	0	0	0	0	0	0	0	0	0	0	0	0	0	0	0	0
991_992	CCCATACTCACTCCTG-12	0	0	0	0	1	0	0	0	0	0	0	0	0	0	0	0	0	0	0	0
991_992	CTGCGGAGTATATCCG-12	0	0	0	0	0	0	0	0	0	0	0	0	0	0	0	0	0	2	0	0
991_992	CTGCTGTAGAAACCTA-12	0	0	0	0	0	0	0	0	0	0	0	0	0	0	0	0	0	0	0	2
991_992	CCAATCCCATTGAGCT-12	0	0	0	0	0	0	0	0	0	0	0	0	0	0	0	0	0	0	0	0
991_992	CATGGCGAGAGTAAGG-12	0	0	0	0	0	0	0	0	0	0	0	0	0	0	0	0	0	1	0	0
991_992	CTTTGCGCAAACCCAT-12	0	0	0	1	0	0	0	0	0	0	0	0	0	0	0	0	0	0	0	0
991_992	CATCGAACAAACGTGG-12	0	0	0	0	0	0	0	0	0	0	0	0	0	0	0	0	0	0	0	0
991_992	CTTTGCGTCATGCATG-12	0	0	0	0	0	0	0	0	0	0	0	0	0	0	0	0	0	2	0	0
991_992	CATCAGATCCTCATTA-12	0	0	0	0	0	0	0	0	0	0	0	0	0	0	0	0	0	1	0	0
991_992	CATCAGAAGTAGGTGC-12	0	0	0	0	0	0	0	0	0	0	0	0	1	0	0	0	0	0	0	0
991_992	CAGTCCTAGGGATACC-12	0	0	0	0	0	0	0	0	0	0	0	0	0	0	0	0	0	0	0	0
991_992	GAACGGAAGTCTCCTC-12	0	0	0	0	0	0	0	0	0	0	0	0	0	0	0	0	0	0	0	0
991_992	TTTATGCTCGTCTGCT-12	0	0	0	0	0	0	0	0	0	0	0	0	0	0	0	0	0	0	0	0
991_992	ACGATGTGTAGGGTAC-12	0	0	0	0	0	1	1	0	0	0	0	0	0	0	0	0	0	0	0	0
991_992	CAACCAAAGTGACATA-12	0	0	0	0	0	0	0	0	0	0	0	0	0	0	0	0	0	0	0	1
991_992	TACTTACTCGAGGTAG-12	0	0	0	0	0	0	0	0	0	0	0	0	0	0	0	0	0	0	0	0
991_992	TACTTGTAGGCGCTCT-12	0	0	0	0	0	0	0	0	0	0	1	0	1	0	0	0	0	0	0	0
991_992	AACCGCGAGATGCCTT-12	0	0	0	0	0	0	0	0	0	0	0	0	0	0	0	0	0	0	0	0
991_992	GTGCTTCGTGTTTGGT-12	0	0	0	0	0	0	0	0	0	0	0	0	0	0	0	0	0	0	0	0
991_992	AAGCCGCTCAACGGGA-12	0	0	0	0	0	0	1	0	0	0	0	0	0	0	0	0	0	0	0	0
991_992	TACCTATTCTTAGAGC-12	0	0	0	0	0	0	1	0	1	0	0	0	0	0	0	0	0	0	0	0
991_992	GTCGTAAGTAGGGTAC-12	0	0	0	0	0	0	0	0	0	0	0	0	0	0	0	0	0	0	0	0
991_992	GAACGGAGTGATGATA-12	1	0	0	0	0	0	0	0	0	0	0	0	0	0	0	0	0	1	0	0
991_992	AATCCAGTCCACTGGG-12	0	0	0	0	0	0	0	0	0	0	0	0	1	0	0	0	0	0	0	0
991_992	GTGAAGGGTGCTTCTC-12	0	0	0	0	0	0	0	0	0	0	0	0	0	0	0	0	0	0	0	0
991_992	ACAGCCGGTGATAAGT-12	0	0	0	0	0	0	0	0	0	0	0	0	0	0	0	0	0	0	0	0
991_992	ACCAGTAGTGAGGGAG-12	0	0	0	0	0	0	0	0	0	0	2	0	0	0	0	0	0	0	0	0
991_992	GACCAATTCACCCGAG-12	0	0	0	0	0	0	0	0	0	0	0	0	0	0	0	0	0	0	0	0
991_992	AAGGTTCTCAACCATG-12	0	0	0	0	0	0	0	0	0	0	0	0	0	0	0	0	0	0	0	0
991_992	GAAGCAGTCGTTGCCT-12	0	0	0	0	0	0	0	0	0	0	0	0	0	0	0	0	0	0	0	0
991_992	AACACGTTCTAACTGG-12	0	0	0	0	0	0	0	0	0	0	0	0	0	0	0	0	0	0	0	0
991_992	GAATGAAGTGCTCTTC-12	0	0	0	0	0	0	0	0	0	0	0	0	0	0	0	1	0	0	0	0
991_992	GACTACACACACATGT-12	0	0	0	0	0	0	0	0	0	0	0	0	0	0	0	0	0	0	0	0
992_993	TTAGGACTCTTTAGGG-12	0	0	0	0	0	0	0	0	0	0	0	0	0	0	0	0	0	1	0	0
992_993	TGTGTTTTCCGCAGTG-12	0	0	0	0	0	0	0	0	0	0	0	0	0	0	0	1	0	0	0	0
992_993	GCTTCCATCATGTGGT-12	0	0	0	0	0	0	0	0	0	1	0	0	0	0	0	0	0	0	0	0
992_993	CTGATCCCATCGATTG-12	0	0	0	0	0	0	0	0	0	0	0	0	0	0	0	0	0	0	0	0
992_993	GCGACCACATGGTTGT-12	0	0	0	0	0	0	0	0	0	0	1	0	0	0	0	0	0	0	0	0
992_993	GTTCGGGTCGTTTAGG-12	0	0	0	0	0	0	0	0	0	0	1	0	0	0	0	0	0	0	0	0
992_993	TACTCATAGCCTATGT-12	0	0	0	0	0	0	1	0	0	0	0	0	0	0	0	0	0	0	0	0
992_993	CACACCTAGAACTCGG-12	0	0	0	0	0	0	0	0	0	0	0	0	0	0	0	0	0	1	0	0
992_993	GTAGTCACATCTGGTA-12	0	0	0	0	0	0	0	0	0	0	0	0	0	0	0	0	0	0	0	0
992_993	GGCTGGTCAGTTCATG-12	0	0	0	0	0	0	1	0	0	0	0	0	0	0	0	0	0	0	0	0
992_993	CCGTACTGTAGGGTAC-12	0	0	0	0	0	0	0	0	0	0	2	0	0	0	0	0	0	0	0	0
992_993	ATCTACTAGGCAGTCA-12	0	0	0	0	0	1	0	0	0	0	0	0	0	0	0	0	0	0	1	0
992_993	ATCTGCCCAAACGTGG-12	0	0	0	0	0	0	0	0	0	0	0	0	0	0	0	0	0	0	0	0
992_993	ATTCTACCAAGCGTAG-12	0	0	0	0	0	1	0	0	0	0	0	0	0	0	0	0	0	0	0	0
992_993	CTCGAGGGTCTGCGGT-12	0	0	0	0	0	2	0	0	0	0	0	0	0	0	0	0	0	0	0	0
992_993	TGGGAAGGTGTAACGG-12	0	0	0	0	0	0	1	0	0	0	0	0	0	0	0	0	1	1	0	0
992_993	CTTACCGTCGTGACAT-12	0	0	0	0	0	0	0	0	0	0	1	0	1	0	0	0	0	0	0	0
992_993	CTGAAACTCACGCGGT-12	0	0	0	0	0	1	0	0	0	0	0	0	0	0	0	0	0	0	0	0
992_993	ATTTCTGTCCTCCTAG-12	0	0	0	0	0	0	0	0	0	0	0	0	0	0	0	0	0	0	0	0
992_993	CAACCTCGTATGAATG-12	0	0	0	0	0	0	1	0	0	0	0	0	0	0	0	0	0	0	0	0
992_993	GTACGTAAGGAGTTTA-12	0	0	0	0	0	0	0	0	0	0	0	0	0	0	0	1	0	0	0	0
992_993	CAACCTCGTTCACGGC-12	0	0	0	0	0	1	1	0	0	0	0	0	0	0	0	0	0	0	0	0
992_993	GTAGGCCAGTTTCCTT-12	0	0	0	0	0	0	0	0	0	0	0	0	0	0	0	0	1	0	0	0
992_993	CTTGGCTGTCAATACC-12	0	0	0	0	0	0	0	0	0	0	0	0	0	0	0	0	0	0	0	0
992_993	TTAGTTCTCCAGGGCT-12	0	0	0	0	0	0	0	0	0	0	0	0	0	0	0	0	0	0	0	0
992_993	ACTGATGGTCAGGACA-12	0	0	0	0	0	0	0	0	0	0	0	0	0	0	0	0	0	0	0	0
992_993	CGTTGGGTCTGTCAAG-12	0	0	0	0	0	1	1	0	0	0	0	0	0	0	0	0	1	1	0	0
992_993	CGTCACTTCGATCCCT-12	0	0	0	0	0	0	0	0	1	0	0	0	0	0	0	0	0	1	0	0
992_993	CGCCAAGCATAAAGGT-12	0	0	1	0	0	0	0	0	0	0	0	0	0	0	0	0	0	0	0	0
992_993	TTTCCTCTCAGGCAAG-12	0	0	0	0	0	1	1	0	0	0	0	0	0	0	0	0	0	0	0	0
992_993	TTTGCGCGTCGGGTCT-12	0	0	0	0	0	0	0	0	0	0	0	0	0	0	0	0	0	0	0	0
992_993	AGCGGTCCAAGCGTAG-12	0	0	0	0	0	0	0	0	0	0	0	0	1	0	0	0	0	0	0	0
992_993	TCACAAGAGGCCCGTT-12	0	0	0	0	0	0	0	0	0	0	0	0	1	0	0	0	0	2	0	0
992_993	AGCGTCGTCAGCTCTC-12	0	0	0	0	0	0	1	0	0	0	0	0	0	0	0	0	0	0	0	0
992_993	GAAGCAGAGCGTTGCC-12	0	0	0	0	0	0	0	0	0	0	0	0	0	0	0	0	0	0	0	0
992_993	TCTCTAATCAGGCCCA-12	0	0	0	0	0	0	0	0	0	0	0	0	0	0	0	0	0	1	0	0
992_993	GTCCTCATCCATGAAC-12	0	0	0	0	0	1	0	0	0	0	0	0	0	0	0	0	0	0	0	0
992_993	CGGTTAATCATTCACT-12	0	0	0	0	0	0	0	0	0	0	0	0	0	1	0	0	0	0	0	0
993_994	ACCAGTAAGACAAAGG-12	0	0	0	0	0	0	0	0	0	0	0	0	0	0	0	0	0	0	0	0
993_994	CCGTGGAGTACCCAAT-12	0	0	0	0	0	0	0	0	0	0	0	0	0	0	0	0	0	1	0	0
993_994	CCGTGGATCGTCGTTC-12	0	0	0	0	0	0	0	0	0	0	0	0	0	0	0	1	0	1	0	0
993_994	TCGCGAGCACGGTTTA-12	0	0	0	0	0	0	1	0	0	0	1	0	0	0	0	0	0	0	0	0
993_994	GGAACTTAGTGAAGTT-12	0	0	0	0	0	1	0	0	0	0	0	0	0	0	0	0	0	0	0	0
993_994	CTCTACGCACCAGTTA-12	0	0	0	0	0	0	0	0	0	0	0	0	0	0	0	0	0	0	0	0
993_994	TCATTACTCACCTTAT-12	0	0	0	0	0	0	0	0	0	0	0	0	0	0	0	0	0	0	0	0
993_994	GGAACTTGTAAATACG-12	0	0	0	0	0	0	0	0	0	0	0	0	0	0	0	0	0	0	0	0
993_994	CGAGCCATCACGAAGG-12	0	0	0	0	0	0	1	0	0	0	0	0	0	0	0	0	0	0	0	0
993_994	TGGCTGGTCTTCATGT-12	0	0	0	0	0	0	0	0	0	0	0	0	0	0	0	0	0	0	0	0
993_994	GAGGTGACAATCGAAA-12	0	0	0	0	0	0	0	0	0	0	0	0	0	0	0	0	0	0	0	1
993_994	CCAATCCAGTTACGGG-12	0	0	0	0	0	0	0	0	0	0	0	0	0	0	0	0	0	0	0	0
993_994	CCGGGATAGCGTAATA-12	0	0	0	0	0	0	0	0	0	0	0	0	1	0	0	0	0	0	0	0
993_994	CGTAGGCCATAGAAAC-12	0	0	0	0	0	0	0	0	0	0	0	0	0	0	0	0	0	1	0	0
993_994	TTCTACATCAGTTAGC-12	0	0	0	0	0	1	0	0	0	0	0	0	0	0	0	0	0	0	0	0
993_994	ACTGAACAGAGGTAGA-12	0	0	0	0	0	0	0	0	0	0	0	0	0	0	0	1	0	1	0	0
993_994	CTGCTGTTCTGTTGAG-12	1	0	0	0	0	0	1	0	0	0	1	0	0	0	0	0	0	0	0	0
993_994	TATTACCAGTGAAGAG-12	0	0	0	0	0	0	0	0	0	0	2	0	0	0	0	0	0	0	0	0
993_994	GACTGCGGTAGGACAC-12	0	0	0	0	0	0	0	0	0	0	0	0	0	0	0	0	0	0	0	0
993_994	GGGATGAAGTAATCCC-12	0	0	0	0	0	1	0	0	0	0	1	0	0	0	0	0	0	0	0	0
993_994	GCTCTGTCACTCTGTC-12	0	0	0	0	0	0	0	0	0	0	0	0	0	0	0	0	0	0	1	0
993_994	TACACGAGTACCGTAT-12	0	0	0	0	0	0	1	0	0	0	1	0	0	0	0	0	0	1	0	0
993_994	ATTCTACCATTTGCTT-12	1	0	0	0	0	0	0	0	0	0	0	0	0	0	0	0	0	0	0	0
993_994	TGCGGGTCATCGATTG-12	0	0	0	0	0	0	1	0	0	0	0	0	0	0	0	0	0	0	0	0
993_994	TACCTTACATGTTGAC-12	0	0	0	0	0	0	0	0	0	0	0	0	0	0	0	1	0	0	0	0
993_994	TGACTTTGTCTTCTCG-12	0	0	0	0	0	1	1	0	0	0	0	0	0	0	0	0	0	0	1	0
993_994	TGACAACAGGTGCAAC-12	0	0	0	0	0	0	0	0	0	0	0	0	0	0	0	0	0	0	0	0
993_994	CGTTGGGTCCTAAGTG-12	0	0	0	1	0	0	0	0	0	0	0	0	0	0	0	0	0	1	0	0
993_994	TGAGAGGCAGGGATTG-12	0	0	0	0	0	0	0	0	0	0	0	0	0	0	0	0	1	0	0	0
993_994	CGAGCCACATTTGCTT-12	0	0	0	0	0	0	0	0	0	0	0	0	0	0	0	0	0	0	0	0
993_994	GCTCCTAGTCCGTTAA-12	0	0	0	0	0	0	0	0	0	0	0	0	0	0	0	0	0	0	0	1
993_994	TAAGTGCGTTATGTGC-12	0	0	0	0	0	0	0	0	0	0	0	0	0	0	1	0	0	0	0	0
993_994	AGTTGGTGTGTTTGTG-12	0	0	0	0	0	0	0	0	0	0	0	0	0	0	0	0	0	0	0	0
993_994	GTATTCTAGATGTGGC-12	0	0	0	0	0	0	0	0	0	0	0	0	1	0	0	1	0	0	0	0
993_994	TGCACCTAGCTAAGAT-12	0	0	0	0	0	0	0	0	0	0	0	0	0	0	0	1	0	0	0	0
993_994	ATCACGAGTTGTCTTT-12	0	0	0	0	0	0	0	0	0	0	0	0	0	0	0	0	0	0	0	0
993_994	ATCATCTAGGTTACCT-12	0	0	0	0	0	0	0	0	0	0	0	0	0	0	0	0	0	0	0	0
993_994	TCGGGACTCTATCCTA-12	0	0	0	0	0	0	0	0	0	0	0	0	0	0	0	0	0	0	1	0
993_994	TCTTTCCGTCCTCCAT-12	0	0	0	0	0	0	0	0	0	0	0	0	0	0	0	0	1	2	0	0
993_994	GACGTGCAGTTGAGAT-12	0	0	0	0	0	0	0	0	0	0	0	0	0	0	0	1	0	0	0	0
993_994	AGCCTAACAATCGGTT-12	0	0	0	0	1	1	0	0	0	0	0	0	1	0	0	0	0	1	0	0
993_994	CCTATTAGTAGAAAGG-12	0	0	0	0	0	0	0	0	0	0	0	0	0	0	0	0	0	1	0	0
993_994	ATCTGCCTCCTTTCTC-12	0	0	0	0	0	0	0	0	0	0	0	1	0	0	0	1	0	0	0	0
993_994	CTCCTAGCAGGGATTG-12	0	0	0	0	0	0	0	0	0	0	0	0	1	0	0	0	0	0	0	0
993_994	CCTCAGTAGTAGGCCA-12	0	0	0	0	0	0	0	0	0	0	0	0	0	0	0	0	0	0	2	0
993_994	GTATCTTAGTGTCCCG-12	0	0	0	0	1	0	0	0	0	0	0	0	0	0	0	0	0	0	0	0
993_994	AGCAGCCCAATCTACG-12	0	0	0	0	0	0	0	0	0	0	0	0	0	0	0	0	1	1	0	0
993_994	ATCTACTGTCATATCG-12	0	0	0	0	0	0	0	0	0	1	0	0	0	0	0	0	0	0	1	0
993_994	CGATGGCGTACTTAGC-12	0	0	0	0	0	1	0	0	0	0	0	0	1	0	0	0	0	0	0	0
993_994	CTAGCCTGTATGAAAC-12	0	0	0	0	0	0	0	0	0	0	0	0	0	0	0	0	0	0	0	0
993_994	CACTCCATCATTCACT-12	0	0	0	0	0	0	0	0	0	0	0	0	0	0	0	1	0	0	0	0
993_994	TACACGATCCGCGGTA-12	0	0	0	0	1	0	0	0	0	0	1	0	0	0	0	0	0	0	0	0
993_994	ACGCCAGTCTGCGTAA-12	0	0	0	0	0	0	0	0	0	0	1	0	0	0	0	0	0	0	1	0
994_995	GTCTCGTGTCTGCAAT-12	0	0	0	0	0	0	0	0	0	0	0	0	0	0	0	0	0	1	0	0
994_995	CTTTGCGTCAGCTGGC-12	0	0	0	1	0	0	0	0	0	0	0	0	0	0	0	0	0	0	0	0
994_995	CCATTCGGTTACGTCA-12	0	0	0	0	0	0	0	0	0	0	0	0	0	0	0	0	0	0	0	0
994_995	GCTCCTAGTTCGGGCT-12	0	0	0	0	0	0	0	1	0	0	0	0	0	0	0	0	0	2	0	0
994_995	GCTGCTTCACCACGTG-12	0	0	0	0	0	0	0	0	0	0	0	0	0	0	0	0	0	0	0	0
994_995	GTGAAGGCACGGTAAG-12	0	0	0	0	0	0	0	0	0	0	0	0	0	0	0	0	0	0	0	0
994_995	GTGAAGGTCCACGAAT-12	0	0	0	0	0	0	0	0	0	0	0	0	0	0	0	0	0	0	0	0
994_995	CGCTTCAAGAATGTGT-12	0	0	0	0	0	0	0	1	0	0	1	0	0	0	0	0	0	0	0	0
994_995	CGCTATCGTCACAAGG-12	0	0	0	0	0	0	0	0	0	0	1	0	0	0	0	0	0	0	0	1
994_995	GTGCATAAGGTGGGTT-12	0	0	0	0	0	0	0	0	0	0	0	0	0	0	0	0	0	0	0	0
994_995	CGTCTACGTGCTTCTC-12	0	0	0	0	0	0	0	0	0	0	0	0	0	0	0	0	0	0	0	0
994_995	CGTGTCTAGTGGAGAA-12	0	0	0	0	0	0	0	0	0	0	0	0	0	0	0	0	0	0	0	0
994_995	GTGCGGTGTGAACCTT-12	0	0	0	0	0	0	0	0	0	0	0	0	0	0	0	0	0	0	0	0
994_995	AAATGCCTCTAGAGTC-12	0	0	0	0	0	0	0	0	0	0	1	0	0	0	0	1	0	0	0	0
994_995	CGATGTAAGTCAAGGC-12	1	0	0	0	0	1	0	0	0	0	0	0	0	0	0	0	0	0	0	0
994_995	GGCGTGTTCGAATCCA-12	0	0	0	0	1	0	0	0	0	0	0	0	0	0	0	0	0	0	0	0
994_995	CCATTCGTCCTCTAGC-12	0	0	0	0	0	0	0	0	0	0	0	0	0	0	0	0	0	0	0	0
994_995	CGAGCCACAGTTAACC-12	0	0	0	0	0	0	0	0	0	0	0	0	0	0	0	0	0	0	0	0
994_995	GTGCTTCTCGGAGGTA-12	0	0	0	0	0	0	1	0	0	0	0	0	0	0	0	0	0	1	0	0
994_995	GTTAAGCGTAGAAAGG-12	0	0	0	0	0	0	0	0	0	0	1	0	0	0	0	0	0	0	0	0
994_995	CTACGTCGTCAACATC-12	0	0	0	0	0	0	0	0	0	0	0	0	0	0	0	0	0	0	0	0
994_995	CATATTCTCCTCGCAT-12	0	0	0	0	0	0	0	0	0	0	0	0	0	0	0	0	0	0	0	0
994_995	CCTACCAAGGAGTACC-12	0	0	0	0	0	0	0	0	0	0	0	0	0	0	0	1	0	1	0	0
994_995	CTCGAAACACTTCGAA-12	0	0	0	0	0	0	0	0	0	0	0	0	0	0	0	0	0	0	0	0
994_995	CCGTTCAGTAGCGCAA-12	0	0	0	0	0	0	0	0	0	0	0	0	0	0	0	0	0	0	1	0
994_995	CCGGTAGTCTTGAGAC-12	0	0	0	0	0	0	0	0	0	0	0	0	0	0	0	0	0	0	0	0
994_995	CCGGGATGTAGCGTCC-12	0	0	1	0	0	0	0	0	0	0	2	0	0	0	0	1	0	1	0	0
994_995	CCCTCCTTCTTGTCAT-12	0	0	0	0	0	0	0	0	0	0	0	0	0	0	0	0	0	1	0	0
994_995	CTACACCAGTCCATAC-12	0	0	0	1	0	0	0	0	0	0	0	0	0	0	0	0	0	0	0	0
994_995	GAACATCTCGGCGCTA-12	0	0	0	0	0	0	0	0	0	0	0	0	0	0	0	0	0	1	0	0
994_995	TTGAACGTCCGTTGTC-12	0	0	0	0	0	0	0	0	0	0	0	0	0	0	0	0	0	0	0	0
994_995	GGACATTAGAATAGGG-12	0	0	0	0	0	0	0	0	0	0	0	0	0	0	0	0	0	0	1	0
994_995	GACCTGGCATGTAGTC-12	0	0	0	0	0	0	0	0	0	0	0	0	0	0	0	0	0	0	0	0
994_995	CAAGATCGTTCCCTTG-12	0	0	0	0	0	0	0	0	0	0	1	0	0	0	0	0	0	0	0	0
994_995	TGGCTGGTCCCTAACC-12	0	0	0	0	0	0	0	0	0	0	0	0	0	0	0	0	0	0	0	0
994_995	CAACCTCGTCTGATTG-12	0	0	0	0	0	0	0	0	0	0	0	0	0	0	0	0	0	0	0	0
994_995	CGGACTGTCCAAATGC-12	0	0	0	0	0	0	0	0	1	0	0	0	0	0	0	0	0	0	0	0
994_995	ATTTCTGGTTAAGGGC-12	0	0	0	0	0	0	0	0	0	0	0	0	0	0	0	0	0	0	0	0
994_995	TGCTGCTAGTGGGCTA-12	0	0	0	0	0	1	0	0	0	0	0	0	0	0	0	0	0	0	0	0
994_995	ACATCAGTCCAACCAA-12	0	0	0	0	0	0	0	0	0	0	0	0	0	0	0	0	0	0	0	0
994_995	GCATGTAGTGTGGTTT-12	0	0	0	0	0	0	0	0	0	0	0	0	0	0	0	0	0	0	0	0
994_995	TGCGTGGGTTAGATGA-12	0	0	0	0	0	0	0	0	0	0	0	0	0	0	0	0	0	0	0	0
994_995	GTAGGCCCAAGCGATG-12	0	0	0	0	0	0	0	0	0	0	0	0	0	0	0	0	0	0	0	0
994_995	AAGTCTGTCTTCGGTC-12	0	0	0	0	0	0	0	0	0	0	0	0	0	0	0	0	0	0	0	0
994_995	TGCGCAGCAGCTCGCA-12	1	0	0	0	0	0	0	0	0	0	0	0	0	0	0	0	0	0	0	0
994_995	ATCTGCCTCACCATAG-12	0	0	0	0	0	0	0	0	0	0	0	0	0	0	0	0	0	0	0	0
994_995	AGTGGGACAGGCTCAC-12	0	0	0	0	0	0	0	0	0	0	1	0	2	0	0	0	0	1	0	0
994_995	ATCTGCCAGATATGCA-12	0	0	0	0	0	0	0	0	0	0	0	0	1	0	0	0	0	0	0	0
994_995	GTCACAACAATCCAAC-12	0	0	0	0	0	0	0	0	0	0	0	0	0	0	0	0	0	0	0	0
994_995	ATCCGAATCACCTTAT-12	0	0	0	0	0	1	0	0	0	0	0	0	0	0	0	0	0	0	0	0
994_995	ATCCGAAAGAGCTTCT-12	0	0	0	0	0	0	0	0	0	0	0	0	0	0	0	0	0	0	0	0
994_995	ACATCAGCAGCGTAAG-12	0	0	0	0	0	0	0	0	0	0	0	1	0	1	0	0	0	0	0	1
994_995	TACGGTATCGAACGGA-12	0	0	0	0	0	0	0	0	0	0	0	0	0	0	0	0	0	0	0	0
994_995	TGCCCTACACGAGGTA-12	0	0	0	0	0	0	0	0	0	0	0	0	0	0	1	0	0	0	0	0
994_995	TAGAGCTAGCGCTCCA-12	0	0	0	0	0	0	0	0	0	0	0	0	0	0	0	0	0	0	0	1
994_995	AGCTCTCTCCGCAGTG-12	0	0	0	0	0	0	0	0	0	0	0	0	0	0	0	0	0	0	0	0
994_995	TGACAACGTAGCAAAT-12	0	0	0	0	0	0	0	0	0	0	0	0	0	0	0	0	0	1	1	0
994_995	GTCAAGTAGGCTCAGA-12	0	0	0	0	0	0	0	0	0	0	0	0	0	0	0	0	1	0	0	0
994_995	GCATGATCAGCTATTG-12	0	0	0	0	0	0	0	0	0	0	0	0	0	0	0	0	0	0	0	0
994_995	TGATTTCAGAGAGCTC-12	0	0	0	0	0	0	0	0	0	0	0	0	0	0	0	0	0	0	0	0
994_995	ACAGCCGCATAGGATA-12	0	0	0	0	0	0	0	0	0	0	0	0	0	0	0	0	0	1	0	1
994_995	AGTGTCAAGTCGCCGT-12	0	0	0	0	0	0	0	0	0	0	0	0	0	0	0	0	1	1	0	0
994_995	TCTGGAATCCAGATCA-12	0	0	0	0	0	1	1	0	1	1	2	0	1	1	0	1	0	3	0	1
994_995	CAAGTTGAGACAATAC-12	0	0	0	0	0	0	0	0	0	0	0	0	0	0	0	1	0	0	0	0
994_995	TAGAGCTCAGATCCAT-12	0	0	0	0	0	0	0	0	0	0	0	0	0	0	0	0	0	0	0	1
994_995	CACAAACGTCGAACAG-12	0	0	0	0	0	0	0	0	0	0	0	0	0	0	0	0	0	1	0	0
994_995	ACGATACCAATCACAC-12	0	0	0	0	0	0	0	0	0	0	1	0	0	0	0	0	1	0	0	0
994_995	TCAACGAGTGGCAAAC-12	0	0	0	0	1	0	0	0	0	0	0	0	0	0	0	0	0	2	0	0
994_995	GAACGGAAGAGACTAT-12	0	0	0	0	0	0	0	0	0	0	0	0	0	0	0	0	0	0	0	1
994_995	TTTGTCAGTTGGACCC-12	0	0	0	0	0	0	0	0	0	0	0	0	0	0	0	0	0	1	1	0
994_995	GCGCGATGTTTAGCTG-12	0	0	0	0	0	1	0	0	0	0	0	0	0	0	0	0	0	0	0	0
994_995	CAGGTGCTCTCTTATG-12	0	0	0	0	0	0	0	0	0	0	0	0	0	0	0	0	0	0	0	0
994_995	TTTACTGGTCTCTCGT-12	0	0	0	0	0	0	0	0	0	0	0	0	0	0	0	0	0	0	0	0
994_995	TTGTAGGTCTCGTATT-12	0	0	0	0	0	0	0	0	0	0	0	0	1	0	0	0	0	0	0	0
994_995	GGGCATCCATAGACTC-12	0	0	0	0	0	0	0	0	0	0	0	0	0	0	0	0	0	0	0	0
994_995	TACACGATCTAACTTC-12	0	0	0	0	0	0	0	0	0	0	0	0	0	0	0	0	0	1	1	0
994_995	CACTCCAAGATACACA-12	0	0	0	0	0	0	0	1	0	0	0	0	0	0	0	2	0	0	0	0
994_995	TTGCGTCCACGGCTAC-12	0	0	0	0	0	1	0	0	0	0	0	0	0	0	0	0	0	0	0	0
994_995	TATGCCCAGAGCCTAG-12	0	0	0	0	0	0	0	0	0	0	0	0	0	0	1	0	0	0	0	0
994_995	CACCTTGAGGAATTAC-12	0	0	0	0	0	0	0	0	0	0	0	0	0	0	0	0	0	0	0	0
994_995	GTCACGGAGATCCTGT-12	0	1	0	0	0	0	1	0	0	0	0	0	0	0	0	0	0	1	0	0
994_995	TACGGATGTGAAATCA-12	0	0	0	0	0	0	0	0	0	0	0	0	0	0	0	0	0	0	0	0
994_995	GACTACACACACAGAG-12	0	0	0	0	0	0	0	0	0	0	1	0	0	0	0	0	0	1	0	0
994_995	GCCAAATTCGCAAACT-12	0	0	0	0	0	0	0	0	0	0	0	0	0	0	0	0	0	0	0	0
994_995	CACAGGCGTTGCCTCT-12	0	0	0	0	0	0	0	0	0	0	0	0	0	0	0	1	0	0	0	0
994_995	TGTGTTTAGACAGAGA-12	0	0	0	0	0	0	0	0	0	0	0	0	0	0	0	0	0	0	0	0
994_995	AGATCTGAGTCAAGCG-12	0	0	0	0	0	0	0	0	0	0	0	0	0	0	0	0	0	0	0	0
994_995	TCAGGTAGTTGTACAC-12	0	0	0	0	0	0	0	0	0	0	1	0	1	0	0	0	0	0	0	0
994_995	GGTGAAGCAATGGAGC-12	0	0	0	0	0	0	0	0	0	0	0	0	0	0	0	0	0	0	0	0
994_995	TAGGCATAGTACATGA-12	0	0	0	0	0	0	0	0	0	0	0	0	0	0	0	0	0	0	0	0
994_995	CACATTTGTTTGACAC-12	0	0	0	0	0	0	0	0	0	0	0	0	0	0	0	0	0	0	0	0
994_995	CACCACTAGCCCAGCT-12	0	0	0	0	0	1	0	0	0	0	0	0	0	0	0	0	0	1	0	1
994_995	GTCATTTCAAGTCATC-12	0	0	0	0	0	0	0	0	0	0	0	0	0	0	0	0	0	0	0	0
994_995	TCAGATGTCTGCAGTA-12	0	0	0	0	0	0	1	0	0	0	0	0	0	0	0	0	0	0	0	0
994_995	ACTGAGTTCTAACTTC-12	0	0	0	0	0	0	0	0	0	0	0	0	0	0	0	0	0	0	0	0
994_995	TGAGCCGAGGTCATCT-12	0	0	0	0	0	0	0	0	0	0	0	0	0	0	0	0	0	0	0	0
995_996	GTGCTTCGTCAGAGGT-12	0	0	0	0	0	0	0	0	0	1	0	0	2	0	0	0	1	0	0	0
995_996	TGAAAGACAAGGTTCT-12	0	0	0	0	0	0	0	0	0	0	1	0	0	0	0	0	0	0	1	0
995_996	GGCGACTTCATACGGT-12	0	0	0	0	0	0	0	0	1	0	0	0	0	0	0	0	0	0	0	0
995_996	TAGTTGGTCACAAACC-12	0	0	0	0	0	0	0	0	0	0	0	0	0	0	0	0	0	0	0	0
995_996	GAACATCCATAAGACA-12	0	0	0	0	0	0	0	0	0	0	0	0	0	0	0	0	0	2	0	0
995_996	CTACCCATCAATAAGG-12	0	0	0	0	0	0	0	0	0	0	0	0	0	0	0	0	0	0	0	0
995_996	GAACCTATCCTGTACC-12	0	0	0	0	0	0	0	0	0	0	0	0	0	0	0	0	0	1	0	0
995_996	TAAGTGCTCCGAAGAG-12	0	0	0	0	0	0	0	0	0	0	0	0	0	0	0	0	0	0	0	0
995_996	CTTAGGACAGTCGATT-12	0	0	0	0	0	0	0	0	0	0	0	0	0	0	0	0	0	0	0	0
995_996	CTTACCGGTCGACTAT-12	0	0	0	0	0	0	0	0	0	0	0	0	0	0	0	0	0	0	0	0
995_996	TAAGAGATCCACGACG-12	0	0	0	0	0	0	0	0	0	0	0	0	0	0	0	0	0	1	0	0
995_996	CTTACCGAGCGATCCC-12	0	0	0	0	0	0	0	0	0	0	0	0	0	0	0	0	0	0	0	0
995_996	GGGATGATCCTTAATC-12	0	0	0	0	0	0	0	0	0	0	1	0	0	0	0	0	0	0	0	0
995_996	TTCCCAGCACCGGAAA-12	0	0	0	0	0	0	0	0	0	0	1	0	0	0	0	0	0	0	0	0
995_996	TTATGCTAGGCACATG-12	0	0	0	0	0	0	0	0	0	0	0	0	0	0	0	0	0	0	0	1
995_996	TTAACTCGTAGTGAAT-12	0	0	0	0	0	0	0	0	0	0	0	0	0	0	0	0	0	0	0	0
995_996	GTATCTTCAATCCGAT-12	0	0	0	0	0	0	0	0	0	0	0	0	0	0	0	0	0	0	0	0
995_996	TAAACCGTCAGCTCTC-12	0	0	0	0	0	0	0	0	0	0	0	0	0	0	0	0	1	0	0	0
995_996	TGGGAAGCATCTATGG-12	0	0	0	0	1	1	0	0	0	0	1	0	0	0	0	0	0	0	0	0
995_996	CTGAAACTCGTCACGG-12	0	0	0	0	0	0	0	0	0	0	0	0	0	0	0	0	0	0	0	0
995_996	GGGACCTTCTTGAGAC-12	0	0	0	0	0	0	0	0	1	0	0	0	0	0	0	0	0	0	0	0
995_996	TGCGTGGTCCAAAGTC-12	0	0	0	0	0	0	0	0	0	0	0	0	0	0	0	0	0	0	0	0
995_996	TACGGTAAGATGTGGC-12	1	0	0	0	0	0	0	0	0	0	0	0	0	0	0	0	0	0	0	1
995_996	GGGAATGGTCTCCCTA-12	0	0	0	0	0	0	0	0	0	0	0	0	0	0	0	0	0	0	0	0
995_996	GGCTCGATCTGTCTAT-12	0	0	0	0	0	0	0	0	0	0	0	0	1	0	0	0	0	0	0	0
995_996	CTAGAGTGTAATCGTC-12	0	0	0	0	0	0	0	0	0	0	0	0	0	0	0	0	0	1	0	0
995_996	CTACGTCAGAACTCGG-12	0	0	0	0	0	0	0	0	0	0	0	0	1	0	0	0	0	0	0	0
995_996	GTAGTCATCTTTAGTC-12	1	0	0	0	0	0	0	0	0	0	0	0	0	0	0	0	0	0	0	0
995_996	CTGCCTACAATACGCT-12	0	0	0	0	0	0	0	0	0	0	0	0	0	0	0	2	1	2	0	0
995_996	CTCGAAAAGTGTACGG-12	0	0	0	0	0	0	0	0	0	0	0	0	0	0	0	0	0	0	0	0
995_996	GTGCAGCAGTACATGA-12	0	0	0	0	0	0	0	0	0	0	0	0	0	0	0	0	0	1	0	0
995_996	CACTCCATCCAAGTAC-12	0	0	0	1	0	1	0	0	0	0	0	0	1	0	0	0	0	0	0	0
995_996	ATAACGCGTCTTCTCG-12	0	0	0	0	0	0	1	0	0	0	0	0	0	0	0	0	0	1	0	0
995_996	GATCGTACACGCATCG-12	1	0	0	0	0	0	1	0	0	0	0	0	0	0	0	0	1	1	0	1
995_996	AGCTCTCCACGTAAGG-12	1	0	0	0	0	0	1	0	0	0	0	0	0	0	0	0	0	1	0	0
995_996	ACTGCTCAGGACGAAA-12	0	0	0	0	0	0	0	0	0	0	0	0	0	0	1	0	0	0	0	0
995_996	CCGTACTGTTATGCGT-12	0	0	0	0	0	0	0	0	0	0	0	0	0	0	0	0	0	0	0	0
995_996	CGAACATTCTGCTGTC-12	0	0	0	0	0	0	0	0	0	0	0	1	0	0	0	0	0	1	0	0
995_996	CCGTGGATCCGAATGT-12	0	0	0	0	0	0	0	0	0	0	0	0	0	0	0	0	0	0	0	0
995_996	CGAACATGTAGGAGTC-12	0	0	0	0	0	0	0	0	0	0	0	0	0	0	0	0	0	0	0	0
995_996	CACCTTGCAGTTTACG-12	0	0	0	0	0	0	0	0	0	0	1	0	0	0	0	0	0	0	0	0
995_996	ACATCAGAGTCATCCA-12	1	0	0	0	0	0	0	0	0	0	0	0	0	0	0	0	0	1	0	0
995_996	CAGCTGGTCTTGGGTA-12	0	0	0	0	0	0	0	0	1	0	1	0	0	0	0	0	0	0	0	0
995_996	ATCCACCAGATCTGAA-12	0	0	0	0	0	0	0	0	0	0	0	0	1	0	0	0	0	0	0	0
995_996	ACCCACTGTTTCCACC-12	0	0	0	0	0	0	0	0	0	0	0	0	0	0	0	0	0	1	0	0
995_996	GCTGGGTAGGATCGCA-12	0	0	0	0	0	0	0	0	0	0	1	0	0	0	0	0	0	0	0	0
995_996	CCTATTATCGCTGATA-12	0	0	0	0	0	0	0	0	0	0	0	0	0	0	0	0	0	0	0	0
995_996	AGGGAGTGTTGGTGGA-12	0	0	0	0	0	0	1	0	0	0	0	0	0	0	0	0	0	0	0	0
995_996	GCAGCCAAGCTACCTA-12	0	0	0	0	0	0	0	0	0	0	0	0	0	0	0	0	0	1	0	0
995_996	GATCTAGTCTCGATGA-12	0	0	0	0	0	0	0	0	0	0	0	0	1	0	0	0	0	2	1	0
995_996	GCCAAATGTATAGGGC-12	0	0	0	0	0	1	0	0	1	0	2	0	0	0	0	0	0	0	0	0
995_996	AATCGGTCATTTGCTT-12	0	0	0	0	0	1	0	0	1	0	0	0	0	0	0	0	0	0	0	0
995_996	ATTTCTGGTACCGTAT-12	0	0	0	0	0	0	0	0	0	0	0	0	0	0	0	0	0	0	0	0
995_996	AACGTTGAGATACACA-12	0	0	0	0	0	0	1	0	0	0	0	0	0	0	0	0	0	0	0	0
995_996	CACATTTCAAATTGCC-12	0	0	0	0	0	0	0	0	0	0	1	0	0	0	0	0	0	1	0	0
995_996	AGATCTGCAAGAAGAG-12	0	0	0	0	0	0	0	0	0	0	0	0	0	0	0	0	0	0	0	0
995_996	AACGTTGGTTGTGGCC-12	0	0	0	0	0	0	1	0	0	0	0	0	0	0	0	0	0	0	0	0
995_996	CAAGATCGTCAAACTC-12	0	1	0	0	0	0	0	0	0	0	1	0	0	0	0	0	0	0	0	0
995_996	CATCCACCAAGTCATC-12	0	0	0	0	0	0	0	0	0	0	1	0	1	0	0	0	0	0	0	0
995_996	GCGGGTTAGATGGGTC-12	1	0	0	0	0	0	0	0	0	0	0	0	0	0	0	0	0	0	0	0
995_996	CGCGTTTTCCAAGCCG-12	0	0	1	0	0	0	0	0	0	0	1	0	0	0	0	0	0	0	0	0
995_996	CGCGGTACAGCTCCGA-12	0	0	0	0	0	0	0	0	0	0	0	0	0	0	0	0	0	1	0	0
995_996	CAACCTCGTTGCGTTA-12	0	0	0	0	0	0	1	0	0	0	0	0	0	0	0	0	0	0	0	0
995_996	AAGCCGCGTTGGACCC-12	1	0	0	0	0	0	0	0	0	0	0	0	0	0	0	0	0	0	0	0
995_996	CACCACTCAATGGAAT-12	0	0	0	0	0	0	0	0	0	0	1	0	0	0	0	0	0	0	0	0
995_996	GATGCTATCAAACCAC-12	0	0	0	0	0	0	1	0	0	0	1	0	0	0	0	0	0	0	0	0
995_996	ATAACGCAGCCCAATT-12	0	0	0	0	0	0	1	0	0	0	0	0	0	0	0	0	0	0	0	0
995_996	GCTCTGTCAAGTCATC-12	0	0	0	0	0	0	0	0	0	0	1	0	0	0	2	0	0	0	0	0
996_997	AGCTCCTTCACTCTTA-12	0	0	0	0	0	0	2	0	0	0	0	0	0	0	0	0	0	1	0	0
996_997	AGGGAGTAGATGAGAG-12	0	0	0	0	0	0	0	0	0	0	0	0	0	0	0	1	0	0	0	0
996_997	TCTTCGGAGATATGCA-12	0	0	0	0	0	0	0	0	0	0	0	0	0	0	0	0	0	0	0	0
996_997	TGACTTTGTTAGTGGG-12	0	0	0	0	0	1	0	0	0	0	0	0	0	0	0	0	0	0	0	0
996_997	TGACTAGAGGCTCTTA-12	1	0	0	0	0	0	0	0	0	0	0	0	0	0	0	0	0	0	0	0
996_997	AGCGTATTCAGCTCTC-12	0	0	0	0	0	0	0	0	0	0	0	0	0	0	0	0	0	0	0	0
996_997	TCTTCGGCAAGGACAC-12	0	0	0	0	0	0	0	0	0	0	0	0	0	0	0	0	0	0	0	0
996_997	TCTTTCCTCCAAGTAC-12	0	0	0	0	0	0	1	0	0	0	0	0	0	0	0	0	0	0	0	0
996_997	GATGCTAGTGTAATGA-12	0	0	0	0	0	0	0	0	0	0	2	0	0	0	0	0	0	0	0	0
996_997	AGCAGCCTCTGTTGAG-12	0	0	0	0	0	0	0	0	0	0	0	0	0	0	0	0	0	1	0	0
996_997	GATGAAACATGACATC-12	0	0	0	0	0	0	0	0	0	0	0	0	0	0	0	0	0	0	0	0
996_997	AGTGAGGGTCTTCGTC-12	0	0	0	0	0	0	1	0	0	0	0	0	0	0	0	0	0	0	0	0
996_997	TGAAAGATCTGTACGA-12	0	0	0	0	0	0	0	0	0	0	0	0	0	0	0	0	0	0	0	0
996_997	GCACTCTAGTAACCCT-12	0	0	0	0	0	0	1	0	0	0	0	1	0	0	0	0	0	1	0	0
996_997	CGGAGCTGTCCTCCAT-12	0	0	0	0	0	1	2	0	0	0	0	1	0	0	0	0	0	0	1	0
996_997	TGATTTCGTGAACCTT-12	0	0	0	0	0	0	0	0	0	0	0	0	0	0	0	0	0	0	0	0
996_997	CACAAACGTAAGTGTA-12	0	0	0	0	0	0	0	0	0	0	0	0	1	0	0	0	0	1	0	0
996_997	GTAACGTGTTACTGAC-12	0	0	0	0	0	0	0	0	0	0	0	0	0	0	0	0	0	0	0	0
996_997	CAAGTTGGTTGAGGTG-12	0	0	0	0	0	0	0	0	0	0	0	0	0	0	0	0	0	1	1	0
996_997	GCCAAATTCACTCCTG-12	0	0	0	0	0	1	1	0	0	0	0	0	0	0	0	0	0	0	0	0
996_997	CAAGATCCAATCTGCA-12	0	0	0	0	0	0	0	0	0	0	0	0	0	0	0	0	0	1	0	0
996_997	CAACTAGGTTCTCATT-12	0	0	0	0	0	0	1	0	0	0	0	0	0	0	0	0	0	1	0	0
996_997	TGGCGCAGTAGCGCTC-12	0	0	0	0	0	1	2	0	0	0	0	0	0	0	0	0	0	1	0	0
996_997	TGGCGCACAAATTGCC-12	0	0	0	0	0	0	0	0	0	0	0	0	0	0	0	0	0	0	0	0
996_997	TGCTGCTAGTGTCCAT-12	0	0	0	0	0	0	0	0	0	0	0	0	0	0	0	0	0	0	0	0
996_997	TGCTGCTAGCAAATCA-12	0	0	0	0	0	0	0	0	0	0	0	0	0	0	0	0	0	0	0	0
996_997	TGCGTGGTCAGTGCAT-12	0	0	0	0	0	0	0	0	0	0	0	0	0	0	0	0	0	0	0	1
996_997	ATTCTACAGTCCTCCT-12	0	0	0	0	0	0	0	0	0	0	0	0	0	0	0	0	1	0	0	0
996_997	ATTATCCCAATGAATG-12	0	0	0	0	0	0	0	0	0	0	0	0	0	0	0	1	0	0	0	0
996_997	TGCGGGTCACGGCTAC-12	1	0	0	0	0	0	0	0	0	0	1	0	0	0	0	1	0	0	0	0
996_997	GTAGGCCGTCCGAAGA-12	0	0	0	0	0	1	0	0	0	0	1	0	0	0	0	0	0	0	0	0
996_997	GTAGTCAAGGACACCA-12	0	0	0	0	0	1	0	0	0	0	0	0	0	0	0	0	0	0	0	0
996_997	GTAGTCACAAGAGGCT-12	0	0	0	0	0	0	0	0	0	0	0	0	0	0	0	0	0	0	0	0
996_997	TGCGCAGAGGCGTACA-12	0	0	0	0	0	0	0	0	0	0	1	0	0	0	0	0	0	0	0	0
996_997	ATCCGAAGTCTTGCGG-12	0	0	0	0	0	0	0	0	0	0	0	0	0	0	0	0	0	1	0	0
996_997	ATCCACCGTCAACATC-12	0	0	0	0	0	0	1	0	0	0	0	0	0	0	0	0	0	0	0	0
996_997	TGCCCTAAGTACTTGC-12	0	0	0	0	0	0	0	0	0	0	0	0	0	0	0	0	0	0	0	0
996_997	TGCCCATGTTATTCTC-12	0	0	0	0	0	0	0	0	0	0	0	0	0	0	0	0	0	1	0	0
996_997	GCATGTACACCGAATT-12	0	0	0	0	0	0	2	0	0	0	0	0	0	0	0	0	0	0	0	0
996_997	AGATTGCCACCAACCG-12	0	0	0	0	0	0	0	0	0	0	0	0	0	0	0	0	0	0	0	0
996_997	GCATGTAAGATGGGTC-12	0	0	0	0	0	0	0	0	0	0	0	0	0	1	0	0	0	1	0	0
996_997	GCATACAGTGATGTCT-12	0	0	0	0	0	0	0	0	0	0	0	0	0	0	0	0	0	0	0	0
996_997	TGCACCTAGATCCTGT-12	0	0	0	0	0	1	0	0	0	0	0	0	0	0	1	0	0	0	0	0
996_997	AGTTGGTAGATCCTGT-12	0	0	0	0	0	0	0	0	0	0	0	0	0	0	0	0	0	0	0	1
996_997	GTCACAAGTATAGGTA-12	0	0	0	0	0	0	0	0	0	0	0	0	0	0	0	0	0	0	0	0
996_997	TCATTTGAGGTGACCA-12	0	0	0	0	0	0	0	0	0	0	0	0	0	1	0	0	0	0	0	0
996_997	TCGTACCAGTGAACAT-12	0	0	0	0	0	0	0	0	0	0	0	0	0	0	0	0	0	0	0	0
996_997	ACACTGAAGAGTACAT-12	0	0	0	0	0	0	1	0	0	1	1	0	0	0	0	0	0	0	0	0
996_997	TACTCGCCATCTCGCT-12	0	0	0	0	0	0	0	0	0	0	0	0	0	0	0	0	0	0	0	0
996_997	GACGCGTCAATGCCAT-12	0	0	0	0	0	0	0	0	0	0	0	0	0	0	0	0	0	0	0	0
996_997	GACGCGTAGGCTAGAC-12	0	0	0	0	0	0	0	0	0	0	0	0	0	0	0	0	0	0	0	0
996_997	ACACCCTGTTGCGCAC-12	0	0	0	0	0	0	0	0	0	0	0	0	0	0	0	0	0	1	0	0
996_997	TACGGGCTCGTTACAG-12	0	0	0	0	0	0	1	0	0	0	0	0	0	0	0	0	1	0	0	0
996_997	TACGGGCTCCGAAGAG-12	0	0	0	0	0	0	0	0	0	0	0	0	0	0	0	0	0	1	0	0
996_997	ACACCAACAAAGGTGC-12	0	0	0	0	0	0	0	0	0	0	0	0	0	0	0	0	0	1	0	0
996_997	AATCGGTGTGAAATCA-12	0	0	0	0	0	0	0	0	0	0	0	0	0	0	0	0	0	1	1	0
996_997	TACACGATCTGCAGTA-12	0	0	0	0	0	0	0	0	0	0	1	0	0	0	0	0	0	1	0	0
996_997	AATCGGTCAGGTGGAT-12	0	0	0	0	0	0	0	0	0	0	0	0	0	0	0	0	0	0	0	0
996_997	AAGTCTGTCTTTAGGG-12	0	0	0	0	0	0	0	0	0	0	0	0	1	0	0	0	0	0	0	0
996_997	TACACGAAGATCCCGC-12	0	0	0	0	0	0	0	0	0	0	1	0	0	0	0	0	0	0	0	0
996_997	TAGACCACACACATGT-12	0	0	0	0	0	0	0	0	0	0	1	1	0	0	0	1	0	1	0	0
996_997	AAGTCTGCAATCGAAA-12	0	0	0	0	0	0	0	0	0	0	0	0	1	0	0	0	0	1	0	0
996_997	GACAGAGCACCTTGTC-12	0	0	0	0	0	1	0	0	0	0	0	0	0	0	0	0	0	0	0	0
996_997	AACTGGTCAGTCACTA-12	0	0	0	0	0	0	0	0	0	0	0	0	0	0	0	0	0	0	0	0
996_997	TAAACCGGTACTCGCG-12	0	0	0	0	0	0	0	0	0	0	0	0	0	0	0	0	0	0	0	0
996_997	GTTCTCGGTATATGAG-12	0	0	0	0	0	0	1	0	0	0	0	0	0	0	0	0	0	0	0	1
996_997	AACTCTTTCACCATAG-12	0	0	0	0	0	0	1	0	0	0	0	0	0	0	0	0	0	0	0	0
996_997	GAATGAAGTGATGCCC-12	0	0	0	0	0	1	0	0	0	0	0	0	1	0	0	0	0	0	0	0
996_997	AACTCAGGTTCCACTC-12	0	0	0	0	0	0	0	0	0	0	0	0	0	0	0	0	0	0	0	0
996_997	GTTACAGGTAGAAGGA-12	0	0	0	0	0	2	0	0	0	0	0	0	0	0	0	0	0	0	0	0
996_997	GTGTGCGCAGCCTGTG-12	0	0	0	0	0	0	0	0	0	0	2	0	1	0	0	0	0	0	0	0
996_997	AACGTTGGTCAGTGGA-12	0	0	0	0	0	1	0	0	0	0	0	0	0	0	0	0	0	1	0	0
996_997	AAAGTAGCAAGCTGTT-12	0	0	0	1	0	1	0	0	0	0	0	0	0	0	0	0	0	0	0	0
996_997	AAAGCAAGTGCAACTT-12	0	0	0	0	0	0	0	0	0	0	0	0	0	0	0	0	0	2	0	0
996_997	GTGAAGGTCACGAAGG-12	0	0	0	0	0	1	0	0	0	0	0	0	0	0	0	0	1	1	0	0
996_997	GACAGAGGTCATGCCG-12	0	0	0	0	0	1	0	0	0	0	0	0	0	0	1	0	0	0	0	0
996_997	GACGGCTTCTCAAGTG-12	0	0	0	0	0	0	0	0	0	0	0	0	0	0	0	0	0	0	0	0
996_997	ACATGGTCAACACCCG-12	0	0	0	0	0	0	0	0	0	0	0	0	0	0	0	0	0	0	0	0
996_997	ACCAGTATCTCGTTTA-12	0	0	0	0	0	0	0	0	0	0	0	0	0	0	0	0	0	0	0	0
996_997	AGATTGCCAAGTAATG-12	0	0	0	0	0	0	0	0	0	0	0	0	0	0	0	0	0	0	0	0
996_997	TCGGGACGTGAAATCA-12	0	0	0	0	0	0	0	0	0	0	0	0	0	0	0	0	0	0	0	0
996_997	TCGGGACCATTGGCGC-12	2	0	0	0	0	0	0	0	0	0	0	1	0	0	0	0	0	0	0	0
996_997	AGATTGCAGGACGAAA-12	0	0	1	0	0	0	0	0	0	0	0	0	0	0	0	0	0	0	0	0
996_997	TCGCGAGAGTTCGCAT-12	0	0	0	0	0	0	0	0	0	0	0	0	0	0	0	0	0	0	0	0
996_997	TCGAGGCGTTCGTTGA-12	0	0	0	0	0	0	1	0	0	0	0	0	1	0	0	0	0	0	0	0
996_997	TGGTTCCTCAACACGT-12	0	0	0	0	0	0	0	0	0	0	1	0	0	0	0	0	0	0	0	0
996_997	AGAGTGGTCACCCTCA-12	0	0	0	0	0	0	0	0	0	0	0	0	0	0	0	0	0	0	0	0
996_997	TCATTACCACATAACC-12	0	0	0	0	0	0	0	0	0	0	0	0	0	0	0	0	0	0	0	0
996_997	TCATTACAGTGCGATG-12	0	0	0	0	0	0	0	0	0	0	0	0	0	0	0	0	0	0	0	0
996_997	TCAGGTAGTTAGATGA-12	0	0	0	0	0	0	1	0	0	0	0	0	0	1	0	0	0	0	0	0
996_997	TCAGGATTCAGTTAGC-12	0	0	0	0	0	0	0	0	0	0	0	0	0	0	0	0	0	0	0	0
996_997	ACTGCTCCATCGGAAG-12	0	0	0	0	0	0	0	0	0	0	0	0	2	0	0	0	0	0	0	0
996_997	GTCATTTGTAGCCTCG-12	0	0	0	0	0	1	1	1	0	0	0	0	0	0	0	0	0	2	0	1
996_997	TCAGCTCGTCTCACCT-12	0	0	0	0	0	0	0	0	0	0	0	0	1	0	0	1	0	0	0	0
996_997	TCAGCAATCATGCTCC-12	1	0	0	0	0	0	0	0	0	0	0	0	0	0	0	0	0	1	0	0
996_997	ACTGAACAGGTGCACA-12	0	0	0	0	0	0	0	0	0	0	0	0	0	0	0	0	0	0	0	0
996_997	ACTATCTGTGCGAAAC-12	0	0	0	0	0	0	0	0	0	0	0	0	0	0	0	0	0	0	0	0
996_997	TCAATCTTCAGTTTGG-12	0	0	0	0	1	0	0	0	0	0	0	0	0	0	1	1	0	1	0	0
996_997	TCAATCTTCAGATAAG-12	0	0	0	0	0	0	0	0	0	0	0	0	1	0	0	0	0	0	0	0
996_997	GAGGTGAAGATGCGAC-12	0	0	0	0	0	0	0	0	0	0	0	0	0	0	0	0	0	0	0	0
996_997	GTCCTCAGTATCAGTC-12	0	0	0	0	0	0	0	0	0	0	0	0	0	0	0	0	0	0	0	0
996_997	ACGATACAGATGTCGG-12	0	0	0	0	0	1	0	0	0	0	0	0	0	0	0	0	0	0	0	0
996_997	TATTACCTCCCTTGCA-12	0	0	0	0	0	0	0	0	0	0	0	0	0	0	0	0	0	0	0	0
996_997	TATTACCTCAGAAATG-12	0	0	0	0	1	0	0	0	0	0	0	0	0	0	0	0	0	0	0	0
996_997	ACGAGCCAGTTGCAGG-12	0	0	0	0	0	0	1	0	0	0	0	0	0	0	0	0	0	1	0	0
996_997	TATCTCACACGGATAG-12	0	0	0	0	0	0	0	0	0	0	0	0	0	0	0	0	0	0	0	0
996_997	TATCAGGCATTGCGGC-12	0	0	0	0	0	0	0	0	0	0	0	0	0	0	0	0	0	0	0	0
996_997	GTCGGGTGTCCGACGT-12	0	0	0	0	0	0	0	0	0	0	0	0	0	0	0	0	0	0	0	0
996_997	TCGTAGACAGCTGTGC-12	0	0	0	0	0	0	0	0	0	0	1	0	0	0	0	0	0	0	0	0
996_997	CACATAGAGGTCATCT-12	0	0	0	0	0	0	0	0	0	0	0	0	1	0	0	0	0	0	0	0
996_997	TGGGCGTCAAATTGCC-12	0	0	0	0	0	0	0	0	0	0	0	0	0	0	0	0	0	0	0	0
996_997	GGTGAAGCATATGAGA-12	0	0	0	0	0	0	0	0	0	0	0	0	2	0	0	0	0	0	0	0
996_997	GCTGCTTAGATCGGGT-12	0	0	0	0	0	0	0	0	0	0	1	0	0	0	0	0	0	0	0	0
996_997	CTCGGGACACATAACC-12	0	0	0	0	0	1	0	0	0	0	0	0	0	0	0	0	1	0	0	0
996_997	CTCGTACGTATATCCG-12	0	0	0	0	0	0	0	0	0	0	0	0	0	0	0	0	0	0	0	0
996_997	CTCGTCACACTGTCGG-12	0	0	0	0	0	0	0	0	0	0	0	0	0	0	0	0	0	0	0	0
996_997	CTCGTCAGTTAAAGAC-12	0	0	0	0	0	0	0	0	0	0	0	0	0	0	0	0	0	0	0	0
996_997	CTCGTCAGTTACCAGT-12	1	0	0	0	0	0	0	0	0	0	0	0	0	0	0	0	0	0	1	0
996_997	CTCTACGTCAAGGCTT-12	0	0	0	0	0	0	0	0	0	0	0	0	0	0	0	0	0	0	0	0
996_997	CTCTGGTGTAAGTGGC-12	0	0	0	0	0	0	0	0	0	0	0	0	0	0	0	0	0	0	1	0
996_997	CCGGTAGCACAGGCCT-12	0	0	0	0	0	0	0	0	0	0	0	0	0	0	0	0	0	1	0	0
996_997	CTGAAACTCATCATTC-12	1	0	0	0	0	0	0	0	0	0	1	0	0	0	0	0	0	1	0	1
996_997	CCGGTAGAGTAACCCT-12	0	0	0	0	0	0	0	0	0	0	1	0	0	0	0	0	0	1	0	0
996_997	CTGATCCCACCAGTTA-12	0	0	0	0	0	0	0	0	0	0	0	0	0	0	0	0	0	0	0	0
996_997	CCTAAAGGTCTAAAGA-12	0	0	0	0	0	0	0	0	0	0	0	0	0	0	0	0	0	0	0	0
996_997	GCTGCGAGTGCAGTAG-12	0	0	0	0	0	0	0	0	0	0	0	0	0	0	0	0	0	0	0	0
996_997	CCCAGTTGTGGTTTCA-12	0	0	0	0	0	1	0	0	0	0	0	0	0	0	0	0	0	0	0	0
996_997	CCCAATCGTCAATACC-12	0	0	0	0	0	0	0	0	0	0	0	0	0	0	0	0	0	0	0	0
996_997	GTAACGTCACATGGGA-12	0	0	0	0	0	0	0	0	0	0	0	0	1	0	0	0	0	0	0	0
996_997	CTGGTCTAGGAGTAGA-12	0	0	0	0	0	0	0	0	0	0	0	0	0	0	0	0	0	1	0	0
996_997	GGGATGAGTCGAGATG-12	0	0	0	0	0	0	0	0	0	0	0	0	0	0	0	0	0	1	0	0
996_997	CTGGTCTGTTCCACAA-12	0	0	0	0	0	0	0	0	0	0	0	0	0	0	0	0	0	1	0	0
996_997	CTGTTTAAGGGTTCCC-12	0	0	0	0	0	0	0	0	0	0	0	0	0	0	0	0	0	1	0	0
996_997	CTGTTTACAGCTGTGC-12	0	0	0	0	0	0	0	0	0	0	1	0	0	0	0	0	0	1	0	0
996_997	CCACCTAGTCGGCACT-12	0	0	0	1	0	0	1	0	0	0	0	0	0	1	0	0	0	0	0	0
996_997	CCAATCCCATGTTCCC-12	0	0	0	0	0	0	0	0	0	0	0	0	0	0	0	0	0	0	0	0
996_997	CTTAGGACACAGGCCT-12	0	0	0	0	0	2	0	0	0	0	0	0	0	0	0	0	0	0	1	0
996_997	CATGGCGGTTCAACCA-12	0	0	0	0	0	0	0	0	0	0	0	0	0	0	0	0	0	0	0	0
996_997	CCCATACAGAGCTGGT-12	1	0	0	0	0	0	0	0	0	0	2	0	0	0	0	0	0	2	0	0
996_997	CCTACACGTTTGTTGG-12	0	0	0	0	0	0	0	0	0	0	0	1	0	0	0	0	0	0	1	0
996_997	CCTACCACACGTGAGA-12	0	0	0	0	0	0	0	0	0	0	0	0	0	0	0	0	0	0	0	0
996_997	GGGACCTAGACTAAGT-12	0	0	0	0	0	0	0	0	0	0	0	0	0	0	0	0	0	0	0	0
996_997	CGGGTCATCATTTGGG-12	0	0	0	0	0	0	0	0	0	0	0	0	0	0	0	0	0	0	0	0
996_997	CGGACGTGTTAGGGTG-12	0	0	0	0	0	0	0	0	0	0	0	0	0	0	0	0	0	1	0	0
996_997	CGTAGCGGTTCCCGAG-12	0	0	0	0	0	0	0	0	0	0	0	0	1	0	0	0	0	0	0	0
996_997	GGAATAATCTGCCCTA-12	0	0	0	0	0	0	0	0	0	0	0	0	0	0	0	0	0	0	0	0
996_997	GGCCGATGTTGCGCAC-12	0	0	0	0	0	0	0	0	0	0	0	0	1	0	0	0	0	2	0	0
996_997	CGTAGGCTCTTCATGT-12	0	0	0	0	0	0	1	0	0	0	0	0	0	0	0	1	0	1	0	0
996_997	CGTCCATAGCGTTTAC-12	0	0	0	0	0	0	0	0	0	0	0	0	0	0	0	0	0	0	0	0
996_997	CGCGTTTCATCTCCCA-12	0	0	0	0	0	0	0	0	0	0	0	0	0	0	0	0	0	1	0	0
996_997	CGTCTACTCCACGACG-12	0	0	0	1	0	0	0	0	0	0	0	0	0	0	0	0	0	0	0	0
996_997	CGATTGATCGCATGAT-12	0	0	0	0	0	0	1	0	0	0	1	0	1	0	0	0	0	1	0	0
996_997	CGTGTCTCACACATGT-12	0	0	0	0	0	0	0	0	0	0	0	0	0	0	0	0	0	0	0	0
996_997	CGATGGCCACCGAATT-12	0	0	0	0	0	1	1	0	0	0	0	0	0	0	0	0	0	1	0	1
996_997	CGATCGGTCGCATGAT-12	0	0	0	0	0	0	1	0	0	0	0	0	1	0	0	0	0	1	0	0
996_997	CGAGCCAGTGAGTGAC-12	0	0	0	0	0	0	1	0	0	0	0	0	0	0	0	0	0	0	0	0
996_997	CTAATGGTCAGTACGT-12	0	0	0	0	0	0	0	0	0	0	0	0	0	0	0	0	0	0	0	0
996_997	CGAGAAGTCATCGGAT-12	0	0	0	0	0	0	0	0	0	0	0	0	0	0	0	0	0	0	0	0
996_997	CTACACCCAGACGCCT-12	0	0	0	0	0	1	0	0	0	0	0	0	0	0	0	0	1	0	1	0
996_997	GGCTCGAAGCTGCCCA-12	0	0	0	0	0	0	0	0	0	0	0	0	0	0	0	0	0	0	0	1
996_997	CGACCTTGTTAAAGTG-12	0	0	0	0	0	0	0	0	0	0	0	1	0	0	0	0	0	0	0	0
996_997	CTACATTGTCATCGGC-12	0	0	0	0	0	0	0	0	0	0	1	0	0	0	0	0	0	0	0	0
996_997	CTACCCAAGAACAATC-12	0	0	0	0	0	0	1	0	0	0	0	0	0	0	0	0	0	0	0	0
996_997	GGCTCGATCCTCAATT-12	0	0	0	0	0	0	0	0	0	0	0	0	0	0	0	0	0	0	0	0
996_997	CCTTTCTAGGGAACGG-12	0	0	0	0	0	0	0	0	0	0	0	0	0	0	0	0	0	0	0	0
996_997	CTAGTGAGTGATAAAC-12	0	0	0	0	0	0	0	0	0	0	0	0	0	0	1	0	0	0	0	0
996_997	CTCACACAGTGACATA-12	0	0	0	0	0	0	0	0	0	0	0	0	0	0	0	0	0	0	0	1
996_997	CCTTCGAGTATGGTTC-12	0	0	0	0	0	0	0	0	0	0	0	0	0	0	0	0	0	0	0	0
996_997	CCTTCCCCAAAGCAAT-12	0	0	0	0	0	0	0	0	0	0	0	0	0	0	0	0	0	0	0	0
996_997	CTTAGGATCAGCTGGC-12	0	0	0	0	0	0	0	0	0	0	0	0	0	0	0	0	0	0	0	0
996_997	CTTGGCTAGACGCAAC-12	0	0	0	0	1	0	0	0	0	0	0	0	0	0	0	0	0	0	0	0
996_997	GGACATTCATGACGGA-12	0	0	0	0	0	1	0	0	0	0	0	0	0	0	0	0	0	0	0	0
996_997	CACATAGTCTTCAACT-12	0	0	0	0	0	0	0	0	0	0	0	0	0	0	0	0	0	0	0	0
996_997	CAGCCGAGTAACGACG-12	0	0	0	0	0	0	0	0	0	0	0	0	0	0	0	0	0	1	0	0
996_997	CAGCAGCGTATGAAAC-12	0	0	0	0	0	0	0	0	0	0	2	0	0	0	0	0	0	0	0	0
996_997	GCGCGATCAGCTCCGA-12	0	0	0	0	0	0	0	0	0	0	1	0	0	0	0	0	0	0	0	0
996_997	CACCACTTCGGAGGTA-12	0	0	0	1	0	0	0	0	0	0	0	0	0	0	0	0	0	0	0	0
996_997	CAGAATCTCAATCTCT-12	0	0	0	0	0	0	0	0	0	0	0	0	0	0	0	0	0	1	0	0
996_997	TTAGGACCAGTCGATT-12	0	0	0	0	0	0	0	0	0	0	0	0	0	0	0	0	0	0	0	0
996_997	GCGCGATAGTCCATAC-12	0	0	0	0	0	0	0	0	0	0	0	0	0	0	0	0	0	0	0	0
996_997	TTGGAACTCTACTATC-12	0	0	0	0	0	0	0	0	0	0	0	0	0	0	0	0	0	1	0	0
996_997	GGGTTGCTCCCTGACT-12	0	0	0	0	0	0	0	0	0	0	0	0	0	0	0	0	0	0	0	0
996_997	CATGGCGAGTCAAGCG-12	0	0	0	0	0	0	0	0	0	0	0	0	0	0	0	0	0	0	0	0
996_997	CACCTTGCAAGACACG-12	0	0	0	0	0	0	0	0	0	0	0	0	0	0	0	0	0	0	0	0
996_997	TTAGTTCTCACGATGT-12	0	0	0	0	2	0	0	0	0	0	0	0	0	0	1	0	0	0	0	0
996_997	GGTATTGCAAGGTGTG-12	0	0	0	0	0	1	0	0	0	0	0	0	0	0	1	0	0	0	0	0
996_997	TTGCCGTGTCCGCTGA-12	0	0	0	0	0	0	0	0	0	0	2	0	0	0	0	0	0	0	0	0
996_997	CACCACTAGCTGCGAA-12	0	0	0	0	0	0	0	0	0	0	0	0	0	0	0	0	0	0	0	0
996_997	CACCACTAGGCGTACA-12	0	0	0	0	0	0	0	0	0	0	0	0	0	0	0	0	0	1	0	1
996_997	TTGACTTAGGTGACCA-12	0	0	0	0	1	0	0	0	0	0	0	0	0	0	0	0	0	2	0	0
996_997	GCGCGATCATATGCTG-12	0	0	0	0	0	0	0	0	0	0	1	0	0	0	0	0	0	0	0	0
996_997	TTAACTCTCCAAACAC-12	0	0	0	0	0	0	0	0	0	0	0	0	0	0	0	0	0	0	1	0
996_997	CACCAGGGTGAGTATA-12	0	0	0	1	0	0	0	0	0	0	0	0	0	0	0	0	0	0	0	0
996_997	GGGCACTCAGACGTAG-12	0	0	0	0	0	0	0	0	0	0	0	0	1	0	0	0	0	0	0	0
996_997	CACCACTGTAAGTAGT-12	0	0	0	0	0	0	0	0	0	0	0	0	0	0	0	0	0	0	0	1
996_997	GAAACTCCAGGGTACA-12	0	0	0	0	0	0	0	0	0	0	0	0	0	0	0	0	0	0	0	0
996_997	TTCGGTCTCCCAGGTG-12	0	0	0	0	0	0	0	0	0	0	1	0	0	0	0	0	0	0	0	1
996_997	CATATGGGTGATGATA-12	0	0	0	0	1	0	0	0	0	0	1	0	0	0	0	0	0	0	0	1
996_997	TTCGGTCCAAGAGGCT-12	0	0	0	0	0	0	0	0	0	0	0	0	0	0	0	0	0	1	0	0
996_997	CATATGGCAAGAAAGG-12	0	0	0	0	0	0	1	0	0	0	0	0	0	0	0	0	0	0	0	0
996_997	CAGCTGGTCTATGTGG-12	0	0	0	0	0	0	0	0	0	0	1	0	0	0	0	0	0	0	0	0
996_997	TTCGAAGGTCGTCTTC-12	0	0	0	0	0	0	0	0	0	0	0	0	0	0	0	0	0	0	0	0
996_997	GAACCTATCCCTTGCA-12	0	0	0	0	0	0	0	0	0	0	0	0	0	0	0	0	0	0	0	0
996_997	CAGTCCTAGGCTCAGA-12	0	0	0	0	0	0	0	0	0	0	0	0	0	0	0	0	0	0	0	1
996_997	CAGTCCTAGCAGGTCA-12	0	0	0	0	0	0	0	0	0	0	0	0	0	0	0	0	0	1	0	0
996_997	TTCTCCTGTTCGTTGA-12	0	0	0	0	0	0	2	0	0	0	0	0	0	0	0	1	0	1	0	0
996_997	TTATGCTGTCTAAAGA-12	0	0	0	0	0	0	0	0	0	0	0	0	0	0	0	0	0	1	0	0
996_997	TTCTCCTCAAGTTAAG-12	0	0	0	0	0	0	0	0	0	0	0	0	0	0	0	0	0	0	0	0
996_997	GCGCAGTAGAGCTATA-12	0	0	0	0	0	0	0	0	0	0	0	0	0	1	0	0	0	0	1	0
996_997	CAGTAACGTGAAAGAG-12	0	0	0	0	0	0	0	0	0	0	0	0	0	0	0	0	0	0	0	0
996_997	TTTGTCAGTCAGATAA-12	0	0	0	0	0	0	0	0	0	0	0	0	0	0	0	0	0	0	0	0
996_997	CATCCACCAAGCCGTC-12	0	0	0	0	0	1	0	0	0	0	0	0	1	0	0	0	0	1	1	0
996_997	CATCGAATCTTAGCCC-12	0	0	0	0	0	0	0	0	0	0	0	0	0	0	0	0	0	0	0	0
997_998	AGCGTCGGTCCGCTGA-11	0	0	0	0	0	0	0	0	0	0	0	0	0	0	0	0	0	0	0	0
997_998	TGGCCAGGTTACGCGC-11	0	0	0	0	0	0	0	0	0	0	0	0	0	1	0	0	0	0	0	0
997_998	GCAGCCAAGGATATAC-11	0	0	0	0	0	1	0	0	0	0	0	0	0	0	0	0	0	1	1	0
997_998	GGAAAGCCAGGAATCG-11	0	0	0	0	0	0	0	0	0	0	0	0	0	0	0	0	0	0	0	0
997_998	TCAATCTAGAGGTAGA-11	0	0	0	0	0	0	0	0	0	0	0	0	1	0	0	1	0	1	1	0
997_998	CCTAAAGCACGGTTTA-11	0	0	0	0	0	0	0	0	0	0	0	0	0	0	0	0	0	0	0	0
997_998	AGTGAGGAGGGTCTCC-11	1	0	0	0	0	0	0	0	0	0	0	0	0	0	0	0	0	2	0	0
997_998	CCTCTGAAGCAGCCTC-11	0	0	0	0	1	0	0	0	0	0	0	0	0	0	0	0	0	1	0	0
997_998	CTGTGCTGTTCAGTAC-11	0	0	0	0	0	0	2	0	0	0	0	0	0	0	0	0	0	0	0	0
997_998	CTTAACTTCGTGACAT-11	0	0	0	0	0	0	0	0	0	0	0	0	0	0	0	0	0	0	0	0
997_998	ATAACGCCAGGGATTG-11	0	0	0	0	0	0	4	0	0	0	1	0	0	0	0	1	0	2	0	0
997_998	TTTGTCAAGGGAACGG-11	0	0	0	0	0	0	0	0	0	0	0	0	0	0	0	0	0	0	0	0
997_998	TTGAACGTCCCGACTT-11	0	0	0	0	0	0	1	0	0	0	1	0	0	0	0	0	0	2	1	0
997_998	CGACCTTAGTTGTAGA-11	0	0	0	0	0	0	0	0	0	0	0	0	0	0	0	0	0	0	0	0
997_998	CACACAACAGCGAACA-11	0	0	0	0	0	0	0	0	0	0	0	0	1	0	0	0	0	0	0	0
997_998	GTCTCGTGTGATGCCC-11	0	0	0	0	0	0	0	0	0	0	0	0	0	0	0	0	0	0	0	0
997_998	CTCGTCAGTGTCAATC-11	0	0	0	0	0	0	0	0	0	0	0	0	0	0	0	0	0	0	0	0
997_998	GTATTCTAGGCCCGTT-11	0	0	0	0	0	0	0	0	0	0	0	0	0	0	0	0	0	0	0	0
997_998	CGTGAGCTCTTGGGTA-11	0	0	0	0	0	0	0	0	0	0	0	0	0	0	0	0	0	1	1	0
997_998	AACTCTTTCTAAGCCA-11	0	0	0	0	0	0	1	0	0	0	0	0	0	0	0	0	0	0	0	0
997_998	TCTCATATCTTCTGGC-11	0	0	0	0	0	0	0	0	0	0	0	0	0	0	0	0	0	0	0	0
997_998	CATTATCCAATGACCT-11	0	0	0	0	0	0	0	0	0	0	0	0	0	0	0	0	0	1	0	0
997_998	CCAATCCCAGTATCTG-11	0	0	0	0	0	0	0	0	0	0	0	0	1	0	0	0	0	0	0	0
997_998	CCGTACTCAGGCTCAC-11	0	0	0	0	0	0	0	0	1	0	0	0	0	0	0	0	0	0	1	0
997_998	CAGTAACTCTTCATGT-11	0	0	0	0	0	1	0	0	0	0	1	0	0	0	0	0	0	0	0	0
997_998	CCCATACGTACTTGAC-11	0	0	0	0	0	0	1	0	0	0	0	0	0	0	0	0	0	0	0	0
997_998	GGCGTGTCACTCGACG-11	0	0	0	0	0	0	0	0	0	0	0	0	0	0	0	0	0	2	0	0
997_998	GTAACTGGTCACTTCC-11	0	0	0	0	0	0	0	0	0	0	0	0	0	0	0	0	0	0	0	0
997_998	TGTGTTTCAGAGCCAA-11	0	0	0	0	0	0	0	0	0	0	0	0	1	0	0	0	0	0	0	0
997_998	GCTCTGTCACGAGAGT-11	0	0	0	0	0	0	0	0	0	0	0	0	0	0	0	0	0	0	1	0
997_998	AGAGCGATCACAGGCC-11	0	0	0	0	0	0	0	0	0	0	0	0	0	0	0	0	0	1	0	0
997_998	CCGGTAGTCAGGATCT-11	0	0	0	0	0	0	0	0	0	0	0	0	0	0	0	0	0	1	0	0
997_998	AGAATAGCAGGGATTG-11	0	0	0	0	0	0	0	0	0	0	0	0	0	0	0	0	0	0	0	0
997_998	AGAGCGACAAGCTGAG-11	0	0	0	0	0	0	0	0	0	0	1	0	0	0	0	1	0	1	0	0
998_999	GGGATGATCTACTATC-12	1	0	0	0	0	0	0	0	0	0	0	0	0	0	0	0	0	0	0	0
998_999	GCTCTGTAGATCGATA-12	0	0	0	0	0	0	0	0	0	0	0	0	1	0	0	0	0	0	0	0
998_999	GGACAAGCAATAGCAA-12	0	0	0	0	0	0	1	0	0	0	0	0	0	0	0	0	0	0	0	0
998_999	GACGCGTCACTTACGA-12	0	0	0	0	0	0	0	0	0	0	0	0	0	0	0	0	0	0	1	0
998_999	GGAGCAAGTCTAAAGA-12	0	0	0	0	0	0	0	0	0	0	0	0	0	0	0	0	0	0	0	0
998_999	GGATTACTCCACTCCA-12	0	0	0	0	0	0	0	0	0	0	0	0	0	0	0	0	0	0	0	0
998_999	GCACATACATGTTGAC-12	0	0	0	0	0	0	0	0	0	0	0	0	0	0	0	0	0	0	0	0
998_999	GCTGCAGAGTAGGCCA-12	0	0	0	0	0	0	0	0	0	0	0	0	0	0	0	0	0	0	1	0
998_999	GCACTCTTCTGGCGTG-12	0	0	0	0	0	0	0	0	0	0	1	0	0	0	1	0	0	0	1	0
998_999	GTCCTCATCCTTTACA-12	0	0	0	0	0	0	0	0	0	0	0	0	0	0	0	1	0	0	0	0
998_999	GAGGTGATCGGTGTTA-12	0	0	0	0	0	0	0	0	0	0	0	0	0	0	1	0	0	0	0	0
998_999	GAGGTGAGTTGTGGCC-12	0	0	0	0	0	0	0	0	0	0	0	0	0	0	0	0	0	0	0	0
998_999	GTCTTCGAGTAGTGCG-12	0	0	0	0	0	0	0	0	0	0	1	0	0	0	0	0	1	0	0	0
998_999	GCATGTAGTGACCAAG-12	0	0	0	0	0	0	0	0	0	0	0	0	0	0	0	0	0	0	0	0
998_999	GGAACTTCAAGCCATT-12	0	0	0	0	0	0	0	0	0	0	0	0	0	0	0	0	0	0	0	0
998_999	GCGCCAATCCTGCTTG-12	0	0	0	0	0	0	0	0	0	0	0	0	0	0	0	0	0	0	0	0
998_999	GTCTCGTAGAGACTAT-12	0	0	0	0	1	1	4	0	0	0	0	0	0	0	0	0	0	0	0	0
998_999	GCATGTAGTGCCTGTG-12	0	0	0	0	0	0	0	0	0	0	0	0	0	0	0	0	0	0	0	0
998_999	GAACATCAGCGGATCA-12	0	0	0	0	0	0	0	0	0	0	0	0	0	1	0	0	0	1	0	0
998_999	CGATTGAGTCCAGTTA-12	0	0	0	0	0	0	0	0	0	0	0	0	0	0	0	0	0	0	0	0
998_999	CCAATCCAGTGCCATT-12	0	0	0	0	0	0	0	0	0	0	0	0	1	0	0	0	0	0	0	0
998_999	CCACTACAGGACAGCT-12	0	0	0	0	0	0	0	0	0	0	0	0	0	0	0	0	0	0	0	0
998_999	CCCAATCAGTTTGCGT-12	0	0	0	0	0	0	0	0	0	0	1	0	1	0	0	0	0	0	1	0
998_999	CCCATACCATCTCCCA-12	0	0	0	0	0	0	1	0	0	0	1	0	1	0	0	0	1	1	0	0
998_999	CCGTTCACAGACTCGC-12	0	0	0	0	0	0	0	0	0	0	0	0	0	0	0	0	0	0	0	0
998_999	CCTCTGAGTAATCGTC-12	0	0	0	0	0	0	0	0	0	0	0	0	0	0	0	0	0	0	0	0
998_999	CGAACATGTCTAAAGA-12	0	0	0	0	0	0	0	0	0	0	0	0	0	0	0	0	0	0	0	0
998_999	CGATCGGCATGCAATC-12	0	0	0	0	0	0	0	0	0	0	0	0	0	0	0	0	1	0	0	0
998_999	CGATGTAAGTTCCACA-12	0	0	0	0	0	0	0	0	0	0	0	0	0	0	0	0	0	1	0	0
998_999	GTGCAGCGTTCCGGCA-12	0	0	0	0	0	0	0	0	0	0	0	0	1	0	0	0	0	1	0	0
998_999	CGATTGATCTGCCCTA-12	0	0	0	0	0	0	0	0	0	0	0	0	0	0	0	0	0	0	0	0
998_999	CGCTATCTCTTACCGC-12	0	0	0	0	0	0	0	1	0	0	0	0	1	0	0	0	0	0	0	0
998_999	CGGACACAGACCTTTG-12	0	0	0	0	0	0	0	0	0	0	0	0	0	2	0	0	0	1	0	0
998_999	CGGACGTAGTGTTAGA-12	0	0	0	0	0	1	0	0	0	0	0	0	0	0	0	0	0	1	0	0
998_999	CGGTTAATCCAGTAGT-12	0	0	0	0	0	0	0	0	0	0	0	0	0	0	0	0	0	0	0	0
998_999	CGTAGCGAGCGTTGCC-12	0	0	0	0	0	0	0	0	0	0	0	0	0	0	0	0	0	0	0	0
998_999	CGTAGCGGTTACCGAT-12	1	0	0	0	0	0	1	0	0	0	0	0	0	0	0	0	0	0	0	0
998_999	CGTCCATGTCGAGTTT-12	0	0	0	0	0	0	1	0	0	0	0	0	0	0	0	0	1	0	1	0
998_999	CGTCTACAGAGTGAGA-12	0	0	0	0	0	0	0	0	0	0	0	0	0	0	0	0	0	1	0	0
998_999	CGTTAGAAGGTAGCCA-12	0	0	0	0	0	0	0	0	0	0	0	0	0	0	0	0	0	0	0	0
998_999	CTCCTAGTCTCAACTT-12	0	0	0	0	0	0	0	0	0	0	0	0	0	0	0	1	0	1	0	0
998_999	CTCGGAGTCCAACCAA-12	0	0	0	0	0	0	0	0	0	0	0	0	0	0	0	0	0	0	0	0
998_999	CTCGGGATCTCCAACC-12	0	0	0	0	0	1	0	0	0	0	0	0	1	0	0	0	0	0	0	0
998_999	CATGACATCAGTTGAC-12	0	0	0	0	0	0	0	0	0	0	1	0	0	0	0	0	0	1	0	0
998_999	CAGAATCAGTAGATGT-12	0	0	0	0	0	0	0	0	0	0	0	0	0	0	0	0	0	0	0	0
998_999	CACATTTTCTAACCGA-12	0	0	0	0	0	0	0	0	0	0	1	0	0	0	0	0	0	0	0	0
998_999	CACATAGTCGTCCGTT-12	0	0	0	0	0	1	0	1	0	0	0	0	0	0	0	0	0	0	0	0
998_999	AAGGAGCAGTACTTGC-12	0	0	0	0	0	0	0	0	0	0	0	0	0	0	0	0	0	0	0	0
998_999	AAGGCAGTCCCTAATT-12	1	0	0	0	0	0	1	0	0	0	0	0	0	0	0	0	0	0	0	0
998_999	ACACCCTAGAGGGATA-12	0	0	0	0	0	0	0	0	0	0	0	0	0	0	0	0	0	0	0	0
998_999	ACACCCTTCCGTAGGC-12	0	0	0	0	0	0	3	0	0	0	0	0	0	0	0	0	0	0	0	0
998_999	ACACCGGTCCTGTAGA-12	0	0	0	0	0	0	0	0	0	0	0	0	0	0	0	0	0	0	0	0
998_999	ACAGCTAGTAGCACGA-12	1	0	0	0	0	0	2	0	0	0	0	0	0	0	0	0	0	1	0	0
998_999	ACCGTAAGTCCTGCTT-12	1	0	0	0	0	0	0	0	0	0	0	0	0	0	0	0	0	1	0	0
998_999	ACGATGTAGCAATCTC-12	0	0	0	0	0	1	0	0	0	0	0	0	1	0	0	0	0	0	0	0
998_999	ACTATCTAGTGGAGTC-12	0	0	0	0	0	1	0	0	0	0	0	0	0	0	0	0	0	0	0	0
998_999	ACTATCTCACCCATTC-12	0	0	0	0	0	0	0	0	0	0	0	0	0	0	0	0	0	0	0	0
998_999	ACTGATGTCGAATGCT-12	0	0	0	0	1	0	0	0	0	0	0	0	1	1	0	0	0	0	0	0
998_999	CTGCGGAGTCGCCATG-12	0	0	0	0	0	0	0	0	0	0	0	0	0	1	0	0	0	0	0	0
998_999	ACTGCTCAGCTGATAA-12	0	0	0	0	1	1	0	0	0	0	0	0	0	0	0	0	0	0	0	0
998_999	AGAATAGAGATGAGAG-12	0	0	0	0	0	0	0	0	0	0	0	0	0	0	0	0	0	1	0	0
998_999	AGAGTGGAGAATTGTG-12	0	0	0	0	0	1	3	0	1	0	0	0	0	0	0	0	0	0	0	0
998_999	AGCGGTCTCAGTGCAT-12	0	0	0	0	0	0	0	0	0	0	0	0	0	0	0	0	0	0	0	0
998_999	AGCTCCTTCTCGTTTA-12	0	0	0	0	0	0	0	0	0	0	0	0	0	0	0	0	0	0	0	0
998_999	ATAGACCTCGGCATCG-12	0	0	0	0	0	1	0	0	0	0	0	0	0	0	0	0	0	0	0	0
998_999	ATCCACCAGCCACGTC-12	0	0	0	0	0	0	0	0	1	0	0	0	0	0	0	0	0	0	1	0
998_999	ATGAGGGCAGACAAAT-12	0	0	0	0	0	0	1	0	0	0	0	0	0	0	1	0	0	0	1	0
998_999	ATTGGTGAGACGCACA-12	0	0	0	0	0	0	1	0	0	0	0	0	1	0	0	1	0	0	0	1
998_999	ATTGGTGTCTCGTATT-12	0	0	0	0	0	1	0	0	0	0	1	0	0	0	0	0	0	0	0	1
998_999	CACACTCTCAACCATG-12	0	0	0	0	0	0	0	0	0	0	0	0	0	0	0	0	0	1	0	0
998_999	CACAGGCTCAGTTAGC-12	0	0	0	0	0	0	2	0	0	0	1	0	0	0	0	0	0	0	0	0
998_999	ACTGTCCTCGTGACAT-12	0	0	0	0	0	0	1	0	0	0	0	0	0	0	0	0	0	0	0	0
998_999	CTGTTTATCTCTAGGA-12	0	0	0	0	0	0	0	0	0	0	0	0	0	0	0	0	0	0	0	0
998_999	GAAGCAGAGACTAGGC-12	0	0	0	0	0	0	1	0	0	0	0	0	0	0	0	0	0	1	0	1
998_999	TCAGGATGTGATGATA-12	0	0	0	0	0	0	0	0	0	0	0	0	0	0	0	0	0	0	0	0
998_999	TATGCCCAGGACTGGT-12	0	0	0	0	0	0	0	0	0	0	1	0	0	0	0	0	0	1	0	0
998_999	TGTGTTTCAAAGAATC-12	0	0	0	0	0	0	1	0	0	0	0	0	0	0	0	0	0	0	0	0
998_999	TAGCCGGCAAGCCATT-12	0	0	0	0	0	0	0	0	0	0	0	0	0	0	0	0	0	0	0	0
998_999	TCTCTAAAGGGTCGAT-12	0	0	0	0	0	0	0	0	0	0	0	0	0	0	0	0	0	1	0	0
998_999	TTCTACATCGAACTGT-12	0	0	0	0	0	0	0	0	0	0	0	0	0	0	0	0	0	1	0	0
998_999	TGTGTTTAGGGTATCG-12	0	0	0	0	0	0	0	0	0	0	0	0	0	0	0	0	0	0	0	0
998_999	TTCTTAGAGCGTTGCC-12	0	0	0	0	0	0	1	0	0	0	0	0	0	0	0	0	0	0	1	0
998_999	TCAGCTCTCAAACGGG-12	0	0	0	0	0	0	0	0	0	0	0	0	0	0	0	0	0	0	0	0
998_999	TGCGCAGCAGGATTGG-12	0	0	0	0	1	0	0	0	0	0	0	0	0	0	0	0	0	0	0	0
998_999	TGCGTGGCATGACATC-12	0	0	0	0	0	0	0	0	0	1	0	0	0	0	0	0	0	0	0	0
998_999	TGGGAAGCATCTCCCA-12	0	0	0	0	0	0	0	0	0	0	0	0	0	0	0	0	0	0	0	0
998_999	TTAGGACTCGGTTAAC-12	0	0	0	0	0	0	0	0	0	0	0	0	0	0	0	0	0	0	0	0
998_999	TTGGAACCAGGGATTG-12	0	0	0	0	0	0	0	0	0	0	0	0	0	0	0	0	0	1	1	2
998_999	TCTGGAATCTCCTATA-12	0	0	0	0	0	0	0	0	0	0	0	0	0	0	0	0	0	0	0	0
998_999	TGACTTTGTGCGGTAA-12	0	0	0	0	0	0	0	0	0	0	0	0	1	0	0	0	0	0	0	0
998_999	TTTGCGCCATTGGTAC-12	0	0	0	0	0	0	0	0	0	0	0	0	0	0	0	0	0	1	0	0
998_999	TTTACTGGTGTTAAGA-12	0	0	0	0	0	0	0	0	0	0	0	0	0	0	0	0	0	0	0	0
998_999	TCGCGTTAGACCTTTG-12	0	0	0	0	0	0	33	0	0	0	0	0	0	0	0	0	0	2	0	1
998_999	TTGTAGGGTTATCACG-12	0	0	0	0	0	0	0	0	0	0	0	0	0	0	0	0	0	0	0	0
998_999	TCAGATGAGTCCTCCT-12	0	0	0	0	0	0	0	0	0	0	0	0	0	0	0	0	0	0	0	0
998_999	TGTTCCGGTAAGTTCC-12	0	0	0	0	0	0	0	0	0	0	0	0	0	0	0	0	0	0	0	0
998_999	TGCCCATAGCAGCCTC-12	0	0	0	0	0	0	2	0	0	0	0	0	0	0	0	0	0	0	0	0
998_999	TGCCCATCACTGAAGG-12	0	0	0	0	0	0	1	0	0	0	1	0	0	0	0	0	0	0	0	0
998_999	GTGGGTCCAAGCCGTC-12	0	0	0	0	0	0	0	0	0	0	0	0	0	0	0	0	0	0	0	0
998_999	CTTCTCTAGGCGACAT-12	0	0	0	0	0	2	0	0	0	0	0	0	0	0	0	0	0	1	0	0
998_999	GTGTGCGAGGGAAACA-12	0	0	0	0	0	0	1	0	0	0	0	0	0	0	0	0	0	2	0	0
998_999	TGCACCTGTATCTGCA-12	0	0	0	0	0	0	1	0	0	0	0	0	0	1	0	0	0	0	0	0
999_1000	AGGCCACCAATGGATA-12	0	0	0	0	0	0	0	0	0	0	0	0	0	0	0	0	0	1	0	0
999_1000	AGGCCACCACTACAGT-12	0	0	0	0	0	0	0	0	0	0	0	0	0	0	0	0	0	1	0	0
999_1000	GCACATAGTGCTGTAT-12	0	0	0	0	1	0	0	0	0	0	0	0	0	0	0	0	0	0	0	0
999_1000	GAACCTAGTCACTGGC-12	0	0	0	0	0	0	0	0	0	0	0	0	0	0	0	0	0	0	0	0
999_1000	GCAGCCACAATCACAC-12	0	0	0	0	0	0	0	0	0	0	0	0	0	0	0	0	0	0	1	0
999_1000	ATCATCTGTTAAAGAC-12	0	0	0	0	0	1	0	0	0	0	0	0	0	0	0	0	0	0	0	0
999_1000	GCATGCGAGACACGAC-12	0	0	0	0	0	0	0	0	0	0	0	0	1	1	0	0	0	0	0	0
999_1000	GCATGCGCAAACTGCT-12	0	0	0	0	0	0	0	0	0	0	0	0	0	0	0	0	0	0	0	0
999_1000	TCTCTAACAGTCACTA-12	0	0	0	0	0	0	0	0	0	1	0	0	0	0	0	0	0	0	0	0
999_1000	ATCCACCCAGCTCGAC-12	0	0	0	0	0	0	0	0	0	0	0	0	0	0	0	0	0	0	1	0
999_1000	ATCGAGTAGTATGACA-12	0	0	0	0	0	1	0	0	0	0	0	0	0	0	0	0	0	0	0	0
999_1000	TGAAAGATCGCAAGCC-12	0	0	0	0	0	0	0	0	0	0	0	0	0	0	0	0	0	1	0	0
999_1000	AGGTCATTCAAGGCTT-12	0	0	0	0	0	0	1	0	0	0	0	0	0	0	0	0	0	0	0	0
999_1000	GCATGATTCGCGGATC-12	0	0	0	0	0	0	0	0	0	0	0	0	0	0	0	0	0	1	0	0
999_1000	TCAACGACAACCGCCA-12	0	0	0	0	0	0	0	0	0	0	1	0	0	0	0	0	0	0	0	0
999_1000	AGCAGCCCAGACAGGT-12	0	0	0	0	0	0	0	0	0	0	0	0	0	0	0	0	0	0	0	0
999_1000	AACTCCCAGATCTGAA-12	1	0	0	0	0	0	0	0	0	0	1	0	0	0	0	0	0	0	0	0
999_1000	AACTCCCCAAGCGCTC-12	0	0	0	0	0	0	0	0	0	0	0	0	0	0	0	0	0	1	0	0
999_1000	AACTTTCGTTAAAGTG-12	0	0	0	0	0	0	0	0	0	0	0	0	2	0	0	0	0	0	0	0
999_1000	GACAGAGAGTACGTTC-12	0	0	0	0	0	0	0	0	0	0	0	0	0	0	0	0	0	1	0	0
999_1000	AAGGAGCAGACTGGGT-12	0	0	0	0	0	0	1	1	0	0	0	0	0	0	0	0	0	1	0	0
999_1000	GTGCGGTGTCCAGTGC-12	0	0	0	0	0	0	0	0	0	0	0	0	0	0	0	0	0	1	0	0
999_1000	GACCTGGAGGCGATAC-12	0	0	0	1	0	1	1	0	0	0	0	0	0	0	0	0	0	0	0	0
999_1000	GTTCTCGAGAGGTTGC-12	0	0	0	0	0	1	0	0	0	0	0	0	0	0	0	1	0	0	0	0
999_1000	GTTTCTACAACTGGCC-12	0	0	0	0	0	0	0	0	0	0	0	0	0	0	0	0	0	0	0	0
999_1000	ACAGCCGGTATCGCAT-12	0	0	0	0	0	0	1	0	0	0	0	0	1	0	0	0	0	0	0	0
999_1000	ACAGCCGTCATAGCAC-12	0	0	0	0	0	0	0	0	0	0	0	0	0	0	0	0	0	0	0	0
999_1000	TAAGTGCAGGATGCGT-12	0	0	0	0	0	1	0	0	0	0	0	0	0	0	1	0	0	0	0	0
999_1000	GACGTTAGTGCGCTTG-12	0	0	1	0	0	0	0	0	0	0	1	0	0	0	0	0	0	1	0	0
999_1000	TACTTGTCAGACGCAA-12	0	0	0	0	0	0	0	0	0	0	0	0	0	0	0	0	0	0	1	0
999_1000	TAGAGCTCAAGCGTAG-12	0	0	0	0	0	0	3	0	0	0	1	0	0	0	0	0	0	1	0	0
999_1000	ACGGAGATCCTGCTTG-12	0	0	0	0	0	0	0	0	0	0	0	0	0	0	0	0	0	0	0	0
999_1000	GACTGCGTCCTGCCAT-12	0	0	0	0	0	0	0	0	0	0	0	0	0	0	0	1	0	0	0	0
999_1000	TAGGCATTCCAACCAA-12	0	0	0	0	0	0	0	0	0	0	0	0	0	0	0	0	0	0	1	0
999_1000	TCAACGACAACACCTA-12	0	0	0	0	0	1	0	0	0	0	1	0	0	0	0	1	0	0	0	0
999_1000	ATTTCTGAGAATAGGG-12	0	0	0	0	0	0	0	0	0	0	0	0	0	0	0	0	0	0	0	0
999_1000	GATCGCGGTGTGCCTG-12	0	0	0	0	0	0	0	0	0	0	0	0	0	0	0	2	0	0	0	0
999_1000	GATCGTAAGCGATATA-12	0	0	0	0	0	0	0	0	0	0	0	0	0	0	0	0	0	0	0	0
999_1000	AGAGCGACACTTCTGC-12	0	0	0	0	0	0	0	0	0	0	0	0	1	0	0	0	0	1	0	0
999_1000	AGCATACTCCGCAGTG-12	0	0	0	0	0	0	0	0	0	0	0	0	1	0	0	1	0	0	0	0
999_1000	CAAGGCCGTGGTTTCA-12	0	0	0	0	0	0	0	0	0	0	0	0	0	0	0	0	0	0	0	0
999_1000	CAGAATCTCTTGTATC-12	0	0	0	0	0	0	1	0	0	0	0	0	0	0	0	0	0	0	0	0
999_1000	GCCTCTACACTGTCGG-12	0	0	0	0	0	0	0	0	0	0	0	0	0	0	0	0	0	0	0	0
999_1000	CGGACTGAGAAAGTGG-12	0	0	0	0	0	0	0	0	0	0	0	0	0	0	0	0	0	0	0	0
999_1000	GGACAAGGTCAATACC-12	0	0	0	0	0	0	0	0	0	0	0	0	0	0	0	0	0	0	0	0
999_1000	CGGCTAGAGCGACGTA-12	0	0	0	0	0	0	0	0	0	0	0	0	0	0	0	0	0	0	0	0
999_1000	GGACAGACACCAGATT-12	0	0	0	0	0	0	0	0	0	0	0	0	0	0	0	0	0	0	0	0
999_1000	CGGGTCACACGAGAGT-12	0	0	0	0	0	0	0	0	0	0	0	0	0	0	0	0	0	0	0	0
999_1000	GGTGAAGCAATGAATG-12	0	0	0	0	1	0	0	0	0	1	0	0	0	0	0	0	0	0	0	0
999_1000	GGCAATTTCAATCTCT-12	0	0	0	0	0	0	0	0	0	0	0	0	0	0	0	0	0	1	0	0
999_1000	CGTAGGCGTGATGCCC-12	0	0	0	0	0	0	0	0	0	0	0	0	0	0	0	0	0	0	0	0
999_1000	TTGAACGAGTGTTTGC-12	0	0	0	0	0	0	0	0	0	0	1	0	0	0	0	0	0	0	0	0
999_1000	GGCGACTTCCTGCTTG-12	1	0	0	0	0	1	0	0	0	0	0	0	0	0	0	0	1	0	0	0
999_1000	TGTGTTTTCAATAAGG-12	0	0	0	0	0	0	0	0	0	0	0	0	0	0	0	0	0	0	0	0
999_1000	TTGCGTCAGGGTCTCC-12	0	0	0	0	0	0	0	0	0	0	0	0	1	0	0	0	0	1	0	0
999_1000	GGCTCGAAGACAATAC-12	0	0	0	0	0	0	0	0	0	0	0	0	0	0	0	0	0	0	0	0
999_1000	GGCTCGAAGAGTTGGC-12	0	0	0	0	0	0	0	0	0	0	0	0	0	0	0	0	0	0	0	0
999_1000	CTACATTAGCACGCCT-12	0	0	0	0	0	1	0	0	0	0	0	0	0	0	0	0	0	0	0	0
999_1000	CTACCCAAGCTACCTA-12	0	0	0	0	0	0	0	0	0	0	0	0	0	0	0	0	0	0	0	0
999_1000	CTAGCCTTCTTACCTA-12	0	0	0	0	0	0	0	0	0	0	1	0	1	0	0	0	0	0	0	0
999_1000	CTCAGAAGTTGAGTTC-12	0	0	0	0	0	0	0	0	0	0	0	0	0	0	0	0	0	0	0	0
999_1000	CTCCTAGCAGGCAGTA-12	0	0	0	0	0	0	0	0	0	0	0	0	0	0	0	0	0	1	0	0
999_1000	TTGTAGGGTCACAAGG-12	0	0	0	0	0	0	0	0	0	0	0	0	0	0	0	0	0	0	1	0
999_1000	GGGAGATTCCCTCAGT-12	0	0	0	0	0	0	0	0	0	0	0	0	0	0	0	0	0	0	0	0
999_1000	CTGGTCTCACACAGAG-12	0	0	0	0	0	0	0	0	0	0	0	0	0	0	0	0	0	0	0	0
999_1000	CGTTGGGTCTACTCAT-12	0	0	0	0	0	0	0	0	0	0	0	0	0	0	0	0	0	0	0	0
999_1000	TGGTTCCAGTGGTAAT-12	0	0	0	0	0	1	0	0	0	0	0	0	1	0	0	0	1	2	0	0
999_1000	CGAGAAGCATGAGCGA-12	0	0	0	0	0	0	0	0	0	0	0	0	0	0	0	1	0	1	0	1
999_1000	CGACCTTGTCTCTTAT-12	0	0	0	0	0	2	0	0	0	0	0	0	0	0	0	0	1	0	0	0
999_1000	GCGACCACACTGTTAG-12	0	0	0	0	0	0	0	0	0	0	0	0	0	0	0	1	0	0	0	0
999_1000	GTATCTTTCTATCCTA-12	0	0	0	0	0	0	0	0	0	0	0	0	0	0	0	0	0	0	0	1
999_1000	GCGAGAAGTCTCTTTA-12	1	0	0	0	0	0	0	0	0	0	0	0	0	0	0	0	0	1	0	0
999_1000	CAGCTGGGTAAGGGAA-12	0	0	0	0	1	0	0	0	0	0	0	1	0	0	0	0	0	0	0	0
999_1000	CAGTAACAGCTGTCTA-12	1	0	0	0	0	0	3	0	0	0	0	0	0	0	0	0	0	0	0	0
999_1000	CATCAGAGTACATGTC-12	0	0	0	0	0	1	0	0	0	0	0	0	0	0	0	0	0	0	0	0
999_1000	TGCCCTATCCGTCAAA-12	0	0	0	0	0	0	0	0	0	0	0	0	0	0	0	0	0	0	0	0
999_1000	CATGGCGGTGTGAAAT-12	0	0	0	0	0	0	0	0	0	0	0	0	0	0	0	0	0	0	0	0
999_1000	GCTCTGTCAACCGCCA-12	0	0	0	0	0	1	0	0	0	0	0	0	0	0	0	0	0	0	0	0
999_1000	CCACCTACACTCGACG-12	0	0	0	0	0	0	0	0	0	0	0	0	0	0	0	0	0	0	0	0
999_1000	TGCGCAGCATTCTCAT-12	0	0	0	0	0	0	0	0	0	0	0	0	0	0	0	0	0	0	0	0
999_1000	TGCGCAGGTCCGAGTC-12	0	0	0	0	0	0	0	0	0	0	0	0	0	0	0	0	0	0	0	0
999_1000	CCCAGTTAGCGTCAAG-12	0	0	0	0	0	0	0	0	0	0	0	0	0	0	0	0	0	0	0	0
999_1000	GCTGCAGGTCCGTCAG-12	0	0	0	0	0	0	0	0	0	0	0	0	0	0	0	0	0	0	0	0
999_1000	TGGCTGGCACATTCGA-12	0	0	0	0	0	0	0	0	0	0	1	0	0	0	0	0	0	0	0	0
999_1000	GTACTTTTCCATGAGT-12	0	0	0	0	0	0	0	0	0	0	0	0	1	0	0	0	0	0	2	0
999_1000	GCTGCTTTCATGTAGC-12	0	0	0	0	0	0	0	0	0	0	0	0	0	0	0	0	0	0	0	0
999_1000	CCTTACGGTGATGCCC-12	0	0	0	0	0	0	1	0	0	0	0	0	0	0	0	0	0	1	0	0
999_1000	CCTTCGATCTTTACAC-12	0	0	0	0	0	0	0	0	0	0	0	0	0	0	0	1	0	0	0	0
999_1000	CCTTTCTGTTGCGTTA-12	0	0	0	0	0	0	1	0	0	0	0	0	0	0	0	0	0	0	0	0
999_1000	TGGGAAGAGAGTGAGA-12	0	0	0	0	0	0	0	0	0	0	0	0	0	0	0	0	0	0	0	0
999_1000	GCTTCCAAGCCCAATT-12	0	0	0	0	0	0	1	0	0	0	1	0	0	0	0	0	0	0	0	0
999_1000	CGAATGTAGAAACGAG-12	0	0	0	0	0	0	0	0	0	0	0	0	0	0	0	0	0	0	0	1
999_1000	TGATTTCCAGACACTT-12	0	0	0	0	0	0	0	0	0	0	0	0	0	0	0	1	0	0	0	0
999_1000	GTGCAGCTCGCAAGCC-12	0	0	0	0	0	0	0	0	0	0	1	0	0	0	0	0	0	0	0	0
1000_1001	CGGTTAATCTCGCTTG-13	0	0	0	0	0	0	0	0	0	0	0	0	0	0	1	0	0	0	0	0
1000_1001	CAACTAGGTTATCGGT-13	0	0	0	0	0	0	0	0	0	0	0	0	0	0	0	0	0	0	0	0
1000_1001	CCTCTGACAGACTCGC-13	0	0	0	0	0	0	0	0	0	0	0	0	0	0	0	0	0	1	0	0
1000_1001	TTGTAGGAGCTCCTTC-13	0	0	0	0	0	0	0	0	0	0	0	0	0	0	0	0	0	1	0	0
1000_1001	GATCTAGTCCTTGGTC-13	0	0	0	0	0	0	0	0	0	0	0	0	0	0	0	0	0	0	0	0
1000_1001	TATCAGGAGACCTAGG-13	0	0	0	0	0	0	0	0	0	0	0	0	0	0	0	0	0	0	0	0
1000_1001	CATGGCGCAAGCGCTC-13	0	0	0	0	0	0	0	0	0	0	0	0	1	0	0	0	0	0	0	0
1000_1001	CTGATAGGTAGCGTAG-13	0	0	0	0	0	0	0	0	0	0	0	0	0	0	0	0	0	0	0	0
1000_1001	CTCTGGTAGGACAGAA-13	0	0	0	0	0	0	0	0	0	0	0	0	0	0	0	0	0	0	0	1
1000_1001	TTTGTCAAGTACGCCC-13	0	0	0	0	0	0	0	0	0	0	0	0	0	0	0	0	0	2	0	0
1000_1001	CAGCGACAGGCATGGT-13	0	0	0	0	0	0	0	0	0	0	1	0	0	0	0	0	0	0	1	0
1000_1001	CTCTAATTCTGGTTCC-13	0	0	0	0	1	0	0	0	0	0	0	0	0	0	1	0	0	0	0	0
1000_1001	CAGATCAGTATGGTTC-13	0	0	0	0	0	0	0	0	0	0	0	0	0	0	0	0	0	0	0	0
1000_1001	CAGAGAGAGGATTCGG-13	0	0	0	0	0	0	0	0	0	0	0	0	0	0	0	0	0	0	0	0
1000_1001	CATGCCTCAAGCCATT-13	0	0	0	0	0	1	0	0	0	0	0	0	0	0	0	0	0	1	0	0
1000_1001	CAGAATCTCATTTGGG-13	0	0	0	0	0	0	0	0	0	0	0	0	0	0	0	0	0	0	0	0
1000_1001	GCAATCACATGACATC-13	0	0	0	0	0	0	0	0	0	0	0	0	0	0	0	0	0	0	0	0
1000_1001	CACAGGCCAAACTGCT-13	0	0	0	0	0	0	1	0	0	0	0	0	0	0	1	0	0	1	1	0
1000_1001	GCATGCGCATCGTCGG-13	0	0	0	0	0	1	0	0	0	0	0	0	0	0	0	0	0	0	0	0
1000_1001	CACAAACCATAGACTC-13	0	0	0	0	0	2	0	0	0	0	0	0	0	0	0	0	0	1	0	0
1000_1001	GCCTCTATCGCATGGC-13	0	0	0	0	0	0	1	0	0	0	0	0	0	0	0	0	0	1	0	0
1000_1001	GCGACCACATCATCCC-13	0	0	0	0	0	0	0	0	0	0	0	0	0	0	0	0	0	0	0	0
1000_1001	GCGACCAGTCGCGTGT-13	0	0	0	0	0	1	0	0	0	0	0	0	0	0	0	0	0	0	0	1
1000_1001	CAAGAAATCTAGCACA-13	0	0	0	0	0	0	0	0	0	0	0	0	0	0	0	0	0	0	0	0
1000_1001	CATCAGAGTAGCGTGA-13	0	0	0	0	0	0	1	0	0	0	0	0	0	0	0	0	0	1	0	0
1000_1001	GTTCGGGAGATCTGAA-13	0	0	0	0	0	0	1	0	0	0	0	0	0	0	0	0	1	1	0	0
1000_1001	GTGTTAGGTAAATGAC-13	0	0	0	0	0	0	2	0	0	0	0	0	0	0	0	0	0	0	0	0
1000_1001	CGATTGACAGTCACTA-13	0	0	0	0	0	0	0	0	0	0	0	0	0	0	0	0	0	0	0	0
1000_1001	GATGCTAAGTGGAGAA-13	0	0	0	0	0	0	0	0	0	0	0	0	0	0	0	0	0	1	0	0
1000_1001	CTAGCCTGTCCGAAGA-13	0	0	0	0	0	0	1	0	0	0	0	0	0	0	0	0	0	0	0	0
1000_1001	TCAACGAAGCAGACTG-13	0	0	0	0	0	0	1	0	1	0	1	0	0	0	0	1	0	0	0	0
1000_1001	CATGACATCCAACCAA-13	0	0	0	0	0	0	0	0	0	0	0	0	0	0	0	0	0	0	1	0
1000_1001	CATCGGGGTAAAGGAG-13	0	0	0	0	0	1	0	0	0	0	1	0	0	0	0	0	0	0	0	0
1000_1001	GACGTTAAGAAGATTC-13	0	0	0	0	0	0	0	0	0	0	0	0	0	0	0	0	0	0	0	0
1000_1001	GACCTGGTCAACGCTA-13	0	0	0	0	0	1	0	0	0	0	0	0	0	0	0	0	0	0	0	0
1000_1001	GACTACAAGAAACCGC-13	0	0	0	0	0	1	0	0	0	0	0	0	0	0	0	0	1	0	0	0
1000_1001	GACTACAGTTACAGAA-13	0	0	0	0	0	0	0	0	0	0	0	0	0	0	0	0	0	0	0	0
1000_1001	CATCAAGCACGGACAA-13	0	0	0	0	0	0	0	0	0	0	1	0	0	0	0	0	0	1	0	0
1000_1001	TGGTTCCGTCTCCACT-13	0	0	0	0	0	0	0	0	0	0	0	0	0	0	0	0	0	0	0	0
1000_1001	GAGCAGAGTTCACCTC-13	0	0	0	0	0	0	0	0	0	0	0	0	0	0	0	0	0	0	0	0
1000_1001	CCTTCCCTCCGAGCCA-13	0	0	0	0	0	0	0	0	0	0	0	0	0	1	0	0	0	0	0	0
1000_1001	GAGGTGACAGCTGCAC-13	0	0	0	0	0	0	2	0	0	0	0	0	1	0	0	0	0	1	0	0
1000_1001	CGAGAAGGTGTTGAGG-13	0	0	0	0	0	0	1	0	0	0	1	0	0	0	0	1	0	0	1	0
1000_1001	TCGAGGCCACAAGACG-13	0	0	0	0	0	0	0	0	0	0	0	0	0	0	0	0	0	0	0	0
1000_1001	CGAGCACGTAGCAAAT-13	0	0	0	0	0	0	0	0	0	0	0	0	0	0	0	0	0	0	0	0
1000_1001	CGAGAAGTCCACGAAT-13	0	0	0	0	0	0	1	0	0	0	0	0	0	0	0	0	0	0	0	0
1000_1001	TCATTTGGTGATAAAC-13	0	0	0	0	0	0	0	0	0	0	0	0	0	0	0	0	0	1	0	1
1000_1001	GAAACTCAGGTGCTTT-13	0	0	0	0	0	0	0	0	0	0	0	0	0	0	0	0	0	0	0	0
1000_1001	TCATTACTCCTCGCAT-13	0	0	0	0	0	0	0	0	0	0	0	0	0	0	0	1	0	1	0	0
1000_1001	TCAGGTACAAACTGCT-13	0	0	0	0	0	0	0	0	0	0	0	0	0	0	0	0	0	0	0	0
1000_1001	TTATGCTTCGTGGGAA-13	0	0	0	0	0	0	0	0	0	0	0	0	0	0	0	0	0	1	0	0
1000_1001	CTTAGGATCTCTGAGA-13	0	0	0	0	0	0	0	0	0	0	0	0	0	0	0	0	0	0	0	0
1000_1001	TTCGAAGAGCTACCGC-13	0	0	0	0	0	0	0	0	0	0	0	0	0	0	0	0	0	0	0	0
1000_1001	CAGTAACGTAGAGCTG-13	0	0	0	0	0	0	1	0	0	0	0	0	0	0	0	0	0	1	0	0
1000_1001	TTCTCAAAGATGCCTT-13	0	0	0	0	0	0	0	0	0	0	0	0	0	0	0	0	0	0	0	0
1000_1001	GATCTAGCATGCCACG-13	0	0	0	0	0	0	0	0	0	0	0	0	0	0	0	0	1	0	1	0
1000_1001	CTTAACTAGTCGATAA-13	0	0	0	0	0	0	0	0	0	0	1	0	0	0	0	0	0	0	0	1
1000_1001	TTCTTAGTCTTACCTA-13	0	0	0	0	0	0	0	0	0	0	0	0	0	0	0	1	0	0	0	0
1000_1001	GAAATGACATCTATGG-13	0	0	0	0	0	0	0	0	0	0	0	0	0	0	0	0	0	0	0	0
1000_1001	GTGTTAGCAGTACACT-13	0	0	0	0	0	0	0	0	0	0	1	0	0	0	0	0	0	0	0	0
1000_1001	TGAGGGAGTTACGGAG-13	0	0	0	1	0	0	0	0	0	0	0	0	0	0	0	0	0	0	0	0
1000_1001	GCGCGATAGTGATCGG-13	0	0	0	0	0	0	0	0	0	0	0	0	0	0	0	0	0	0	0	0
1000_1001	GTAGGCCTCAACGAAA-13	0	0	0	0	0	0	0	0	0	0	0	0	0	0	0	0	0	2	0	0
1000_1001	AGCATACGTGGCCCTA-13	0	0	0	0	0	0	0	0	0	0	0	0	0	0	0	0	0	0	0	0
1000_1001	CGTAGGCCATAACCTG-13	0	0	0	0	0	0	0	0	0	0	0	0	0	0	0	0	0	0	0	0
1000_1001	GGAATAAGTCTCTCGT-13	0	0	0	0	0	0	0	0	0	0	1	0	0	0	0	0	0	0	0	0
1000_1001	GGACAAGAGAGCTGCA-13	0	0	0	0	0	0	0	0	0	0	0	0	0	0	0	0	0	0	0	0
1000_1001	CGTCCATGTCAAAGAT-13	0	0	0	0	0	0	0	0	0	0	0	0	0	0	0	0	0	1	0	0
1000_1001	ACTTTCAGTCTGCCAG-13	0	0	0	0	0	0	0	0	0	0	0	0	0	0	0	0	0	0	0	0
1000_1001	GGACAGAAGTCTCCTC-13	0	0	0	0	0	0	0	0	0	0	0	0	0	0	0	0	1	0	0	0
1000_1001	GGGTCTGAGACCTAGG-13	0	0	0	0	0	0	0	0	0	0	0	0	0	0	0	0	0	0	0	0
1000_1001	ACTTACTCATTGGTAC-13	0	0	0	0	0	0	0	0	0	0	0	0	0	0	0	0	0	0	0	0
1000_1001	ACTGTCCCACACGCTG-13	0	0	0	0	0	0	0	0	0	0	0	0	0	0	0	0	0	0	0	0
1000_1001	ACTGAACAGCCCAATT-13	0	0	0	0	0	0	0	0	0	0	0	0	0	0	0	0	0	1	0	0
1000_1001	ACGGGTCTCTGGGCCA-13	0	0	0	0	0	1	0	0	0	0	1	0	0	0	0	0	0	0	0	0
1000_1001	GGTGTTATCTAACTTC-13	0	0	0	0	0	0	2	0	0	0	0	0	1	0	0	0	0	0	0	0
1000_1001	ACGGAGACAAGTTAAG-13	0	0	0	0	0	0	0	0	0	0	0	0	0	0	0	0	0	0	0	0
1000_1001	CGTTGGGAGTGTACTC-13	0	0	0	0	0	0	0	0	0	0	0	0	0	0	0	0	0	0	0	0
1000_1001	ACGCCAGAGGATATAC-13	0	0	0	0	0	0	1	0	0	0	1	0	0	0	0	0	0	0	0	0
1000_1001	GGTGCGTTCAACCAAC-13	0	0	0	0	0	0	0	0	0	0	2	0	0	0	0	0	0	0	0	0
1000_1001	ACGATGTAGTTCGATC-13	0	0	0	0	0	0	0	0	0	0	1	0	1	0	0	0	0	0	0	0
1000_1001	ACGATACTCAACGGGA-13	0	0	0	0	0	0	0	0	0	0	0	0	1	0	0	0	0	0	0	0
1000_1001	CCTAAAGGTTGGTAAA-13	0	0	0	0	0	0	0	0	0	0	0	0	0	0	0	0	0	0	0	0
1000_1001	ACGAGGAGTCCGACGT-13	0	0	0	0	0	0	0	0	0	0	0	0	0	1	0	0	0	0	0	0
1000_1001	GGTATTGGTATGCTTG-13	0	0	0	0	0	0	0	0	0	0	0	0	0	0	0	0	0	0	0	0
1000_1001	AGGCCACAGAATTGTG-13	0	0	0	0	0	0	0	0	0	0	1	0	0	0	0	0	0	0	0	0
1000_1001	AGGGAGTTCATGCTCC-13	0	0	0	0	0	0	0	0	0	0	0	0	0	0	0	0	0	0	0	0
1000_1001	CGGACACAGATGTGGC-13	0	0	0	0	0	0	0	0	0	0	0	0	0	0	0	0	0	0	0	0
1000_1001	GGAAAGCTCGCGTAGC-13	0	0	0	0	0	2	2	0	0	0	0	0	0	0	0	3	0	0	0	0
1000_1001	CGCTATCAGACAAAGG-13	0	0	0	0	0	0	0	0	0	0	0	0	0	0	0	0	0	0	0	0
1000_1001	CCTATTAAGCAAATCA-13	0	0	0	0	0	0	0	0	0	0	0	0	0	0	0	1	0	0	0	0
1000_1001	CGTAGCGGTTACTGAC-13	0	0	0	0	0	0	0	0	0	0	0	0	0	1	0	0	0	0	0	0
1000_1001	CCTAGCTAGATGTCGG-13	0	0	0	0	0	0	0	0	0	0	0	0	0	0	0	0	0	0	0	0
1000_1001	ATCTGCCAGTGTACTC-13	0	0	0	0	0	0	0	0	0	0	0	0	0	0	0	0	0	0	0	0
1000_1001	GCTGCGAGTAGGCTGA-13	0	0	0	0	0	0	0	0	0	0	0	0	0	0	0	0	0	1	0	0
1000_1001	GGGCACTAGCTGTCTA-13	0	0	0	0	0	0	0	0	0	0	0	0	1	0	0	1	0	0	1	0
1000_1001	CTACATTCAGGGTATG-13	0	0	0	0	0	0	0	0	0	0	0	0	0	0	0	0	0	1	1	0
1000_1001	ATCCGAACACAAGTAA-13	0	0	0	0	0	0	1	0	0	0	0	0	0	0	0	0	0	1	0	0
1000_1001	GTGCAGCTCGGAGGTA-13	0	0	0	0	1	1	0	0	0	0	0	0	0	0	0	0	0	0	0	0
1000_1001	GCTGCTTCACGGCTAC-13	0	0	0	0	0	0	0	0	0	0	0	0	0	0	0	0	0	0	0	0
1000_1001	GGCTGGTGTAGCTGCC-13	0	0	0	1	0	0	0	0	0	0	0	0	0	0	0	0	1	0	0	0
1000_1001	CCCTCCTTCGGTTCGG-13	0	0	0	0	0	0	0	0	0	0	1	0	0	0	0	0	0	0	0	0
1000_1001	AACTCCCCACTTCTGC-13	0	0	0	1	0	0	0	0	0	0	0	0	0	0	0	0	0	0	0	0
1000_1001	CCTAGCTCATTCCTCG-13	0	0	0	0	0	0	0	0	0	0	0	0	0	0	0	0	0	0	1	0
1000_1001	GTCACGGTCCTCGCAT-13	0	0	0	0	0	0	0	0	0	0	0	0	0	0	0	0	0	0	0	0
1000_1001	AGTGAGGGTGTGAAAT-13	0	0	0	0	0	0	0	0	0	0	0	0	0	0	0	0	0	0	0	0
1000_1001	AGGTCCGTCACTATTC-13	0	0	0	0	0	0	1	0	0	1	0	0	0	0	0	0	0	0	0	0
1000_1001	GCTTCCACATTCGACA-13	0	0	0	0	0	0	0	0	0	0	0	0	0	0	0	0	0	0	0	0
1000_1001	GTCAAGTGTTTACTCT-13	0	0	0	0	0	0	1	0	0	0	0	0	0	0	0	0	0	0	0	0
1000_1001	GTATCTTGTAATCACC-13	0	0	0	0	0	0	0	0	0	0	0	0	0	0	0	0	0	1	0	0
1000_1001	GGAAAGCAGAGGTACC-13	0	0	0	0	0	0	0	0	0	0	0	0	0	0	0	0	0	0	0	0
1000_1001	GGCCGATGTTGTGGCC-13	0	0	0	0	0	0	1	0	0	0	1	0	0	0	0	0	0	1	0	0
1001_1002	GGCGACTCAGCTCGAC-13	0	0	0	0	0	0	0	0	0	0	0	0	0	0	0	0	0	0	1	0
1001_1002	GACTACATCGTGGGAA-13	0	0	0	0	1	0	0	0	0	0	0	0	0	0	0	0	0	0	0	0
1001_1002	GGGCATCTCCCTGACT-13	0	0	0	0	0	0	2	0	1	0	0	0	1	0	0	0	0	0	0	0
1001_1002	GACTAACCAATAGCAA-13	0	0	0	0	1	1	0	0	0	0	0	0	0	0	0	0	0	0	0	0
1001_1002	TCGCGAGCAGACTCGC-13	0	0	0	0	0	0	0	0	0	0	0	0	0	0	0	0	0	0	0	0
1001_1002	TGACGGCCACTCAGGC-13	0	0	0	0	0	0	0	0	0	0	0	0	0	0	0	1	0	1	0	0
1001_1002	GTACGTACAGATCTGT-13	0	0	0	0	0	0	0	0	0	0	1	0	0	0	0	0	1	0	0	0
1001_1002	CCTCTGATCAACGGGA-13	0	0	0	0	0	0	0	0	0	0	0	0	0	0	0	0	0	0	0	0
1001_1002	TCACAAGTCGTACCGG-13	0	0	0	0	0	0	1	0	0	0	0	0	0	0	0	0	0	0	0	0
1001_1002	GTGGGTCAGTGTACGG-13	0	0	0	0	0	0	0	0	0	0	0	0	0	0	1	0	0	0	0	0
1001_1002	GTACGTACATTATCTC-13	0	0	0	0	0	0	0	0	0	0	0	0	0	0	0	0	0	0	0	0
1001_1002	GGAACTTCATCACGAT-13	0	0	0	0	0	0	0	0	0	0	0	0	0	0	0	0	0	0	0	0
1001_1002	GATGAGGGTCTGATTG-13	0	0	0	0	0	0	0	0	0	0	0	0	0	0	0	0	0	0	0	0
1001_1002	CCAATCCCATCCGGGT-13	0	0	0	0	0	0	1	0	0	0	0	0	0	0	0	0	0	1	0	0
1001_1002	GCAGTTATCATGGTCA-13	0	0	0	0	0	0	0	0	0	0	0	0	0	0	0	0	0	0	0	0
1001_1002	CCATTCGCAGACACTT-13	0	0	0	0	0	0	0	0	0	0	0	0	0	0	0	0	0	0	0	0
1001_1002	GTCCTCAGTGCCTGTG-13	0	0	0	0	0	0	0	0	0	0	0	0	0	0	0	0	0	2	0	0
1001_1002	TAAGAGAAGACGACGT-13	0	0	0	0	0	0	0	0	0	0	0	0	0	0	0	0	0	0	0	0
1001_1002	GTTCGGGAGCCAGTTT-13	0	0	0	0	0	0	0	0	0	0	0	0	0	0	0	1	0	0	0	0
1001_1002	CCCAGTTTCAGTTCGA-13	0	0	0	0	0	0	0	0	0	0	0	0	0	0	0	0	0	0	0	0
1001_1002	GTGTTAGGTGCGGTAA-13	0	0	0	0	0	0	0	0	0	0	0	0	1	0	0	0	0	0	0	1
1001_1002	CATGACACAGTTAACC-13	0	0	0	0	0	0	0	0	0	0	0	0	0	0	0	0	0	0	0	0
1001_1002	GTGGGTCAGCTAAACA-13	0	0	0	0	0	0	0	0	0	0	0	0	0	0	0	0	0	0	0	0
1001_1002	GGGACCTAGGGATACC-13	0	0	0	0	0	0	0	0	0	0	0	0	0	0	0	0	0	1	0	0
1001_1002	GACGGCTAGAGACTTA-13	0	0	0	0	0	1	1	0	0	0	0	0	1	0	0	0	0	0	0	0
1001_1002	CACACCTCAAGTACCT-13	0	0	0	0	0	1	0	0	0	0	0	0	1	0	0	0	0	1	0	0
1001_1002	CACACCTAGTACATGA-13	0	0	0	0	0	0	0	0	0	0	0	0	0	0	0	0	0	0	0	0
1001_1002	CACACAAAGCAGGTCA-13	0	0	0	0	0	0	1	0	0	0	0	0	0	0	0	0	0	0	0	0
1001_1002	GACGTGCTCGCACTCT-13	0	0	0	0	0	0	0	0	0	0	1	0	0	0	0	0	0	2	0	0
1001_1002	CTCGAGGCAATCTGCA-13	0	0	0	0	0	0	0	0	0	0	0	0	0	0	0	0	0	2	0	0
1001_1002	CTCGAAATCTGATACG-13	1	0	0	0	0	0	0	0	0	0	0	0	0	0	0	0	0	0	0	0
1001_1002	CAACCAATCGGGAGTA-13	0	0	0	0	0	0	0	0	0	0	0	0	0	0	0	0	0	0	0	0
1001_1002	ATTTCTGTCGGCTTGG-13	0	0	0	0	0	0	0	0	0	0	0	0	0	0	0	0	1	0	0	0
1001_1002	CTCAGAACACTTACGA-13	0	0	0	0	0	0	0	0	0	0	0	0	0	0	0	0	0	1	0	0
1001_1002	CGCCAAGAGCTTTGGT-13	0	0	0	0	0	0	1	0	0	0	0	0	0	0	0	0	0	1	0	0
1001_1002	CGCGGTATCTACTCAT-13	0	0	0	0	0	0	0	0	0	0	0	0	1	0	0	0	0	0	0	0
1001_1002	CTACATTTCAGCTCGG-13	0	0	0	0	0	0	0	0	0	0	0	0	0	0	0	0	0	0	0	0
1001_1002	ATCATCTAGCTCTCGG-13	0	0	0	0	0	0	0	0	0	0	0	0	1	0	0	0	0	0	0	0
1001_1002	CTACATTCACGTTGGC-13	0	0	0	0	0	0	0	0	0	0	1	0	0	0	0	0	0	0	0	0
1001_1002	CACAGGCTCCTCATTA-13	0	0	0	0	0	0	1	0	0	0	0	0	0	1	0	0	0	0	0	0
1001_1002	ATAACGCGTCTTGATG-13	0	0	0	0	0	0	1	0	0	0	0	0	1	0	0	0	0	1	0	0
1001_1002	AGGGTGACACGCGAAA-13	0	0	0	0	0	1	0	0	0	0	0	0	1	0	0	0	0	0	1	0
1001_1002	AGGGTGACAATAGCGG-13	0	0	0	0	0	1	0	0	0	0	0	0	0	0	0	0	0	0	0	0
1001_1002	CGCTTCATCAGAGCTT-13	0	0	0	0	0	0	0	0	0	0	0	0	0	0	0	0	0	0	0	0
1001_1002	AGGGATGAGTTGTCGT-13	0	0	0	0	0	0	0	0	0	0	0	0	0	0	0	0	0	1	0	0
1001_1002	CTAACTTGTCTGATCA-13	0	0	0	0	0	0	0	0	0	1	0	1	0	0	0	0	0	0	0	0
1001_1002	AGCAGCCGTTCGAATC-13	0	0	0	0	0	1	1	0	0	0	0	0	0	0	0	0	0	1	1	0
1001_1002	AGAGCGATCAACGGCC-13	0	0	0	0	0	0	0	0	0	0	0	0	0	0	0	0	0	0	0	0
1001_1002	ACTTTCAGTAAGTGTA-13	0	1	0	0	0	0	0	0	0	0	0	0	0	0	0	0	0	0	0	0
1001_1002	ACGGCCATCGACAGCC-13	0	0	0	1	0	0	0	0	0	0	0	0	0	0	0	0	0	0	2	0
1001_1002	ACGATGTGTTGATTGC-13	0	0	0	0	0	0	0	0	0	0	0	0	0	0	0	1	0	0	0	0
1001_1002	AAGACCTTCCGCATAA-13	0	0	0	0	0	0	0	0	0	0	0	0	0	0	0	0	0	0	0	0
1001_1002	AACTTTCTCATGTGGT-13	0	0	0	0	0	0	0	0	0	0	0	0	0	0	0	0	0	0	0	0
1001_1002	AACGTTGGTTCCATGA-13	0	0	0	0	0	0	0	0	2	0	0	0	0	0	0	0	0	0	0	0
1001_1002	AACGTTGGTCGCGTGT-13	0	0	0	0	0	0	0	0	0	0	0	0	1	0	0	0	0	1	0	0
1001_1002	CGCTTCAGTCCGAACC-13	0	0	0	0	0	0	0	0	0	0	0	0	0	0	0	0	0	1	0	0
1001_1002	TTTGTCAGTTACAGAA-13	0	0	0	0	0	0	0	0	0	0	0	0	0	0	0	0	0	0	0	0
1001_1002	CACAAACCACAAGTAA-13	0	0	0	0	0	0	0	0	0	0	0	0	0	0	0	0	0	0	0	0
1001_1002	TGGCTGGGTCAAACTC-13	0	0	0	0	0	0	0	0	0	0	1	0	0	0	0	0	0	0	0	0
1001_1002	CGAATGTCAGACGCCT-13	0	0	0	0	0	0	0	0	0	0	0	0	0	0	0	0	0	0	0	0
1001_1002	TTGACTTCAATGAATG-13	0	0	0	0	0	0	0	0	0	0	0	0	0	0	0	0	0	0	0	0
1001_1002	CGATCGGAGTTGTCGT-13	0	0	0	0	0	0	0	0	0	0	0	0	0	0	0	0	0	0	0	0
1001_1002	TTGACTTAGTGGTAAT-13	0	0	0	0	0	0	1	0	0	0	0	0	0	0	0	0	0	0	0	0
1001_1002	TTGGCAAAGAATAGGG-13	0	0	0	0	0	0	0	0	0	0	0	0	0	0	0	0	0	0	2	0
1001_1002	CTGGTCTTCACCTCGT-13	0	0	0	0	0	0	0	0	0	0	0	0	0	0	0	0	0	0	0	0
1001_1002	TTATGCTCAATGGAGC-13	1	0	0	0	1	0	0	0	0	0	0	0	0	0	0	0	0	0	0	1
1001_1002	GGGAGATAGTACGCCC-13	1	0	0	0	0	0	0	0	0	0	0	0	0	0	0	0	0	0	0	0
1001_1002	CTGATCCGTTCCATGA-13	0	0	0	0	0	0	0	0	0	0	0	0	0	0	0	0	0	0	0	0
1001_1002	TGTATTCGTAGCACGA-13	0	0	0	0	0	0	0	0	0	0	0	0	0	0	0	0	0	1	0	0
1001_1002	CTGCTGTTCCATTCTA-13	0	0	0	0	0	0	0	0	0	0	0	0	0	0	0	1	0	0	1	0
1001_1002	TGCACCTAGTTCGATC-13	1	0	0	0	1	0	0	0	0	0	0	0	0	0	0	0	0	0	0	1
1001_1002	GAAACTCGTCTAGCGC-13	0	0	0	0	0	0	0	0	1	0	0	0	0	0	0	1	0	0	0	0
1001_1002	TGGCTGGGTTCTGGTA-13	0	0	0	0	0	1	0	0	0	0	0	0	0	0	0	0	0	0	0	0
1002_1003	GAATGAACAATGAATG-13	0	0	0	0	0	0	0	0	0	0	0	0	0	0	0	0	0	0	0	0
1002_1003	GACAGAGGTGATGTGG-13	0	0	0	0	0	0	0	0	0	0	0	0	0	0	0	0	0	0	0	0
1002_1003	GAGCAGAGTGTTAAGA-13	0	0	0	0	1	0	1	0	0	0	0	0	0	0	0	0	0	0	0	0
1002_1003	GACAGAGGTTCCACTC-13	0	0	0	0	0	0	0	0	0	0	0	1	0	1	0	0	0	0	0	0
1002_1003	CTAACTTCATTACGAC-13	0	0	0	0	0	0	0	0	0	0	1	0	0	0	0	0	0	0	0	0
1002_1003	CGTTGGGTCACGATGT-13	0	0	0	0	0	0	0	0	0	0	0	0	0	0	1	0	0	0	0	0
1002_1003	CGTTGGGGTTGAGGTG-13	0	0	0	0	0	0	0	0	0	0	0	0	0	0	0	0	0	1	0	0
1002_1003	CGATGGCAGTGGCACA-13	0	0	0	0	0	0	0	0	0	0	0	0	1	0	0	0	0	1	0	0
1002_1003	CGAATGTAGGACGAAA-13	0	0	0	0	0	0	0	0	0	0	0	0	0	0	0	0	0	0	0	0
1002_1003	CGTTAGAGTGTCAATC-13	0	0	0	0	0	0	0	0	0	0	0	0	0	0	0	0	0	1	0	0
1002_1003	CGTGTAATCGCGATCG-13	0	0	0	0	0	0	0	0	0	0	0	0	0	0	0	0	0	0	0	0
1002_1003	CGGACTGAGATATGCA-13	0	0	0	0	0	0	0	0	0	0	0	0	0	0	0	0	0	0	0	0
1002_1003	CGTGTAAAGTGTACGG-13	0	0	0	0	0	0	0	0	0	0	0	0	0	0	0	0	0	0	0	0
1002_1003	CGTCTACTCATTCACT-13	0	0	0	0	0	0	0	0	0	0	0	0	0	0	0	0	0	1	0	0
1002_1003	GGCTCGAGTCCAGTAT-13	0	0	0	0	0	0	0	0	0	0	0	0	0	0	1	0	0	2	0	0
1002_1003	CGTCTACAGGCAAAGA-13	0	0	0	0	0	0	0	0	0	0	0	0	0	0	0	0	0	0	0	0
1002_1003	GACCTGGGTACCGGCT-13	0	0	0	0	0	0	0	0	0	0	0	0	0	0	0	0	0	0	0	0
1002_1003	GACTAACAGTCGTACT-13	0	0	0	0	0	1	0	0	0	0	1	0	0	0	0	0	1	0	0	0
1002_1003	GACGTTAAGTCCATAC-13	0	0	0	0	0	0	0	0	0	0	0	0	0	0	0	0	0	0	0	0
1002_1003	GAGGTGAGTGGGTCAA-13	0	0	0	0	1	1	0	0	0	0	0	0	0	0	0	0	0	0	0	0
1002_1003	GAAGCAGAGTCCGGTC-13	0	0	0	0	0	0	0	0	0	0	0	0	0	0	0	0	0	0	0	0
1002_1003	GAACGGATCACTGGGC-13	0	0	0	0	0	0	0	0	0	0	0	0	0	0	0	0	0	1	0	0
1002_1003	GCTGGGTCAGCTCGAC-13	0	0	0	0	0	0	1	0	0	0	0	0	0	0	0	0	0	0	0	0
1002_1003	GCAAACTGTTTAGGAA-13	0	0	0	0	0	0	0	0	0	0	0	0	0	0	0	0	0	0	0	0
1002_1003	GCAATCATCGGCATCG-13	0	0	0	0	0	0	1	0	0	0	1	0	0	0	0	0	0	1	0	0
1002_1003	GATGAGGCACAGAGGT-13	0	0	0	0	0	0	0	0	0	0	0	1	0	0	0	0	0	0	0	0
1002_1003	CCTCAGTTCCAGTATG-13	0	0	0	0	0	0	0	0	0	0	0	0	1	0	0	0	0	1	0	0
1002_1003	CCTCAGTAGGTGTTAA-13	0	0	0	0	0	0	0	0	0	0	0	0	1	0	0	0	0	0	0	0
1002_1003	GCAGCCAAGTGTGAAT-13	1	0	0	0	0	0	0	0	0	0	0	0	0	0	0	0	0	0	0	0
1002_1003	CTCTAATAGCGTCTAT-13	0	0	0	0	0	1	0	0	0	0	0	0	3	0	0	0	0	1	0	0
1002_1003	GCCAAATTCGCAAGCC-13	0	0	0	0	0	0	0	0	0	0	0	0	0	0	0	0	1	0	0	0
1002_1003	CTCGTACTCCCACTTG-13	0	0	0	0	0	0	0	0	0	0	0	0	0	0	0	0	0	0	0	0
1002_1003	GCGACCACATCACCCT-13	0	0	0	0	0	0	0	0	0	0	0	0	0	0	0	0	0	0	0	0
1002_1003	CGAGCCAAGCTAGTGG-13	0	0	0	0	0	0	0	0	0	0	0	0	0	0	0	0	0	0	0	0
1002_1003	GCGCAGTAGCCGGTAA-13	0	0	0	0	0	0	0	0	0	0	0	0	0	0	0	0	0	0	1	0
1002_1003	CTCGAAATCTGCTGTC-13	0	0	0	0	0	0	0	0	0	0	0	0	0	0	0	0	0	0	0	1
1002_1003	CGATTGAAGCCAGGAT-13	0	0	0	0	0	0	0	0	0	0	0	0	0	0	0	0	0	1	0	0
1002_1003	CTTACCGCAGATGGCA-13	0	0	0	0	0	0	1	0	0	0	0	0	0	0	0	0	0	0	0	0
1002_1003	CTTAGGATCCCATTTA-13	0	0	0	0	0	0	0	0	0	0	1	0	0	0	0	0	0	2	0	0
1002_1003	GAGTCCGTCTTTACGT-13	0	0	0	0	0	0	0	0	0	0	0	0	0	0	0	0	0	0	0	0
1002_1003	CTTCTCTGTATCACCA-13	0	0	0	0	0	0	0	0	0	0	0	0	0	0	0	0	0	0	0	0
1002_1003	CTAGAGTCAAGTAGTA-13	0	0	0	0	0	0	0	0	0	0	1	0	0	0	0	0	0	2	0	0
1002_1003	GCTCCTAAGGATCGCA-13	0	0	0	0	0	0	0	0	0	0	0	0	0	0	0	0	0	1	0	0
1002_1003	CGCTATCGTAGCGTGA-13	0	0	0	0	0	0	0	0	0	0	0	0	1	0	0	0	0	2	0	0
1002_1003	CCTATTAAGAGGTTAT-13	0	0	0	0	0	0	0	0	0	0	1	0	0	0	0	0	0	1	0	0
1002_1003	CTACACCTCATTGCGA-13	0	0	0	0	0	0	0	0	0	0	0	0	0	0	0	0	0	0	0	0
1002_1003	CTACACCAGGACACCA-13	1	0	0	0	0	0	0	0	0	0	0	0	0	0	0	0	0	0	0	0
1002_1003	GAACGGAAGTCCGTAT-13	0	0	0	0	0	0	0	0	0	0	1	0	1	0	0	0	0	0	0	0
1002_1003	CTCTGGTAGTGTCCAT-13	0	0	0	0	0	0	0	0	0	0	0	0	0	0	0	0	0	0	0	0
1002_1003	TAGCCGGGTAGGGACT-13	0	0	0	0	0	0	0	0	0	0	0	0	0	0	0	0	0	0	0	0
1002_1003	TAAGTGCGTTCCCTTG-13	0	0	0	0	0	0	0	0	0	0	0	0	0	0	0	0	0	0	0	0
1002_1003	TAAGTGCGTTGGTGGA-13	0	0	0	0	0	0	0	0	0	0	0	0	0	0	0	1	0	0	0	0
1002_1003	AGTGGGATCCGTCATC-13	0	0	0	0	0	0	0	0	0	0	0	0	0	1	0	0	0	0	0	0
1002_1003	ATCACGATCGGAGGTA-13	1	0	0	0	0	0	0	0	0	0	0	0	0	1	0	0	0	0	0	0
1002_1003	ATCCGAAGTAACGACG-13	0	0	0	0	0	0	1	0	0	0	0	0	0	0	0	0	0	0	0	0
1002_1003	TGTATTCCACATGACT-13	0	0	0	0	0	0	2	0	0	0	1	0	0	0	0	0	0	0	0	0
1002_1003	TACCTATCATCCGTGG-13	0	0	0	0	0	1	1	0	0	0	0	0	0	0	0	0	0	1	0	0
1002_1003	TACGGGCGTACTTAGC-13	0	0	0	0	0	0	0	0	0	0	0	0	0	0	0	0	0	1	0	0
1002_1003	CCACCTAGTGGTGTAG-13	0	0	0	0	0	0	0	0	2	0	0	0	0	0	0	0	0	1	0	0
1002_1003	CCACCTACAATAACGA-13	0	0	0	0	0	0	0	0	0	0	0	0	0	0	1	0	0	0	0	0
1002_1003	ATGAGGGAGAAGGGTA-13	0	0	0	0	0	0	0	0	0	0	0	0	0	0	0	0	0	0	0	0
1002_1003	TACTTGTAGGATTCGG-13	0	0	0	0	0	0	0	0	0	0	0	0	0	0	0	0	0	0	0	0
1002_1003	TTCTCAATCATAGCAC-13	0	0	0	0	0	0	0	0	0	0	0	0	0	0	0	0	0	0	0	0
1002_1003	TAGTTGGAGGGTGTTG-13	0	0	0	0	0	1	0	0	0	0	0	0	0	0	0	0	0	0	0	0
1002_1003	ATGCGATGTTCCGTCT-13	0	0	0	0	0	0	0	0	0	0	0	0	0	0	0	0	0	0	0	0
1002_1003	TGGCCAGAGAAGGTGA-13	0	0	0	0	0	0	1	0	0	0	0	0	0	0	0	1	0	0	0	0
1002_1003	ATGTGTGCATTTGCTT-13	0	0	0	0	0	0	1	0	1	0	1	0	1	0	0	1	0	1	1	0
1002_1003	ATTGGACTCATCGGAT-13	0	0	0	0	0	0	0	0	0	0	0	0	0	0	0	0	0	1	0	0
1002_1003	CAACTAGCAGTCAGCC-13	0	0	0	0	0	0	0	0	0	0	0	0	0	0	0	0	0	0	0	0
1002_1003	CAGCAGCCACTTACGA-13	0	0	0	0	0	0	0	0	0	0	0	0	0	0	0	0	0	0	0	1
1002_1003	TCAGGATCATGGAATA-13	0	0	0	0	0	0	0	0	0	0	0	0	0	0	0	0	0	0	0	0
1002_1003	CATCGGGTCAGTTAGC-13	0	0	0	0	0	0	0	0	0	0	1	0	0	0	0	0	0	1	0	1
1002_1003	CATCGGGCATGTAAGA-13	0	0	0	0	0	0	0	0	0	0	1	0	1	0	0	0	0	0	0	1
1002_1003	TCTATTGCAGACGCAA-13	0	0	0	0	0	0	0	0	0	0	0	0	0	0	0	0	0	1	0	0
1002_1003	TGAGCATAGCCCAACC-13	0	0	0	0	0	0	0	0	0	0	0	0	0	1	0	0	0	0	1	0
1002_1003	CAAGGCCAGTACGATA-13	0	0	0	0	0	0	0	0	0	0	0	0	1	0	0	0	0	1	0	0
1002_1003	TGAGAGGAGAAGGTGA-13	0	0	0	1	0	0	0	0	0	0	2	0	1	0	0	1	0	1	0	0
1002_1003	TGACAACAGGAGTAGA-13	0	0	0	0	0	0	0	0	0	0	0	0	0	0	0	0	0	0	0	0
1002_1003	TAAGAGAGTCGGCATC-13	0	0	0	0	0	0	0	0	0	0	0	0	0	0	0	0	0	1	0	0
1002_1003	TAAGCGTAGCCGGTAA-13	0	0	0	0	0	0	0	0	0	0	2	0	0	0	0	0	0	0	0	0
1002_1003	CCCAGTTAGCGTCAAG-13	0	0	0	0	0	0	0	0	0	0	1	0	0	1	1	2	0	2	0	1
1002_1003	CAGTAACGTAGCTGCC-13	0	0	0	0	0	0	0	0	0	0	0	0	0	0	0	0	0	0	0	0
1002_1003	AACCGCGGTTAAGTAG-13	0	0	0	0	0	0	0	0	0	0	0	0	0	0	0	0	0	1	0	0
1002_1003	CCTAAAGTCCAGTATG-13	0	0	0	0	0	0	0	0	0	0	0	0	0	0	0	1	0	0	0	0
1002_1003	GGGTCTGAGTCACGCC-13	0	0	0	0	0	0	0	0	0	0	0	0	0	0	0	2	0	2	0	0
1002_1003	AAGGAGCGTTTCCACC-13	0	0	0	0	1	1	1	0	0	0	0	0	0	0	0	0	0	0	0	0
1002_1003	CAGCTGGTCCCGGATG-13	0	0	0	0	0	0	0	0	0	0	0	0	0	0	0	0	0	0	0	0
1002_1003	GTAACTGAGGAGTTGC-13	0	0	0	0	0	0	1	0	0	0	0	0	0	0	0	0	0	1	0	0
1002_1003	ACACCCTGTCAGCTAT-13	0	0	0	0	0	0	0	0	0	0	0	0	0	0	0	0	0	0	0	0
1002_1003	TTAACTCCAGTGAGTG-13	0	0	0	0	0	1	0	0	0	0	0	0	1	0	0	0	0	1	1	1
1002_1003	CCGTGGAAGCGATCCC-13	0	0	0	0	0	0	0	0	0	0	0	0	0	0	0	0	0	1	1	0
1002_1003	TTTGCGCGTCGAATCT-13	0	0	0	0	0	0	0	0	0	0	0	0	1	0	0	1	0	1	0	0
1002_1003	GTATCTTAGCGATAGC-13	0	0	0	0	0	0	1	0	0	0	1	0	0	0	0	1	0	1	0	0
1002_1003	ACCTTTAGTCGGGTCT-13	0	0	0	0	0	0	2	0	0	0	0	0	0	0	1	0	0	1	0	0
1002_1003	TGACTAGGTGTTGGGA-13	0	0	0	0	0	0	0	0	0	0	0	0	0	0	0	0	0	0	0	0
1002_1003	GTGCAGCGTGGTTTCA-13	0	0	0	0	0	0	0	0	0	0	0	0	0	0	0	0	0	1	0	0
1002_1003	ACGCCAGTCCCTAATT-13	0	0	0	0	0	1	0	0	0	0	0	0	0	0	0	0	0	0	0	0
1002_1003	TGTTCCGAGCGTAATA-13	0	0	0	0	1	0	0	0	0	0	0	0	0	0	0	0	0	0	0	0
1002_1003	AGGGATGTCTTAGAGC-13	0	0	0	0	0	0	0	0	0	0	1	0	0	0	0	0	0	0	0	0
1002_1003	AGGCCACCACCTCGTT-13	0	0	0	0	0	0	0	0	0	0	0	0	0	0	0	1	0	1	0	0
1002_1003	CCCTCCTAGAATCTCC-13	0	0	0	0	0	0	0	0	1	0	0	0	0	0	0	0	0	1	0	0
1002_1003	TGTCCCAGTGTCTGAT-13	0	0	0	0	1	0	1	0	0	0	1	0	0	0	0	0	0	0	0	0
1002_1003	AGATCTGTCGTAGGTT-13	0	0	0	0	0	0	0	0	0	0	1	0	1	0	0	0	0	0	0	0
1002_1003	ACGAGCCGTGTGTGCC-13	0	0	0	0	0	0	0	0	0	0	0	0	0	0	0	0	0	1	0	0
1002_1003	CCCTCCTCATATACGC-13	0	0	1	0	0	0	0	0	0	0	0	0	0	0	0	0	0	1	0	0
1003_1004	CACCACTCAGCTCGCA-13	0	0	0	0	0	0	0	0	0	0	0	0	0	2	0	0	0	0	0	0
1003_1004	TTTGGTTCAGCCTTGG-13	0	0	0	0	0	0	0	0	0	0	0	0	0	0	0	1	0	0	0	0
1003_1004	CTCTGGTGTGACGGTA-13	0	0	0	0	0	0	0	0	0	0	0	0	0	0	0	0	0	1	0	0
1003_1004	CTCTACGCAAATACAG-13	0	0	0	0	1	0	0	0	0	1	1	0	0	0	0	0	0	0	0	0
1003_1004	CAGCGACTCTTGCCGT-13	0	0	0	0	0	0	0	0	0	0	0	0	0	0	0	0	0	1	0	0
1003_1004	CTGATCCTCGAGAGCA-13	0	0	0	0	0	0	0	0	0	0	0	0	1	0	0	0	0	0	0	0
1003_1004	TTTATGCAGGGCATGT-13	0	0	0	0	1	0	0	0	0	0	0	0	0	0	0	1	0	0	0	0
1003_1004	CTGCGGAAGCCTCGTG-13	0	0	0	0	0	0	0	0	0	0	0	0	1	0	0	0	0	0	0	0
1003_1004	CTGGTCTCAAGAGGCT-13	0	0	0	0	0	0	0	0	0	0	1	0	0	1	0	0	0	1	0	0
1003_1004	TTTATGCTCTGCGACG-13	0	0	0	0	1	0	0	0	0	0	1	0	0	0	0	0	0	1	0	0
1003_1004	TTGGAACAGTGCGTGA-13	0	0	0	0	0	0	0	0	0	0	0	0	0	0	0	0	0	0	0	0
1003_1004	CGATCGGTCTGGCGAC-13	0	0	0	0	0	0	1	0	0	0	0	0	0	0	0	0	0	0	0	0
1003_1004	GGGCACTAGGCGTACA-13	0	0	0	0	0	0	0	0	0	0	0	0	0	0	0	0	0	1	0	0
1003_1004	CACAAACCACCCAGTG-13	0	0	0	0	0	0	0	0	0	0	0	0	0	0	0	0	0	0	0	0
1003_1004	CGTAGCGAGTTGTCGT-13	0	0	0	0	0	1	0	0	0	0	0	0	0	0	0	0	0	0	0	0
1003_1004	CGTAGGCTCCTCCTAG-13	0	0	0	0	0	0	0	0	0	0	0	0	0	0	0	0	0	0	0	0
1003_1004	ACACCAATCCTCTAGC-13	0	0	0	0	0	1	0	0	0	0	0	0	1	0	1	0	0	0	0	0
1003_1004	CGTCTACCAATGGAAT-13	0	0	0	0	0	0	0	0	0	0	0	0	0	0	0	0	0	0	0	0
1003_1004	ACATACGAGATAGGAG-13	0	0	0	0	0	0	0	0	0	0	0	0	0	0	0	0	0	0	0	0
1003_1004	ACATACGGTCTCTCGT-13	0	0	0	0	0	0	1	0	0	0	0	0	0	0	0	1	0	1	0	0
1003_1004	ACGAGGAGTCTCTCTG-13	0	0	0	0	0	0	0	0	0	0	0	0	1	0	0	0	0	0	0	0
1003_1004	AGAGCTTCACGCCAGT-13	0	0	0	0	0	0	0	0	0	0	0	0	0	0	0	0	0	1	0	0
1003_1004	AGAGTGGCACTTAAGC-13	0	0	0	0	0	0	0	0	0	0	0	0	1	0	0	0	0	0	0	0
1003_1004	CTAACTTAGCAGATCG-13	0	0	0	0	0	0	0	0	0	0	0	0	0	0	0	0	0	0	0	0
1003_1004	AGCTCTCTCCCTCTTT-13	0	0	0	1	0	0	0	0	0	0	0	0	0	0	0	0	0	0	0	0
1003_1004	AGGGTGAGTATGCTTG-13	0	0	0	0	1	0	0	0	0	0	0	0	0	0	0	0	0	0	0	1
1003_1004	AGTGGGACACCACCAG-13	0	0	0	0	0	0	0	0	0	0	0	0	0	0	0	0	0	0	0	0
1003_1004	ATCCGAATCACGACTA-13	0	0	0	0	0	0	0	0	0	0	0	0	0	0	0	0	0	0	0	0
1003_1004	ATGCGATCACAACGCC-13	0	0	0	0	0	0	0	0	0	0	0	0	0	0	0	0	0	0	0	0
1003_1004	ATGCGATGTCTCTTTA-13	0	0	0	0	0	1	0	0	0	0	0	0	1	0	0	0	0	0	0	0
1003_1004	ATGGGAGCAAGGTTCT-13	0	0	0	0	0	0	0	0	0	0	0	0	0	0	0	0	0	0	0	0
1003_1004	ATTTCTGTCACGCGGT-13	0	0	0	0	1	0	0	0	0	0	0	0	0	0	0	0	0	0	0	0
1003_1004	CTCATTAAGTAGCCGA-13	0	0	0	0	0	0	0	0	0	0	0	0	0	0	0	1	0	0	0	0
1003_1004	CTCGAAATCAGTTAGC-13	0	0	0	0	0	1	1	0	0	0	0	0	0	0	0	0	0	0	0	0
1003_1004	CAACTAGTCTAGCACA-13	0	0	0	0	0	0	0	0	0	0	1	0	0	0	0	0	0	0	0	0
1003_1004	CAAGAAATCCGAAGAG-13	0	0	0	0	0	0	0	0	0	0	0	0	0	0	0	0	0	0	0	0
1003_1004	CTCGGAGTCAGGCGAA-13	0	0	0	0	0	0	1	0	0	0	0	0	0	0	0	0	0	0	0	0
1003_1004	CACAAACGTACTCAAC-13	0	0	0	0	0	0	0	0	0	0	0	0	0	0	0	0	0	0	0	0
1003_1004	TTGCGTCAGCGTGAAC-13	0	0	0	0	0	0	0	0	0	0	0	0	0	0	0	0	0	0	0	0
1003_1004	CATCAAGCAGCGTAAG-13	0	0	0	0	0	0	0	0	0	0	0	0	0	0	0	0	0	0	0	0
1003_1004	CAGTAACAGGTCGGAT-13	0	0	0	0	0	0	0	0	0	0	0	0	0	0	0	0	0	1	1	0
1003_1004	TACTTACGTCAGAAGC-13	0	0	0	0	0	0	0	0	0	0	0	0	0	0	0	0	0	0	0	0
1003_1004	GCATACAGTGGTCTCG-13	0	0	0	0	0	0	0	0	0	0	0	0	0	0	0	0	0	0	0	0
1003_1004	TACAGTGAGTGTGAAT-13	0	1	0	0	0	0	0	0	0	0	0	0	1	0	0	0	0	1	0	0
1003_1004	GCATGCGTCTAACTTC-13	0	0	0	0	0	1	0	0	0	0	0	0	0	0	0	0	0	1	0	0
1003_1004	TACAGTGAGCCTCGTG-13	0	0	0	0	0	0	0	0	0	0	0	0	0	0	0	0	0	0	0	0
1003_1004	GCGACCAGTCACACGC-13	0	0	0	0	0	0	0	0	0	0	0	0	0	0	0	1	0	1	0	1
1003_1004	GCGCAACAGGCATGTG-13	0	0	0	0	0	0	0	0	0	0	0	0	0	0	0	0	0	1	1	1
1003_1004	CGGGTCATCAAGAAGT-13	0	0	0	0	0	0	0	0	0	0	0	0	0	0	0	0	0	1	0	0
1003_1004	GCTCCTAAGCCCTAAT-13	0	0	0	0	0	1	0	0	0	0	0	0	1	0	0	0	0	1	0	0
1003_1004	GCTGCAGAGTCGATAA-13	0	0	0	0	0	1	0	0	0	0	0	0	1	0	0	0	0	0	0	0
1003_1004	GTGCGGTCATGGGAAC-13	0	0	0	1	0	0	0	0	0	0	0	0	0	0	0	0	0	0	0	0
1003_1004	GTCTCGTCAGTCGTGC-13	0	0	0	0	0	0	0	0	0	0	0	0	0	0	0	0	0	0	0	0
1003_1004	GTCCTCAGTCAGATAA-13	0	0	0	0	0	0	0	0	0	0	0	0	0	0	0	0	0	1	0	0
1003_1004	GCTTCCAAGTACGTTC-13	0	0	0	0	0	0	0	0	0	0	0	0	0	0	1	0	0	0	0	0
1003_1004	GCTTCCAAGTACTTGC-13	0	0	0	0	0	0	0	0	0	0	0	0	0	0	0	0	0	0	0	0
1003_1004	CCGGTAGGTCTAGCCG-13	0	0	0	0	0	0	0	0	0	0	0	0	0	0	0	0	0	0	0	0
1003_1004	GCTTGAAAGCCGCCTA-13	0	0	0	0	0	0	0	0	0	0	0	0	0	0	0	0	0	0	0	1
1003_1004	CCTAGCTGTGACAAAT-13	0	0	0	0	0	0	0	0	0	0	0	0	0	0	0	0	0	0	0	0
1003_1004	CCGGTAGTCAGCATGT-13	0	0	0	0	0	0	0	0	0	0	1	0	0	0	0	0	0	0	1	0
1003_1004	GTACTTTGTAGCACGA-13	0	0	0	0	0	0	0	0	0	0	0	0	0	0	0	0	0	1	0	0
1003_1004	GTACTCCTCACAGGCC-13	0	0	0	0	0	1	0	0	0	0	0	0	0	0	0	0	0	1	0	0
1003_1004	GGACAAGGTTATGCGT-13	0	0	0	0	0	1	0	0	0	0	0	0	0	0	0	0	0	0	0	0
1003_1004	GGACATTTCCCACTTG-13	0	0	0	0	0	1	0	0	0	0	0	0	0	0	0	0	0	0	0	0
1003_1004	GGACGTCCAGAGTGTG-13	0	0	0	0	0	0	0	0	0	0	0	0	0	0	0	0	0	0	0	0
1003_1004	GGGTCTGCAATGCCAT-13	0	0	0	0	0	0	0	0	0	0	0	0	0	0	0	1	0	0	0	0
1003_1004	GGCTCGAGTCCGAAGA-13	0	0	0	0	0	0	0	0	0	0	0	0	0	0	0	0	0	0	0	0
1003_1004	CCTACACAGTGAACGC-13	0	0	0	0	0	0	0	0	0	0	0	0	0	0	0	0	0	1	0	0
1003_1004	GCAAACTTCGCAGGCT-13	0	0	0	0	0	0	0	0	0	0	0	0	0	0	0	0	0	0	0	0
1003_1004	TTCTCCTGTAATCACC-13	0	0	0	0	0	0	1	0	0	0	0	0	1	0	0	0	0	0	0	0
1003_1004	CATTATCTCCATTCTA-13	0	0	0	0	0	0	1	0	0	0	0	0	0	0	0	0	0	1	0	0
1003_1004	TATCTCACAAGTCATC-13	0	0	0	0	0	0	1	0	0	0	0	0	0	0	0	1	0	1	0	1
1003_1004	TTATGCTTCAAACCAC-13	0	0	0	0	0	0	0	0	0	0	0	0	0	0	0	0	0	0	0	0
1003_1004	TTAGGCACAAGTCATC-13	0	0	0	0	0	0	1	0	0	0	0	0	0	0	0	0	0	0	0	0
1003_1004	TGTTCCGGTCAAAGCG-13	0	0	0	0	0	0	0	0	0	0	0	0	0	0	0	0	0	1	0	0
1003_1004	GAACATCAGTGCTGCC-13	0	0	0	0	0	0	0	0	0	0	1	0	0	0	0	0	0	0	0	0
1003_1004	TGTTCCGAGGAGTTGC-13	0	0	0	0	0	0	0	0	0	0	0	0	0	0	0	0	0	0	0	0
1003_1004	GAACGGAGTCGCTTTC-13	0	0	0	0	0	0	0	0	0	0	0	0	0	0	0	0	0	0	0	0
1003_1004	TGTGTTTTCTCTGTCG-13	0	0	0	0	0	0	1	0	0	0	0	0	0	0	0	0	0	1	0	0
1003_1004	CAGTAACGTGCAGACA-13	0	0	0	0	0	0	0	0	0	0	0	0	0	0	0	1	0	0	0	0
1003_1004	CATATTCGTAGCTTGT-13	0	0	0	0	0	0	0	0	0	0	0	0	0	0	0	0	0	0	0	0
1003_1004	GGGATGAGTCACACGC-13	1	0	0	0	0	0	0	0	0	0	0	0	0	0	0	0	0	0	0	0
1003_1004	TGGCTGGGTCATACTG-13	0	0	0	0	0	0	0	0	0	1	0	0	0	0	0	0	0	0	0	0
1003_1004	CATCAAGTCGGTTAAC-13	0	0	0	0	1	0	0	0	0	0	0	0	0	0	0	0	0	0	0	0
1003_1004	GACGCGTGTCTTCGTC-13	0	0	0	0	0	1	0	0	0	0	0	0	0	0	0	0	0	0	0	0
1003_1004	TGATTTCTCATTCACT-13	0	0	0	0	0	0	0	0	0	0	0	0	0	0	0	0	0	0	0	0
1003_1004	TGACTTTTCACAATGC-13	0	0	0	0	0	0	0	0	0	0	0	0	0	0	0	1	0	0	0	0
1003_1004	TGACTAGCAAGCCATT-13	0	0	0	0	0	0	0	0	0	0	1	0	0	0	0	0	0	0	0	0
1003_1004	TGAAAGATCTATCCTA-13	0	0	0	0	0	0	0	0	0	0	0	0	1	0	0	0	0	0	0	0
1003_1004	CATCGGGGTGACAAAT-13	0	0	0	0	0	0	0	0	0	0	0	0	0	0	0	0	0	0	0	0
1003_1004	TCTGAGAGTAGTACCT-13	0	0	0	0	0	1	0	0	0	0	0	0	0	0	0	0	0	0	0	0
1003_1004	TCTGAGAAGCAGCCTC-13	1	0	0	0	0	0	0	0	0	0	0	0	0	0	0	0	0	0	0	0
1003_1004	TCGGGACGTACTCTCC-13	0	0	0	0	0	0	0	0	0	0	0	0	0	0	0	0	0	0	0	0
1003_1004	TCAGCTCTCCTCTAGC-13	0	0	0	0	0	0	0	0	0	0	0	0	1	0	0	0	0	0	0	0
1003_1004	GATCGATAGAAGCCCA-13	0	0	0	0	0	0	0	0	0	0	0	0	0	0	0	1	0	0	0	0
1003_1004	GATCTAGAGGAGTCTG-13	0	0	0	0	0	1	0	0	0	0	0	0	0	0	0	0	0	1	0	0
1003_1004	TCAGCAACACAACGTT-13	0	0	0	0	0	0	0	0	0	0	0	0	1	0	0	1	0	0	0	0
1003_1004	TATTACCGTCCCTACT-13	0	0	0	0	0	0	0	0	0	0	0	0	0	0	0	0	0	2	0	1
1003_1004	TATTACCCAATGACCT-13	0	0	0	0	0	0	1	0	0	0	0	0	0	0	0	1	0	0	0	0
1003_1004	GATGAGGCACGTCTCT-13	0	0	0	0	0	0	0	0	0	0	0	0	0	1	0	0	0	0	1	0
1003_1004	AAAGCAACATAAAGGT-13	0	0	0	0	0	0	0	0	0	0	0	0	0	1	0	0	0	0	0	0
1004_1005	TCTTTCCTCCGCATCT-13	0	0	0	0	0	0	0	0	0	0	0	0	0	0	0	1	0	1	1	1
1004_1005	AAGACCTAGTGAAGTT-13	0	0	0	0	0	0	0	0	0	0	0	0	0	0	0	0	0	0	0	0
1004_1005	GTTCTCGCAAGGACAC-13	0	1	0	0	0	0	0	0	0	0	0	0	0	0	0	0	0	0	0	0
1004_1005	GTTCATTTCCGTAGTA-13	0	0	0	0	0	1	0	0	0	0	0	0	0	0	0	0	0	0	0	0
1004_1005	GTGGGTCGTGGTCCGT-13	0	0	0	0	0	0	0	0	0	0	0	0	0	0	0	0	0	0	0	0
1004_1005	GTCTTCGAGTCCGGTC-13	0	0	0	0	0	0	0	0	0	0	0	0	0	0	0	0	0	1	0	0
1004_1005	GTATTCTGTATATCCG-13	0	0	0	0	0	0	0	0	0	0	2	0	0	0	0	0	0	1	0	0
1004_1005	GGGTCTGAGTGGAGAA-13	0	0	0	0	0	0	0	0	0	0	0	0	0	0	0	0	0	0	0	0
1004_1005	GGGCATCGTCAGGACA-13	0	0	0	0	0	0	0	0	0	0	1	0	0	0	0	0	0	0	0	0
1004_1005	GGCTGGTGTTGTTTGG-13	0	0	0	0	0	0	0	0	0	0	0	0	0	0	0	0	0	1	0	0
1004_1005	GGCTGGTCATGAGCGA-13	0	0	0	0	0	0	0	0	0	0	0	0	0	0	0	0	0	0	0	0
1004_1005	GGCGACTCACAAGCCC-13	0	0	0	0	0	0	0	0	0	0	0	0	0	0	0	0	0	0	0	1
1004_1005	GGACAGAGTTCCACAA-13	0	0	0	0	0	0	1	0	0	0	0	0	0	0	0	0	0	1	0	0
1004_1005	GCTGGGTCACCCATTC-13	0	0	0	0	0	0	0	0	0	0	0	0	0	0	0	0	0	0	0	0
1004_1005	GCTGCTTAGCCTCGTG-13	0	0	0	0	0	0	1	0	0	0	1	0	0	0	0	0	0	0	0	0
1004_1005	GCTGCAGGTCCCTTGT-13	0	0	0	0	0	0	0	0	0	0	0	0	1	0	0	1	0	0	0	0
1004_1005	GCGCGATTCCTCTAGC-13	0	0	0	0	0	0	0	0	0	0	0	0	0	0	0	0	0	2	0	0
1004_1005	GCACTCTGTTCAGGCC-13	0	0	0	0	0	0	0	0	0	0	0	0	0	0	0	0	0	1	0	0
1004_1005	GAACCTAAGATGGGTC-13	0	0	0	0	1	0	0	0	0	0	0	0	0	0	0	0	0	0	0	0
1004_1005	TAAGAGAAGAGATGAG-13	0	0	0	0	0	0	0	0	0	0	0	0	0	1	0	0	0	0	0	0
1004_1005	TAAGAGATCAAACAAG-13	0	0	0	0	0	0	0	0	0	0	1	0	0	0	0	0	0	1	0	0
1004_1005	TACCTTAAGTGTTTGC-13	0	0	0	0	0	0	0	0	0	0	0	0	1	0	0	0	0	0	0	0
1004_1005	TAGACCATCCAAATGC-13	0	0	0	0	0	0	2	0	0	0	0	0	0	0	0	0	0	0	0	0
1004_1005	AACCGCGTCTTCCTTC-13	0	0	0	0	0	0	1	0	0	0	1	0	0	0	0	0	1	0	0	0
1004_1005	TTTCCTCGTTGAGTTC-13	0	0	0	0	0	0	0	0	0	0	0	0	0	0	0	0	0	0	0	1
1004_1005	TTTACTGTCCGCGGTA-13	0	0	0	0	0	0	0	0	0	0	0	0	1	0	0	0	0	0	0	0
1004_1005	TTGTAGGGTCTTCAAG-13	0	0	0	0	0	0	0	0	0	0	0	0	0	0	0	0	0	0	0	0
1004_1005	TTAGGACCACATCTTT-13	0	0	0	0	0	0	0	0	0	0	0	0	0	0	0	0	0	0	0	0
1004_1005	TTAACTCGTGATAAGT-13	0	0	0	0	0	0	0	0	0	0	0	0	0	0	0	0	0	1	0	0
1004_1005	TGTTCCGAGTGTGGCA-13	0	0	0	0	0	0	0	0	0	0	0	0	0	0	0	0	0	1	0	0
1004_1005	TGCGTGGAGAAACCGC-13	0	0	0	1	0	0	0	0	0	0	0	0	0	0	0	0	0	0	0	0
1004_1005	GAAACTCCATCGGACC-13	0	0	0	0	0	0	0	0	0	0	0	0	0	0	0	0	0	0	0	0
1004_1005	TCTGGAAAGATCCCAT-13	0	0	0	0	0	0	0	0	0	0	0	0	0	0	0	0	0	0	0	0
1004_1005	TCGGTAACACGTTGGC-13	0	0	0	0	0	1	0	0	0	0	0	0	0	0	0	0	0	0	0	0
1004_1005	TCGCGAGTCCATTCTA-13	0	0	0	0	0	0	0	0	0	0	0	0	0	1	0	0	0	1	0	0
1004_1005	TCCACACTCGCCAAAT-13	0	0	0	0	0	0	1	0	0	0	1	0	0	0	0	0	0	0	0	0
1004_1005	TCATTTGCAATGCCAT-13	0	0	0	0	0	0	0	0	0	0	0	0	0	0	0	0	0	1	0	0
1004_1005	TCAGGATAGGACATTA-13	0	0	0	0	0	0	1	0	0	0	0	0	0	0	0	0	0	0	0	0
1004_1005	TCAATCTAGTTGAGTA-13	0	0	0	0	0	0	0	0	0	0	0	0	0	0	0	0	0	0	0	0
1004_1005	TATTACCAGGAATGGA-13	0	0	0	0	0	0	0	0	0	0	1	0	0	0	0	1	0	0	0	0
1004_1005	TAGAGCTGTCTGCCAG-13	0	0	0	0	0	0	0	0	0	0	0	0	0	0	0	0	0	0	0	0
1004_1005	TCTGAGATCTTGAGAC-13	0	0	0	0	0	0	2	0	0	0	1	0	0	0	0	0	0	0	0	0
1004_1005	CTGGTCTTCCTCATTA-13	0	0	0	0	0	0	1	0	0	0	1	0	0	0	0	0	0	0	0	0
1004_1005	GGGTTGCCACAGACTT-13	0	0	0	0	0	0	0	0	1	0	0	0	0	0	0	1	0	0	0	0
1004_1005	CTCTACGAGCGAGAAA-13	0	0	0	0	0	0	0	0	0	0	0	0	0	0	0	0	0	0	0	0
1004_1005	AGTAGTCCATAGTAAG-13	0	0	0	0	0	0	0	0	0	0	0	0	0	0	0	0	0	1	0	0
1004_1005	AGCTCTCCAACTTGAC-13	0	0	0	0	0	0	1	0	0	0	0	0	0	0	0	0	0	0	0	0
1004_1005	AGCTCCTTCGTCTGAA-13	0	0	0	0	0	0	0	0	0	0	1	0	0	1	0	0	0	0	0	0
1004_1005	AGCATACAGCTGAAAT-13	0	0	0	0	0	0	0	0	0	0	1	0	0	0	0	0	0	0	0	0
1004_1005	AGATTGCTCATATCGG-13	0	0	0	0	0	0	0	0	0	0	0	0	0	0	0	0	0	0	0	0
1004_1005	AGACGTTCATCGGACC-13	0	0	0	0	0	0	1	0	0	0	0	0	0	0	0	0	0	0	1	1
1004_1005	ACTTTCACATGCAACT-13	0	0	0	0	0	0	0	0	0	0	0	0	0	0	0	0	0	1	0	0
1004_1005	ACTGTCCGTCAAAGCG-13	0	0	0	0	0	0	1	0	0	0	0	0	0	0	0	0	0	0	0	0
1004_1005	AGTCTTTGTCACCCAG-13	0	0	0	0	0	0	0	0	0	0	1	0	0	0	0	0	0	0	0	0
1004_1005	ACTGTCCCATGAGCGA-13	0	0	0	0	0	0	1	0	0	0	0	0	0	0	0	0	0	0	0	0
1004_1005	ACGGGTCGTAGCTGCC-13	0	0	0	0	1	0	0	0	0	0	0	0	0	0	0	0	0	0	0	0
1004_1005	ACCTTTAGTGGTACAG-13	0	0	0	0	0	0	0	0	0	0	0	0	0	0	0	0	0	2	0	0
1004_1005	CTGCCTAGTACCCAAT-13	0	0	0	0	0	0	0	0	0	0	0	0	0	0	0	0	0	0	0	0
1004_1005	ACAGCTAGTTCGGGCT-13	0	0	0	0	0	0	0	0	0	0	0	0	1	0	0	0	0	0	0	0
1004_1005	ACACTGATCTTGTCAT-13	0	0	0	0	0	0	2	0	0	0	0	0	0	0	0	0	0	0	0	0
1004_1005	ACACCGGGTGTTTGTG-13	0	0	0	0	0	1	0	0	0	0	0	0	0	0	0	0	0	0	0	0
1004_1005	ACACCCTCATTGGGCC-13	0	0	0	0	0	0	0	0	0	0	0	0	0	0	0	0	0	0	0	0
1004_1005	AAGCCGCTCTCGTTTA-13	0	0	0	0	0	0	0	0	0	0	0	0	0	0	0	1	0	0	0	0
1004_1005	ACTATCTAGACGCTTT-13	0	0	0	0	0	0	0	0	0	0	0	0	0	0	0	0	0	0	0	0
1004_1005	ATCACGATCTTGTTTG-13	0	0	0	0	0	0	0	0	0	0	0	0	0	0	0	0	0	0	0	0
1004_1005	ACATGGTCAGCCAATT-13	0	0	0	0	0	0	0	0	0	0	0	0	0	0	0	0	0	1	0	0
1004_1005	CAGCTAACAGCTATTG-13	0	0	0	0	0	0	0	0	0	0	0	0	0	0	0	0	0	0	0	0
1004_1005	CAACCAAAGGCGATAC-13	0	0	0	0	0	0	0	0	0	0	1	0	0	1	0	0	0	2	0	0
1004_1005	CTCCTAGTCCAATGGT-13	0	0	0	0	0	0	0	0	0	0	0	0	0	0	0	0	0	1	0	0
1004_1005	CTAGTGAGTTGGGACA-13	0	0	0	0	0	0	0	0	0	0	0	0	1	0	0	0	0	0	0	0
1004_1005	CTAAGACCAGTCACTA-13	0	0	0	0	0	1	0	0	0	0	0	0	0	0	0	0	0	1	0	0
1004_1005	CGTCCATAGGGATACC-13	0	0	0	0	0	0	0	0	0	0	0	0	0	0	0	0	0	0	1	0
1004_1005	CGGCTAGTCCCTGACT-13	0	0	0	0	0	0	0	0	0	0	0	0	0	0	0	0	0	0	0	0
1004_1005	CGGAGCTTCTCTTATG-13	0	0	0	0	0	0	0	0	0	0	0	0	1	0	0	0	0	0	0	0
1004_1005	CGGACACTCACAGTAC-13	0	0	0	0	0	0	1	0	0	0	0	0	0	0	0	0	0	1	0	0
1004_1005	CGGACACGTAAAGTCA-13	0	0	0	0	0	0	0	0	0	0	0	0	3	0	0	0	0	0	0	0
1004_1005	CTAAGACAGTCGATAA-13	0	0	0	0	0	0	0	0	0	0	1	0	0	0	0	0	0	1	1	0
1004_1005	CCTAAAGTCCTCTAGC-13	0	0	0	0	0	0	0	0	0	0	0	0	0	1	0	0	0	1	0	0
1004_1005	CAGGTGCGTAAGGATT-13	0	0	0	0	0	0	0	0	0	0	0	0	0	0	0	0	0	0	0	0
1004_1005	CCTAGCTAGCTGTCTA-13	0	0	0	0	0	0	0	0	0	0	0	0	0	0	0	0	0	0	0	0
1004_1005	CCACTACGTTACGACT-13	0	0	0	0	0	0	0	0	0	0	0	0	0	0	0	0	0	0	0	0
1004_1005	CCAGCGAAGCCAGGAT-13	0	0	0	0	0	0	0	0	0	0	0	0	0	0	0	0	0	0	0	0
1004_1005	CAGTAACTCTACTATC-13	0	0	0	0	0	0	0	0	0	0	0	0	0	0	0	0	0	0	0	0
1004_1005	CCCTCCTAGTCTCAAC-13	0	0	0	0	0	0	0	0	0	0	0	0	1	0	0	0	0	0	0	0
1004_1005	CCGGTAGTCCATGAGT-13	0	0	0	0	0	0	2	0	0	0	0	0	0	0	0	0	0	0	0	0
1005_1006	CCACTACCATTGCGGC-14	0	0	0	0	0	0	0	0	0	0	0	0	1	0	0	0	0	0	0	0
1005_1006	CCTAAAGGTCATTAGC-14	0	0	0	0	1	0	1	0	0	0	0	0	0	0	0	0	0	0	0	0
1005_1006	CCTTACGTCGGCGCTA-14	0	0	0	0	0	0	0	0	0	0	0	0	0	0	0	0	0	0	0	0
1005_1006	CATTCGCTCTTCATGT-14	0	0	0	0	0	2	0	0	0	0	0	0	0	0	0	0	0	2	0	0
1005_1006	CGTAGCGCAACGCACC-14	0	0	0	0	0	0	0	0	0	0	0	0	0	0	0	0	0	1	0	0
1005_1006	CGTTAGAAGCAATATG-14	0	0	0	0	1	0	1	0	0	0	0	0	0	0	0	0	0	0	0	1
1005_1006	GAAGCAGAGGAGTTGC-14	1	0	0	0	0	0	1	0	0	0	0	0	0	0	0	0	0	0	1	0
1005_1006	GAATGAACATCCGCGA-14	0	0	0	0	0	1	0	0	0	0	0	0	0	0	0	0	0	0	0	0
1005_1006	GCAGTTAAGGCATTGG-14	0	0	0	0	0	0	0	0	0	0	0	0	0	0	0	0	0	0	0	0
1005_1006	GCGCGATTCGAGCCCA-14	0	0	0	0	0	1	0	0	0	0	0	0	0	0	0	0	1	0	0	0
1005_1006	GCTGGGTGTTCGGCAC-14	0	0	0	0	0	0	0	0	0	0	0	0	0	0	0	0	0	0	0	0
1005_1006	GGAATAAAGTCAATAG-14	0	0	0	0	0	1	0	0	0	0	2	0	0	0	0	0	0	0	0	0
1005_1006	GGATTACCATTTGCCC-14	0	0	0	0	0	0	0	0	0	0	0	0	0	0	0	0	0	0	0	0
1005_1006	TCAGATGGTTGGTTTG-14	0	0	0	0	0	0	0	0	0	0	0	0	1	0	0	0	0	0	0	0
1005_1006	GGGTTGCAGTGGACGT-14	0	0	0	0	0	0	0	0	0	0	0	0	0	0	0	0	0	0	0	0
1005_1006	GGTGTTAGTATCGCAT-14	0	0	0	0	1	0	0	0	0	0	0	0	0	0	0	0	0	0	0	0
1005_1006	GTCATTTCAACACGCC-14	0	0	0	0	0	0	1	0	0	0	0	0	0	0	0	0	0	1	0	0
1005_1006	GTGGGTCAGAAGGTGA-14	0	0	0	0	0	0	0	0	0	0	0	0	0	0	0	0	0	1	0	0
1005_1006	TACGGATTCTACTCAT-14	0	0	0	0	1	0	0	0	0	0	0	0	0	0	0	0	0	2	0	0
1005_1006	TAGAGCTGTCACCCAG-14	0	0	0	0	0	0	1	0	0	0	0	0	0	0	0	0	0	0	0	0
1005_1006	TCACAAGGTAAGTGTA-14	0	0	0	0	0	0	0	0	0	0	0	0	0	0	0	0	0	0	1	0
1005_1006	TCAGCTCGTGATGATA-14	0	0	0	0	0	0	0	0	0	0	0	0	0	0	0	1	0	0	0	0
1005_1006	TCTATTGAGGGATCTG-14	0	0	0	0	0	0	0	0	0	0	0	0	0	0	0	0	0	0	0	0
1005_1006	TCTGAGATCACATGCA-14	0	0	0	0	0	0	0	0	0	0	0	0	0	0	1	0	0	0	1	0
1005_1006	TGGCCAGGTTCCGGCA-14	0	0	0	0	0	0	0	0	0	0	0	0	1	0	0	0	0	0	0	0
1005_1006	TTATGCTCAAACTGTC-14	0	0	0	0	0	0	0	0	0	0	1	0	0	0	0	0	0	1	0	0
1005_1006	TTGTAGGCATCTACGA-14	0	0	0	0	0	0	0	0	0	0	0	0	0	0	0	0	0	1	0	0
1005_1006	CATGGCGCAGACAGGT-14	0	0	0	0	0	0	0	0	0	0	0	0	0	0	0	0	0	0	0	0
1005_1006	GGCCGATCATGAACCT-14	0	0	0	0	1	0	0	0	0	0	0	0	0	0	0	0	0	0	0	0
1005_1006	CAGAATCTCTCTGAGA-14	0	0	0	0	0	0	0	0	0	0	0	0	0	0	0	0	0	1	0	0
1005_1006	TGCCAAATCGCCTGTT-14	0	0	0	0	0	0	0	0	0	0	0	0	1	0	0	0	0	1	0	1
1005_1006	ACTGTCCGTACCGGCT-14	0	0	0	0	0	0	0	0	0	0	0	0	0	0	0	0	0	0	0	0
1005_1006	ACTTGTTTCTTCCTTC-14	0	0	0	0	0	0	0	0	0	0	0	0	0	0	0	0	0	0	0	0
1005_1006	ACGGGTCCACTGAAGG-14	0	0	0	0	0	0	0	0	0	0	0	0	0	0	0	0	0	2	0	0
1005_1006	ACTTTCAAGGGTGTTG-14	0	0	0	0	0	0	0	0	0	0	0	0	0	2	0	0	0	2	0	1
1005_1006	AGAATAGCACGTCAGC-14	0	0	0	0	0	0	0	0	0	0	0	0	0	0	0	0	0	1	1	0
1005_1006	AGACGTTTCTGGTTCC-14	0	0	0	0	0	0	0	0	0	0	0	0	0	0	0	1	0	0	0	0
1005_1006	AACTCAGCATTCTTAC-14	0	0	0	0	0	0	0	0	0	0	0	0	0	0	0	1	0	1	0	0
1005_1006	AACGTTGGTTCAACCA-14	0	0	0	0	0	0	0	0	0	0	1	0	0	0	0	0	0	1	0	0
1005_1006	AGTGGGAGTGTATGGG-14	0	0	0	0	0	0	0	0	0	0	0	0	0	0	0	0	0	0	1	0
1005_1006	CAACCTCTCTTCGAGA-14	0	0	0	0	0	0	0	0	0	0	0	0	0	0	0	0	0	0	0	0
1005_1006	ATTACTCCAGTCACTA-14	0	0	0	0	0	0	0	0	0	0	0	0	0	0	1	0	0	0	1	0
1005_1006	CAACCAAGTTCCCTTG-14	0	0	0	0	0	0	1	0	0	0	0	0	0	0	0	0	0	1	0	0
1005_1006	ATTCTACTCCACGAAT-14	0	0	0	0	0	1	0	0	0	0	0	0	0	0	0	0	0	0	0	0
1006_1007	TTGAACGGTTCGAATC-14	0	0	0	0	0	0	0	0	0	0	1	0	0	0	0	0	0	0	0	0
1006_1007	GCCAAATAGGCGTACA-14	0	0	0	0	0	0	0	0	0	0	1	0	0	0	0	0	0	0	0	0
1006_1007	GCATACACATTTGCTT-14	0	0	0	0	0	0	0	0	0	0	0	0	0	0	0	0	0	0	0	0
1006_1007	TTTGTCATCACAAACC-14	0	0	0	0	0	0	0	0	0	0	0	0	0	0	0	0	0	0	0	0
1006_1007	TTTACTGCACATGACT-14	0	0	0	0	0	0	0	0	0	0	0	0	0	0	0	0	0	0	0	0
1006_1007	GATGCTACACAGGAGT-14	0	0	0	0	0	0	0	0	0	0	0	0	0	0	0	0	0	0	0	0
1006_1007	GACGCGTTCCTCCTAG-14	0	0	0	0	0	0	0	0	0	0	0	0	0	0	0	0	0	0	0	0
1006_1007	GACAGAGTCTAACCGA-14	0	0	0	0	0	0	0	0	0	0	0	0	0	0	1	0	0	0	0	0
1006_1007	GACACGCCAGCCAATT-14	0	0	0	0	0	0	0	0	0	0	2	0	0	0	0	0	0	1	1	0
1006_1007	GAATGAATCTTACCTA-14	1	0	0	0	0	0	0	0	0	0	0	1	0	0	0	1	0	0	1	0
1006_1007	CTCGAAAGTCGCGAAA-14	0	0	0	0	0	0	0	0	0	0	0	0	0	0	0	0	0	0	0	0
1006_1007	CTAGAGTTCGCAAGCC-14	0	0	0	0	0	0	0	0	0	0	0	0	0	0	0	0	0	0	0	0
1006_1007	TTGTAGGTCAGCTCTC-14	0	0	0	0	0	0	0	0	0	0	0	0	1	0	0	0	0	2	0	0
1006_1007	CGTGTCTGTTCCGGCA-14	0	0	0	0	0	1	0	0	0	0	0	0	1	0	0	0	1	0	0	0
1006_1007	CGTCTACTCTTGCATT-14	0	0	0	0	0	1	0	0	0	0	1	0	0	0	0	0	0	0	1	0
1006_1007	AGCATACGTCTGATTG-14	0	0	0	0	0	0	0	0	0	0	1	0	0	0	0	0	0	0	0	0
1006_1007	CGGGTCACAATGACCT-14	0	0	0	0	0	0	0	0	0	0	0	0	0	0	0	0	0	0	1	0
1006_1007	CGACTTCGTCTGCAAT-14	0	0	0	0	0	0	0	0	0	0	0	0	0	0	0	0	0	0	0	0
1006_1007	GCCAAATAGTGTGAAT-14	0	0	0	0	0	0	0	0	0	0	0	0	0	0	0	0	0	1	0	0
1006_1007	TCCCGATAGAGCAATT-14	0	0	0	0	0	1	2	0	0	0	0	0	0	0	0	0	0	0	1	0
1006_1007	AAACGGGGTCGCGAAA-14	0	0	0	0	0	0	0	0	0	0	0	0	0	0	0	0	0	0	0	0
1006_1007	TCTGGAAAGAGGTAGA-14	0	0	0	0	0	0	0	0	0	0	0	0	0	0	0	0	0	0	1	0
1006_1007	TCTGGAAGTAAACCTC-14	0	0	0	0	0	0	0	0	0	0	1	0	0	0	0	0	0	1	0	0
1006_1007	TTGCGTCGTACACCGC-14	0	0	0	0	0	0	0	0	0	0	1	0	0	0	0	0	0	1	0	0
1006_1007	AAAGTAGCACTAAGTC-14	0	0	0	0	0	0	1	0	0	0	0	0	0	0	0	1	0	0	0	1
1006_1007	TTAGTTCAGGTAGCCA-14	0	0	0	0	0	0	0	0	0	0	0	0	0	0	0	0	1	0	0	0
1006_1007	AAAGATGCATGCCACG-14	0	0	0	0	0	0	0	0	0	0	0	0	0	0	0	0	0	0	0	0
1006_1007	TTCTCCTCATATGAGA-14	0	0	0	0	0	0	0	0	0	0	0	0	0	0	0	0	0	0	0	0
1006_1007	TTGCGTCAGTCCTCCT-14	0	0	0	0	0	0	0	0	0	0	0	0	0	0	0	0	0	0	0	0
1006_1007	CCTTCCCAGTATCGAA-14	0	0	0	0	0	0	0	0	0	0	0	0	0	0	0	0	0	0	0	0
1006_1007	CAAGATCTCCTGTAGA-14	0	0	0	0	0	1	0	0	0	0	0	0	0	0	0	0	0	0	0	0
1006_1007	ACATGGTTCGTGGTCG-14	0	0	0	0	0	0	0	0	0	0	0	0	0	0	0	0	0	0	0	0
1006_1007	CAAGGCCCATGCTGGC-14	0	0	0	0	0	0	1	0	0	0	0	0	0	0	0	0	0	0	0	0
1006_1007	CACATAGTCATCTGCC-14	0	0	0	0	0	2	0	0	0	0	0	0	0	0	0	0	0	1	0	0
1006_1007	AAGGCAGGTAATCACC-14	0	0	0	0	0	0	0	0	0	0	0	0	0	0	0	0	0	1	0	0
1006_1007	TCAATCTGTTTGGGCC-14	0	0	0	0	1	0	1	0	0	0	0	0	0	0	0	0	0	0	0	0
1006_1007	TATGCCCGTCACCCAG-14	0	0	0	0	1	0	0	0	0	0	0	0	0	0	0	0	0	0	1	0
1006_1007	CCGTGGATCAATACCG-14	0	0	0	0	0	0	0	0	0	0	0	0	1	0	0	1	0	1	0	1
1006_1007	CCGTTCAAGAGTCGGT-14	0	0	0	0	0	0	1	0	0	0	0	0	0	0	0	0	0	0	0	0
1006_1007	CCGTTCAAGATGTCGG-14	0	0	0	0	0	0	0	0	0	0	0	0	0	0	0	0	0	1	0	0
1006_1007	ATAAGAGCAGCTGTTA-14	0	0	0	0	0	1	0	0	0	0	1	0	0	0	0	0	0	0	0	0
1006_1007	ACACCAACAGTCTTCC-14	0	0	0	0	0	0	1	0	0	0	0	0	0	0	0	0	0	0	0	0
1006_1007	TACTCGCTCTGCGGCA-14	0	0	0	0	0	0	0	0	0	0	1	0	0	0	0	0	0	0	0	0
1006_1007	ACATCAGTCGCGTTTC-14	0	0	0	0	0	0	0	0	1	2	2	0	1	1	0	0	0	0	0	0
1006_1007	TACACGATCTCGCATC-14	0	0	0	0	0	0	0	0	0	0	0	0	0	0	0	0	0	1	0	0
1006_1007	GTCACGGGTATTCGTG-14	0	0	0	0	0	0	0	0	0	0	0	0	0	0	0	0	0	0	0	1
1006_1007	AACTTTCTCTGGAGCC-14	0	0	0	0	0	0	0	0	0	0	0	0	0	0	0	0	0	0	0	1
1006_1007	GTATTCTCAGCATACT-14	1	0	0	0	0	2	1	0	0	0	0	0	0	0	0	0	0	0	0	1
1006_1007	GCTCCTAGTCGTCTTC-14	0	0	0	0	1	0	0	0	0	0	0	0	0	0	0	0	0	0	1	1
1006_1007	GCTCCTAGTGTAAGTA-14	0	0	0	0	0	0	0	0	0	0	0	0	0	0	0	0	0	0	0	0
1006_1007	ACGGGTCGTGCCTGCA-14	0	0	0	0	0	0	0	0	0	0	0	0	0	0	0	0	0	1	0	0
1006_1007	ACGGGCTCAGTTCCCT-14	0	0	0	0	0	0	0	0	0	0	0	0	0	0	0	0	0	0	0	0
1006_1007	ACGCCAGTCTAGCACA-14	0	0	0	1	0	0	0	0	0	0	0	0	0	0	0	0	0	0	1	0
1006_1007	GTATCTTTCATCTGCC-14	0	0	0	0	0	0	0	0	1	0	0	0	0	0	0	0	0	0	0	0
1006_1007	GTACTTTCAAAGTGCG-14	0	0	0	0	0	0	0	0	0	0	0	0	0	0	0	0	0	0	1	0
1006_1007	GGGTCTGTCAGCTGGC-14	0	0	0	0	0	0	1	0	0	0	0	0	0	0	0	0	0	0	0	0
1006_1007	ACCTTTATCGTCTGCT-14	0	0	0	0	0	0	0	0	0	0	0	0	0	0	0	1	0	0	0	0
1006_1007	GTACGTAAGAAGCCCA-14	0	0	0	0	0	0	1	0	0	0	0	0	0	0	0	1	0	0	0	0
1006_1007	GTCACAATCAAGCCTA-14	0	0	0	0	0	0	1	0	0	0	0	0	0	0	0	0	0	0	1	0
1006_1007	ACCTTTATCAGCGACC-14	0	0	1	0	0	0	0	0	0	0	0	0	1	0	0	1	0	0	1	0
1007_1008	TTTGTCAAGCTGAACG-14	0	0	0	0	0	1	0	0	0	0	0	0	0	0	0	0	0	0	0	0
1007_1008	AAGGCAGTCCTTTCGG-14	0	0	0	0	0	0	0	0	0	0	0	0	0	0	0	0	0	0	0	0
1007_1008	GGTGTTAAGGCCCGTT-14	0	0	0	0	0	0	0	1	0	0	1	0	0	0	0	0	0	0	0	0
1007_1008	TGGTTAGCAGCATACT-14	0	0	0	0	0	0	0	0	0	0	0	0	0	0	0	0	0	0	0	0
1007_1008	TGCGTGGCAAGGGTCA-14	0	0	0	0	0	0	0	0	0	0	0	0	0	0	0	0	0	0	0	0
1007_1008	GAAATGACATAAGACA-14	0	0	0	0	0	0	0	0	0	0	0	0	0	0	0	1	0	0	0	0
1007_1008	TAAGTGCGTGCGAAAC-14	0	0	0	0	0	0	1	0	0	0	0	0	0	0	0	0	0	1	0	0
1007_1008	GTTCTCGGTGACAAAT-14	0	0	0	0	0	1	0	0	0	0	0	0	0	0	0	0	0	0	0	0
1007_1008	GCGCGATTCGCGTTTC-14	1	0	0	0	0	0	0	0	0	0	0	0	1	0	0	0	0	0	0	1
1007_1008	GTGCAGCTCCTGCAGG-14	0	0	0	0	0	0	0	0	0	0	0	0	0	0	0	0	0	0	0	0
1007_1008	CGGACTGTCAAAGACA-14	0	0	0	0	0	0	0	0	0	0	0	0	1	0	0	0	0	0	0	0
1007_1008	ACCCACTCACGGTTTA-14	0	0	0	0	0	0	0	0	0	0	0	0	0	0	0	0	0	0	0	0
1007_1008	GTCATTTAGGGAACGG-14	0	0	0	0	0	0	0	0	1	0	0	0	1	0	0	0	0	0	0	0
1007_1008	TGTATTCCAACTGCGC-14	0	0	0	0	0	1	0	0	0	0	0	0	0	0	0	1	0	0	0	0
1007_1008	GCGGGTTTCTGAAAGA-14	1	0	0	0	0	0	0	0	0	0	0	0	0	0	0	0	0	0	1	0
1007_1008	TCATTACCACTTCGAA-14	0	0	0	0	0	0	1	0	0	0	0	0	0	0	0	1	0	0	0	0
1007_1008	AGGTCCGGTTAGATGA-14	0	0	0	0	0	0	0	0	0	0	1	0	0	0	0	0	0	0	0	0
1007_1008	CATGGCGGTAGCTAAA-14	0	0	0	0	0	0	0	0	0	0	0	0	0	0	0	0	0	0	0	0
1007_1008	ATCACGAAGGTGTGGT-14	0	0	0	0	0	0	0	0	0	0	0	0	1	0	0	0	0	0	0	0
1007_1008	CCTACCAGTTTGGGCC-14	1	0	0	0	0	0	0	0	0	0	0	0	0	0	0	0	0	0	0	0
1007_1008	CCATGTCTCGCGTTTC-14	0	0	0	0	0	0	0	0	0	0	0	0	1	0	0	0	1	1	0	0
1007_1008	CCCAGTTTCTGTCCGT-14	0	0	0	0	0	0	0	0	0	0	0	0	0	0	0	0	0	1	0	0
1008_1009	TTAACTCCAGTACACT-15	0	0	0	0	0	0	0	0	0	0	0	0	0	0	0	0	0	1	0	0
1008_1009	CTAATGGTCTTGCCGT-15	0	0	0	1	0	0	0	0	0	0	0	0	1	0	0	0	0	0	0	0
1008_1009	GAGGTGAAGAGCTATA-15	0	0	0	0	0	0	0	0	0	0	0	0	0	0	0	0	0	1	0	1
1008_1009	TGTGTTTAGTGAAGAG-15	0	0	0	0	0	0	1	0	0	0	1	0	0	0	0	0	0	1	0	0
1008_1009	ACGGGCTGTGGTCCGT-15	0	0	0	0	0	0	0	0	0	0	0	0	0	0	0	0	0	1	0	0
1008_1009	CGTGTCTTCGTCTGAA-15	0	0	0	1	1	0	0	0	0	0	0	0	0	0	0	0	0	0	0	0
1008_1009	CGTCACTGTCTCAACA-15	0	0	0	0	0	0	0	0	0	0	0	0	0	0	0	0	0	0	0	0
1008_1009	ACTTTCAAGACAAAGG-15	0	0	0	0	0	0	0	0	0	0	0	0	0	0	0	0	0	0	0	0
1008_1009	CGGCTAGCAGCAGTTT-15	1	0	0	0	0	0	0	0	0	0	0	0	0	0	0	0	0	0	0	0
1008_1009	TGTATTCTCGGTCCGA-15	0	0	0	0	0	0	0	0	0	0	0	1	1	0	0	0	1	2	0	0
1008_1009	GGAATAAAGGCTCAGA-15	0	0	0	0	0	0	0	0	0	0	0	0	1	0	0	0	0	1	0	0
1008_1009	GTTACAGTCTATCCCG-15	0	0	0	0	0	2	0	0	0	1	0	0	0	1	0	0	0	1	0	0
1008_1009	CGGAGTCCAAGAAGAG-15	0	0	0	0	0	0	1	0	0	0	0	0	0	1	0	0	0	1	0	0
1008_1009	TGTGGTATCCCTCAGT-15	0	0	0	0	0	0	0	0	0	0	0	0	0	0	0	0	0	0	0	0
1008_1009	AGAATAGAGGGTGTGT-15	0	0	0	0	0	1	0	0	0	0	0	0	0	0	0	0	0	1	0	0
1008_1009	TACGGGCAGTATTGGA-15	0	0	0	0	0	0	0	0	0	0	0	0	0	0	0	0	0	0	0	0
1008_1009	AGATTGCAGAGGTTGC-15	0	0	0	0	0	0	0	0	0	0	2	0	0	0	0	0	0	0	1	0
1008_1009	CTCCTAGCACTTACGA-15	0	0	0	0	0	0	0	0	0	0	0	0	0	0	0	0	0	1	0	0
1008_1009	AGTAGTCCAAGCCTAT-15	0	0	0	0	0	0	0	0	0	0	1	0	0	0	0	0	0	0	0	0
1008_1009	AGGTCCGTCCTCATTA-15	0	0	0	0	0	0	0	0	0	0	0	0	0	0	0	0	0	0	0	0
1008_1009	CTAGTGAAGCTCCTCT-15	0	0	0	0	0	1	0	0	0	0	0	0	0	0	0	0	0	0	0	0
1008_1009	AGGGTGAGTCTAGTCA-15	0	0	0	0	0	0	0	0	0	0	0	0	0	0	0	0	0	0	0	0
1008_1009	AGGGAGTTCTCTAGGA-15	0	0	0	0	0	0	1	0	0	0	0	0	0	0	0	0	0	0	0	0
1008_1009	AGACGTTGTTCACCTC-15	0	0	0	0	0	1	0	0	0	0	1	0	1	0	0	0	0	1	0	1
1008_1009	GAGCAGACAGACGCAA-15	0	0	0	0	0	1	0	0	0	0	0	0	0	0	0	0	0	1	0	0
1008_1009	AGCTCCTCAGTTCCCT-15	0	0	0	0	0	0	0	0	0	0	0	0	0	0	0	0	0	0	0	0
1008_1009	CTACATTAGGACGAAA-15	0	0	0	0	0	0	0	0	0	0	0	0	0	0	0	0	0	0	0	0
1008_1009	GCTTCCAGTGAAATCA-15	0	0	0	0	0	0	0	0	0	0	0	0	0	0	0	0	0	1	0	0
1008_1009	AGCCTAACAAGAAAGG-15	0	0	0	0	0	0	0	0	0	0	0	0	0	0	0	0	0	0	0	0
1008_1009	GCTTCCATCCTTTCGG-15	0	0	0	0	0	1	0	0	0	0	0	0	0	0	0	0	0	0	0	0
1008_1009	GTTACAGCAGACGCTC-15	0	0	0	0	0	0	0	0	0	0	0	0	2	0	0	0	0	0	0	0
1008_1009	AGCTTGAGTATTCGTG-15	0	0	0	0	0	0	0	0	0	0	0	0	1	0	0	1	0	0	0	0
1008_1009	CGCTTCATCGAATCCA-15	0	0	0	0	0	0	1	0	0	0	0	0	0	0	0	0	0	1	1	0
1008_1009	GTGCTTCAGTTCGCAT-15	0	0	0	0	0	0	1	0	0	0	0	0	0	0	0	0	0	0	1	0
1008_1009	CGCGGTACAGCTGGCT-15	0	0	0	0	0	0	0	0	0	1	0	0	0	0	0	0	0	0	0	0
1008_1009	GTCACGGAGCTGCAAG-15	0	0	0	0	0	0	0	0	0	0	0	0	0	0	0	0	0	0	0	0
1008_1009	AAGACCTTCTGGCGTG-15	0	0	0	0	0	1	0	0	0	0	0	0	1	0	0	0	1	1	0	0
1008_1009	CGATCGGAGTGTTAGA-15	0	0	0	0	0	0	1	0	0	0	0	0	0	0	0	0	0	0	0	0
1008_1009	GGCAATTGTCTCATCC-15	0	0	0	0	0	1	3	0	0	1	0	0	0	0	0	1	0	1	0	0
1008_1009	GGCCGATAGATGCCAG-15	0	0	0	0	0	0	0	0	0	0	0	0	0	0	0	0	0	0	0	0
1008_1009	AACTCTTCATTCGACA-15	0	0	0	0	0	0	0	0	0	0	0	0	0	0	0	0	0	0	0	0
1008_1009	AAGCCGCTCGTGGGAA-15	0	0	0	0	0	0	0	0	0	0	0	0	0	0	0	0	0	0	0	0
1008_1009	CGAGCCACATGCAATC-15	0	0	0	0	0	1	0	0	0	0	0	0	0	0	0	0	0	0	0	0
1008_1009	CGAACATCACCTGGTG-15	0	0	0	0	0	0	0	0	0	0	0	0	1	0	0	0	0	0	0	0
1008_1009	AAACGGGCATGCCCGA-15	0	0	0	0	0	0	2	0	0	0	0	0	1	0	0	1	0	0	0	0
1008_1009	GTAACGTTCATGGTCA-15	0	0	0	0	0	0	0	0	0	0	0	0	0	0	0	0	0	0	1	0
1008_1009	CCTTACGTCAATACCG-15	0	0	0	0	0	0	0	0	0	0	0	0	0	0	0	0	0	0	1	0
1008_1009	CCTATTATCTACTTAC-15	0	0	0	0	0	0	0	0	0	0	0	0	0	0	0	0	0	0	0	0
1008_1009	CCTTACGCAAGGTTTC-15	0	0	0	0	0	0	1	0	0	0	0	0	0	0	0	0	0	0	0	0
1008_1009	AACTCAGCAGGATCGA-15	0	0	0	0	0	0	0	0	0	0	0	0	0	0	0	0	0	3	0	0
1008_1009	TGGTTAGAGTCGATAA-15	0	0	0	0	0	0	1	0	0	0	0	0	0	1	0	1	0	0	0	0
1008_1009	TGGCTGGAGCTATGCT-15	0	0	0	0	0	0	0	0	0	0	0	0	0	0	0	0	0	0	0	0
1008_1009	AAGGTTCAGACCTTTG-15	0	0	0	0	0	0	1	0	0	0	0	0	0	0	1	0	0	0	0	0
1008_1009	GCTGCTTAGCCGATTT-15	0	0	0	0	0	0	0	0	0	0	0	0	0	0	0	0	0	0	1	0
1008_1009	GTGCGGTGTTCCAACA-15	0	0	0	0	0	0	0	0	0	0	0	0	1	0	0	0	0	1	0	0
1008_1009	GGACATTGTTTACTCT-15	0	0	0	0	0	0	0	0	0	0	1	0	0	0	0	1	0	1	0	0
1008_1009	ACCAGTAAGTCACGCC-15	0	0	0	0	0	0	0	0	0	0	0	0	0	0	0	1	0	1	0	0
1008_1009	ACATGGTCATCGGACC-15	0	0	0	1	0	0	0	0	0	0	0	0	0	0	0	0	0	0	0	0
1008_1009	GTGCATACAGTAAGAT-15	0	0	0	0	0	0	0	0	0	0	2	0	0	0	0	0	0	0	0	0
1008_1009	AAGGCAGGTCAGAAGC-15	0	0	0	0	0	0	0	0	0	0	0	0	1	0	0	0	0	1	0	0
1008_1009	GGGCACTGTTACAGAA-15	0	0	0	0	0	0	0	0	0	0	1	0	0	0	0	0	0	0	0	0
1008_1009	CGATTGACATGGAATA-15	0	0	0	0	0	0	0	0	1	0	0	0	0	0	0	0	0	0	0	0
1008_1009	GACACGCCAATTCCTT-15	0	0	0	0	0	0	0	0	0	0	0	0	0	0	0	0	0	0	0	0
1008_1009	GGGTTGCCAGACGCTC-15	0	0	0	0	0	0	1	0	0	0	0	0	1	0	0	2	0	3	0	0
1008_1009	GGGTTGCGTTCGAATC-15	0	0	0	0	0	0	0	0	0	0	0	0	0	0	0	0	0	0	0	0
1008_1009	GGATTACCAGTTCCCT-15	0	0	0	0	0	0	0	0	0	0	0	0	0	0	0	0	0	0	0	0
1008_1009	TGGCTGGTCACAGGCC-15	0	0	0	0	0	0	0	0	1	0	0	0	0	0	0	0	0	1	0	0
1008_1009	ACATACGAGGTCGGAT-15	0	0	0	0	0	0	0	0	0	0	1	0	0	0	0	0	0	0	0	0
1008_1009	AGTGGGACAGGCAGTA-15	0	0	0	0	0	0	0	0	0	0	0	0	0	0	0	0	0	1	0	0
1008_1009	ATAGACCAGGTGCAAC-15	0	0	0	0	0	0	0	0	1	0	0	1	0	0	0	0	0	1	0	0
1008_1009	ATAAGAGTCACCAGGC-15	0	0	0	0	0	0	0	0	0	0	0	0	0	0	0	0	0	1	0	0
1008_1009	TCGCGAGAGTGTCCCG-15	0	0	0	0	0	0	0	0	0	0	1	0	0	0	0	0	0	1	0	0
1008_1009	TGCGCAGCATATGAGA-15	0	0	0	0	0	1	0	0	5	0	0	0	0	0	0	0	0	1	0	0
1008_1009	TCGCGTTCAAAGGCGT-15	0	0	0	0	0	0	0	0	0	0	0	0	1	0	0	0	0	1	0	0
1008_1009	TTGGCAAGTGGTTTCA-15	0	0	0	0	0	0	0	0	0	0	0	0	0	0	0	0	0	0	0	0
1008_1009	TCGTACCTCCCATTAT-15	0	0	0	0	0	0	0	0	0	0	1	0	0	0	0	0	0	0	0	0
1008_1009	GCGAGAACAATGCCAT-15	0	0	0	0	0	0	0	0	0	0	1	0	0	0	0	1	0	0	0	0
1008_1009	GCGACCACACTGTCGG-15	0	0	0	0	0	0	0	0	0	0	0	0	0	0	0	0	0	0	0	0
1008_1009	CAGCTAAAGGCCCTTG-15	0	0	0	0	0	0	0	0	0	0	0	0	0	0	0	0	0	0	0	0
1008_1009	TCTATTGGTGCCTTGG-15	0	0	0	0	0	0	2	0	0	0	1	0	1	0	0	0	0	1	0	0
1008_1009	TTTCCTCGTATAGGTA-15	0	0	0	0	0	0	0	0	0	0	0	0	0	0	0	0	0	0	0	0
1008_1009	TCTCTAACAAGGACTG-15	0	0	0	0	0	0	0	0	0	0	0	0	0	0	0	0	0	2	0	0
1008_1009	CAGTAACTCAGAGGTG-15	0	0	0	0	0	0	0	0	0	0	0	0	0	0	0	0	0	1	0	0
1008_1009	TCTGAGATCATTGCCC-15	0	0	0	0	0	1	0	0	0	0	0	0	0	0	0	0	0	0	0	0
1008_1009	GAAACTCCACAACGCC-15	0	0	0	0	0	1	0	0	0	0	0	0	0	0	0	0	0	0	0	0
1008_1009	TCTGGAAGTGCAGTAG-15	0	0	0	0	0	0	0	0	0	0	1	0	0	0	0	1	0	0	0	0
1008_1009	CATATTCGTGCTTCTC-15	0	0	0	0	0	0	0	0	0	0	0	0	0	0	0	0	1	0	0	0
1008_1009	TTTGCGCTCACTATTC-15	0	0	0	0	0	0	1	0	0	0	0	0	1	0	0	0	0	1	0	1
1008_1009	GCACTCTTCAGCTCTC-15	0	0	0	0	0	0	0	0	0	0	0	0	1	0	0	0	0	0	0	1
1008_1009	CCGGGATGTCGCGTGT-15	0	0	0	0	0	1	0	0	0	0	0	0	0	0	0	0	0	1	0	0
1008_1009	CCCATACTCGTTACGA-15	0	0	0	0	0	0	0	0	0	0	0	0	0	0	0	0	0	1	1	0
1008_1009	GCATACAGTCTTGTCC-15	0	0	0	0	0	0	0	0	0	0	0	0	0	0	0	0	0	0	0	0
1008_1009	TGAGCCGAGCTGAAAT-15	0	0	0	0	0	0	0	0	0	0	1	0	0	0	0	0	0	0	0	0
1008_1009	TGAGAGGGTCAACATC-15	0	0	0	0	0	0	0	0	0	0	0	0	0	0	0	0	0	0	0	0
1008_1009	CTTGGCTGTCCAGTAT-15	0	0	0	0	0	0	0	0	0	0	0	0	1	0	0	0	0	0	0	0
1008_1009	CCATTCGTCTCTTATG-15	0	0	0	0	0	0	0	0	1	0	0	0	1	0	0	0	0	0	1	0
1008_1009	CCATTCGAGGCAAAGA-15	0	0	0	0	0	0	0	0	0	0	0	0	0	0	0	0	0	0	0	0
1008_1009	GACAGAGGTCTTGCGG-15	0	0	0	0	0	1	2	0	0	0	0	0	0	0	0	0	0	1	1	1
1008_1009	TGACAACTCCCAAGAT-15	1	0	0	0	0	1	1	0	0	0	0	0	0	0	0	0	0	0	0	0
1008_1009	TGAAAGAGTGCCTGCA-15	0	0	0	0	0	0	0	0	0	0	0	0	0	1	0	0	0	0	0	0
1008_1009	GAAGCAGAGGCCCTCA-15	0	0	0	0	0	0	1	0	0	0	1	0	0	0	0	0	0	0	0	0
1008_1009	TTTGGTTCACTAAGTC-15	0	0	0	0	0	0	1	0	0	0	0	0	0	0	0	0	0	0	0	0
1008_1009	TGACTAGGTTATCGGT-15	0	0	0	0	0	0	0	0	0	0	0	0	0	0	0	0	0	0	0	0
1008_1009	CTGTGCTCAGCGTAAG-15	0	0	0	0	0	0	0	0	0	0	0	0	0	0	0	0	0	0	0	0
1008_1009	CTCCTAGCATCAGTCA-15	0	0	0	0	0	0	1	0	0	0	0	0	0	0	0	0	0	2	0	0
1008_1009	TCCACACTCGTCCAGG-15	0	0	0	0	0	1	0	0	0	0	0	0	0	0	0	1	0	0	0	0
1008_1009	TCACGAAAGGCATTGG-15	0	0	0	0	0	1	0	0	0	0	0	0	0	0	0	0	0	1	0	0
1008_1009	TCACAAGTCGTGGTCG-15	0	0	0	1	0	0	2	0	0	0	0	0	1	0	0	0	0	2	0	0
1008_1009	ATCTGCCCAGACGCAA-15	0	0	0	0	0	0	0	0	0	0	0	0	0	0	0	0	0	0	0	0
1008_1009	TCACAAGCATCTCCCA-15	0	0	0	0	0	0	0	0	0	0	0	0	0	0	0	0	0	0	0	0
1008_1009	CTCGGGAAGTAGCCGA-15	0	0	0	0	0	0	1	0	0	0	1	0	0	0	0	0	0	1	0	0
1008_1009	TCAACGATCGGCATCG-15	0	0	0	0	0	0	1	0	0	0	0	0	0	0	0	0	0	0	0	0
1008_1009	CAGATCACACGAAATA-15	0	0	0	0	0	0	2	0	0	0	0	0	0	0	0	0	1	0	0	0
1008_1009	TTCGGTCGTCACAAGG-15	0	0	0	0	0	0	7	0	0	0	0	0	0	0	0	0	0	1	1	1
1008_1009	TATGCCCGTCATACTG-15	0	0	0	0	0	0	0	0	0	0	0	0	0	0	1	0	0	0	0	0
1008_1009	GACTACATCGGCTACG-15	0	0	0	0	0	0	0	0	0	0	0	0	0	0	1	0	0	0	0	0
1008_1009	CTCCTAGTCATAACCG-15	0	0	0	0	0	0	0	0	0	0	0	0	1	0	0	0	0	1	1	0
1008_1009	CCTAAAGGTCTCCACT-15	0	0	0	0	0	0	0	0	0	0	0	0	0	0	0	0	0	0	0	0
1008_1009	TATCAGGAGACAAGCC-15	0	0	0	0	0	1	0	0	0	0	0	0	1	0	0	0	0	0	0	0
1008_1009	ATAGACCAGATCCCAT-15	0	0	0	0	0	1	0	0	0	0	0	0	0	0	0	0	0	1	0	0
1008_1009	TTCGGTCAGCGATCCC-15	0	0	0	0	0	0	0	0	0	0	1	0	0	0	0	1	0	0	0	0
1008_1009	ATGTGTGAGTCAATAG-15	0	0	0	0	0	0	0	0	0	0	0	0	0	0	0	0	0	0	0	1
1008_1009	ATGGGAGTCGTAGGAG-15	0	0	0	0	0	0	0	0	0	0	1	0	0	0	0	1	0	0	0	0
1008_1009	GACTAACCATGGGAAC-15	0	0	0	0	0	0	0	0	0	0	0	0	0	0	0	0	0	1	0	0
1008_1009	CACTCCATCCCAGGTG-15	0	0	0	0	0	0	0	0	0	0	0	0	0	0	0	0	1	1	0	0
1008_1009	CACATTTCAAGTTGTC-15	0	0	0	0	0	0	0	0	0	0	0	0	0	0	0	0	0	0	0	1
1008_1009	CTGCTGTGTAGTACCT-15	0	0	0	0	0	0	0	0	0	0	0	0	0	0	0	0	0	0	0	0
1008_1009	CTGCTGTCATATGCTG-15	0	0	0	0	0	0	0	0	0	0	0	0	0	0	0	0	0	0	0	0
1008_1009	TCAGGTACATGTAAGA-15	0	0	0	0	0	0	0	0	0	0	0	0	0	0	1	0	0	1	0	0
1008_1009	TCAGGTAAGCACAGGT-15	0	0	0	0	0	0	0	0	0	0	0	0	0	0	0	0	0	1	0	0
1008_1009	CTGCGGACACATGACT-15	0	0	0	0	0	0	0	0	0	0	0	0	0	0	0	0	0	0	1	0
1008_1009	CAACTAGAGTACGATA-15	0	0	0	0	0	1	0	0	0	0	0	0	1	0	0	0	0	0	0	0
1008_1009	CTGATCCAGCCAGGAT-15	0	0	0	0	0	0	0	0	0	0	0	0	0	0	0	0	0	0	0	0
1008_1009	CAAGAAAAGACTGGGT-15	0	0	0	0	0	1	0	0	0	0	0	0	0	0	0	0	0	1	0	0
1009_1010	GAATGAAAGCCCAATT-15	0	0	0	0	0	0	0	0	0	0	0	0	0	0	0	0	0	0	0	0
1009_1010	CTTTGCGGTGATAAGT-15	0	0	0	0	0	0	1	0	0	0	0	0	0	0	0	1	0	1	0	0
1009_1010	CTACATTTCCAAACTG-15	0	0	0	0	0	0	0	0	0	0	0	0	1	0	0	0	0	1	0	0
1009_1010	CTCTAATTCACTTCAT-15	0	0	0	0	0	0	0	0	1	0	1	0	0	0	0	0	0	0	0	0
1009_1010	GAAATGAAGGTGCTAG-15	0	0	0	0	0	0	0	0	0	0	2	0	0	0	0	0	0	0	0	0
1009_1010	GGGCACTCATCGATTG-15	0	0	0	0	0	0	0	0	0	0	0	0	0	0	0	0	0	0	1	0
1009_1010	TTCTCAAAGGCTCATT-15	0	0	0	0	0	0	0	0	0	0	0	0	0	0	1	0	0	0	0	0
1009_1010	GGGCACTAGCGACGTA-15	0	0	0	0	0	0	0	0	0	0	0	0	0	0	0	0	0	0	0	0
1009_1010	GACGTGCAGTCTCAAC-15	0	0	0	0	0	0	1	0	0	0	0	0	1	0	1	0	0	0	0	0
1009_1010	CTTTGCGAGCTCAACT-15	0	0	0	0	0	0	0	0	0	0	1	0	0	0	0	0	0	0	0	0
1009_1010	CTACACCTCAGATAAG-15	0	0	0	0	0	0	1	0	0	0	0	0	0	0	0	0	0	0	0	0
1009_1010	GATCGTACATCGGTTA-15	0	0	0	0	0	0	1	0	0	0	0	0	0	0	0	0	0	0	0	0
1009_1010	ACCCACTTCAATCTCT-15	0	0	0	0	0	0	0	0	0	0	0	0	0	0	0	0	0	0	0	0
1009_1010	CCTACCAAGAGTAAGG-15	0	0	0	0	0	0	0	0	0	0	0	0	0	0	0	0	0	0	0	0
1009_1010	ACGGGTCTCAGCTGGC-15	0	0	0	0	0	0	0	0	0	0	0	0	0	0	0	0	0	0	0	0
1009_1010	ACGGGTCTCCAGATCA-15	0	0	0	0	0	0	1	0	0	0	0	0	1	0	0	3	0	0	0	0
1009_1010	ACTTGTTGTCCGAGTC-15	0	0	0	0	0	0	0	0	0	1	0	0	0	0	0	0	0	0	0	0
1009_1010	TACCTATTCTCTTGAT-15	0	0	0	0	0	1	1	0	0	1	0	1	0	0	0	0	0	1	0	0
1009_1010	TACTCATGTCCCGACA-15	0	0	0	0	0	0	0	0	0	0	0	0	0	0	0	0	0	0	0	0
1009_1010	TACTTACAGAAACGCC-15	0	0	0	0	0	0	0	0	0	0	0	0	0	0	0	0	0	0	0	0
1009_1010	TAGAGCTGTGGTCCGT-15	0	0	0	0	0	0	0	0	0	0	0	0	0	0	0	0	0	0	0	0
1009_1010	GTAGTCACACATGACT-15	0	0	0	0	0	0	0	0	0	0	0	0	0	0	0	0	0	0	0	0
1009_1010	TATGCCCGTTGGAGGT-15	0	0	0	0	0	0	0	0	0	0	0	0	0	0	0	0	0	0	0	0
1009_1010	GCGGGTTGTGGTAACG-15	0	0	0	0	0	0	0	0	0	0	0	0	0	0	0	0	0	0	0	0
1009_1010	ATTGGTGTCTACTTAC-15	0	0	0	0	0	0	0	0	0	0	0	0	0	1	0	0	0	1	0	0
1009_1010	CACAGGCTCAGTTTGG-15	0	0	0	0	0	0	0	0	0	0	0	0	0	0	0	1	0	0	0	0
1009_1010	CACAGGCTCGTAGGAG-15	0	0	0	0	0	0	0	0	0	0	0	0	0	0	0	0	0	0	0	0
1009_1010	CAGCAGCAGCAGCGTA-15	0	0	0	0	0	0	0	0	0	0	1	0	0	0	0	0	0	0	0	0
1009_1010	CAGCATAGTTGCTCCT-15	0	0	0	0	0	0	0	0	0	0	0	0	0	0	0	1	0	1	0	0
1009_1010	CAGCTGGCAAGGACAC-15	0	0	0	0	0	0	0	0	0	0	0	0	0	0	0	0	0	1	0	0
1009_1010	CAGTCCTCATTGGCGC-15	0	0	0	0	0	2	1	0	0	0	0	0	0	0	0	0	0	0	0	0
1009_1010	CATGACACAGTGGGAT-15	0	0	0	0	0	0	0	0	0	0	0	0	0	0	0	0	0	0	0	0
1009_1010	CATTATCTCTTGTTTG-15	0	0	0	0	0	0	1	0	0	0	0	0	1	0	0	0	0	0	0	0
1009_1010	CCACCTAAGCCCAATT-15	0	0	0	0	0	0	0	0	0	0	0	0	0	0	0	0	0	0	0	0
1009_1010	CCGGGATTCATCATTC-15	0	0	0	0	0	1	1	0	0	0	1	0	1	2	0	0	0	0	0	0
1009_1010	TAAGCGTCAGTCAGCC-15	0	0	0	0	0	0	0	0	0	0	0	0	0	0	0	0	0	0	0	0
1009_1010	GTTCATTTCTCCCTGA-15	0	0	0	0	0	0	1	0	0	0	0	0	0	0	0	0	0	0	0	0
1009_1010	GCTGCTTAGAATCTCC-15	0	0	0	0	0	0	0	0	0	0	0	0	1	0	0	0	0	0	1	0
1009_1010	TGCCCATCACTTACGA-15	0	0	0	0	0	0	0	0	0	0	0	0	0	0	0	0	0	0	0	0
1009_1010	AAGGCAGGTCAATACC-15	0	0	0	0	0	0	0	0	0	0	0	0	1	0	0	0	0	2	0	0
1009_1010	GGCGACTAGGCTATCT-15	0	0	0	0	0	0	0	0	0	0	0	0	0	0	0	0	0	0	0	0
1009_1010	ACCCACTCACTACAGT-15	0	0	0	0	0	0	0	0	0	0	0	0	0	0	0	0	0	0	0	0
1009_1010	AAACGGGCACAAGCCC-15	0	0	0	0	0	0	0	0	0	0	0	0	0	0	1	0	0	0	0	0
1009_1010	GTGGGTCCAAACCCAT-15	0	0	0	0	0	0	0	0	0	0	1	0	0	0	0	3	0	0	0	0
1009_1010	ACACCGGGTCTAGAGG-15	0	0	0	0	0	0	0	0	0	0	0	0	1	0	0	1	0	1	0	0
1009_1010	GTCGTAACACAGATTC-15	0	0	0	0	0	0	0	0	0	0	1	0	0	0	1	0	0	0	0	0
1009_1010	GGACAAGGTTCACCTC-15	0	0	0	0	0	0	0	0	0	0	0	0	0	0	0	0	0	0	1	0
1009_1010	ACGATGTAGCGTCAAG-15	0	0	0	0	0	1	1	0	0	0	0	0	1	0	0	0	1	0	0	1
1009_1010	GGATTACTCTGCAGTA-15	0	0	0	0	0	0	0	0	0	0	0	0	0	0	0	0	0	0	0	0
1010_1011	GCGAGAATCATGCAAC-15	0	0	0	0	0	1	0	0	0	0	0	0	0	0	0	0	1	1	1	0
1010_1011	CGAGAAGCATCGGACC-15	0	0	0	0	0	0	0	0	0	0	0	0	0	0	0	0	0	1	0	0
1010_1011	CAGCAGCTCGCGTAGC-15	0	0	0	1	0	0	0	0	0	0	0	0	0	0	0	0	0	2	0	0
1010_1011	CAGCTAACAGCCAGAA-15	0	0	0	0	0	0	0	0	0	0	1	0	0	0	0	0	0	0	0	0
1010_1011	CAGCAGCGTTAAGTAG-15	0	0	0	0	0	0	1	0	0	0	0	0	1	0	0	1	0	0	0	0
1010_1011	ACGGAGAGTGTCAATC-15	0	0	0	0	0	0	0	0	0	0	1	0	0	0	0	0	0	0	0	0
1010_1011	GAACCTAGTCCATCCT-15	0	0	0	0	0	0	0	0	0	0	1	0	0	0	0	0	0	0	0	0
1010_1011	GAACCTAAGCCTATGT-15	0	0	0	0	0	0	0	0	0	0	0	0	0	0	0	0	0	0	0	0
1010_1011	CATCGGGTCGGACAAG-15	0	0	0	0	0	1	0	0	0	0	0	0	0	0	0	0	0	1	0	0
1010_1011	AAATGCCAGCACAGGT-15	0	0	0	0	0	0	0	0	0	0	0	0	0	0	0	0	0	0	0	0
1010_1011	CATGCCTTCAGTTCGA-15	0	0	0	0	0	0	0	0	0	0	0	0	0	0	0	0	0	0	0	0
1010_1011	CCAATCCGTTGAGTTC-15	0	0	0	0	0	0	1	0	0	0	2	0	0	0	0	0	0	0	0	0
1010_1011	CCTTTCTTCAAGATCC-15	0	0	0	0	0	0	1	0	0	0	0	0	0	0	0	1	0	1	0	0
1010_1011	CCATTCGTCTTGTACT-15	0	0	0	0	0	0	0	0	0	0	1	0	0	0	0	0	0	0	0	0
1010_1011	CCCAATCAGGTAAACT-15	0	0	0	0	0	0	0	0	0	0	0	0	0	0	0	0	0	0	0	0
1010_1011	CCCAGTTGTACAGTTC-15	0	0	0	0	0	0	1	0	0	0	0	0	0	0	0	0	0	0	0	0
1010_1011	GCAAACTTCCGAAGAG-15	0	0	0	0	1	0	0	0	0	0	0	0	0	0	0	0	0	0	0	0
1010_1011	CATCAGATCCCTCTTT-15	0	0	0	0	0	0	0	0	0	0	0	0	0	0	1	0	0	0	0	0
1010_1011	GATCTAGCACTCGACG-15	0	0	0	0	0	0	0	0	0	0	0	0	0	0	0	0	0	0	0	0
1010_1011	CTGCGGAAGATGCCAG-15	0	0	0	0	0	0	1	0	0	0	0	0	0	0	0	0	0	0	0	0
1010_1011	GACTAACCAAGGGTCA-15	0	0	0	0	0	0	0	0	0	0	0	0	0	0	0	0	0	1	0	0
1010_1011	GGAAAGCTCCTTCAAT-15	0	0	0	0	0	0	0	0	0	0	0	0	0	0	0	0	0	0	0	0
1010_1011	GGAAAGCGTTACGGAG-15	0	0	0	0	0	0	1	0	0	0	0	0	0	0	0	0	0	1	0	0
1010_1011	ACGATACGTAGAGTGC-15	0	0	0	0	1	0	0	0	0	0	0	0	0	0	0	1	0	0	0	0
1010_1011	CGTTGGGCAGTTTACG-15	0	0	0	0	0	0	0	0	0	0	0	0	0	0	0	0	0	0	0	0
1010_1011	ACGAGCCCAGATCTGT-15	0	0	0	0	0	1	0	0	2	0	0	0	1	0	0	1	0	2	0	0
1010_1011	ACCTTTAGTACTTAGC-15	0	0	0	0	0	1	0	0	0	0	0	0	0	0	0	0	0	0	1	0
1010_1011	AGCTCCTAGAATAGGG-15	0	0	0	0	0	0	0	0	0	0	0	0	0	0	0	0	0	0	0	0
1010_1011	AGGTCCGGTTTGTTTC-15	1	0	0	0	0	0	1	0	0	0	0	0	0	0	0	0	0	1	0	0
1010_1011	CCTACACTCCTTGACC-15	0	0	0	0	0	0	1	0	0	0	0	0	0	0	0	1	0	0	0	0
1010_1011	GGATTACCATCACCCT-15	0	0	0	0	0	0	0	0	0	0	0	0	0	0	0	0	0	0	0	0
1010_1011	ACACTGACACTGTGTA-15	0	0	0	0	0	0	0	0	0	0	0	0	0	0	0	1	0	0	1	0
1010_1011	ATCATGGAGGACATTA-15	0	0	0	0	0	1	0	0	0	0	0	0	0	0	0	0	0	0	0	0
1010_1011	CTCGAGGGTCCGAATT-15	0	0	0	0	0	1	0	0	0	0	0	0	1	0	0	0	0	1	0	0
1010_1011	GCGGGTTTCTCACATT-15	0	0	0	0	0	0	0	0	0	0	0	0	0	0	0	0	0	0	0	0
1010_1011	ATCGAGTCAATAAGCA-15	0	0	0	0	0	0	0	0	0	0	1	0	0	0	0	0	0	0	0	0
1010_1011	CTCGTCAAGTGTCTCA-15	0	0	0	0	1	0	0	0	0	0	2	0	0	0	0	0	0	1	0	0
1010_1011	AATCGGTAGGGCTTGA-15	0	0	0	0	0	0	0	0	0	0	0	0	0	0	0	0	0	0	0	0
1010_1011	ATGTGTGTCTTGTTTG-15	0	0	1	0	0	0	1	0	0	0	0	0	0	0	0	0	0	0	0	0
1010_1011	CAACCTCCAGTCCTTC-15	0	0	0	0	0	0	0	0	0	0	0	0	0	0	0	0	0	0	0	0
1010_1011	CACACCTCAAGGACAC-15	0	0	0	0	0	1	0	0	0	0	0	0	0	0	0	0	0	0	1	0
1010_1011	ATCACGATCGGAGGTA-15	0	0	0	0	0	0	0	0	0	0	0	0	1	0	0	1	0	0	0	0
1010_1011	CCTAAAGCACCAGCAC-15	0	0	0	0	0	0	0	0	0	0	0	0	0	0	0	1	0	0	0	0
1010_1011	GACACGCGTAACGACG-15	0	0	0	0	0	0	1	0	0	0	0	0	0	0	0	0	0	1	0	0
1010_1011	TGCACCTGTCACTTCC-15	0	0	0	0	0	0	0	0	0	0	1	0	0	0	0	0	0	0	0	0
1010_1011	TGCCAAAGTATAGGGC-15	0	0	0	0	0	0	0	0	0	0	1	0	0	0	0	0	0	0	0	0
1010_1011	TACACGACACAACTGT-15	0	0	0	0	0	0	0	0	0	0	0	0	0	0	0	0	0	0	0	0
1010_1011	TCAGCAATCAGTGCAT-15	0	0	0	0	0	0	0	0	0	0	0	0	0	0	0	0	0	0	0	0
1010_1011	GTCACAAAGACGACGT-15	0	0	0	0	0	0	0	0	0	0	0	0	0	0	0	0	0	0	0	0
1010_1011	TCGGGACAGAAGCCCA-15	0	0	0	0	0	0	0	0	0	0	0	0	0	0	0	0	0	0	0	0
1010_1011	TCAGATGGTAGGGTAC-15	0	0	0	0	0	0	0	0	0	0	0	0	0	0	0	0	0	0	0	0
1010_1011	GTCATTTGTCGCGGTT-15	0	0	0	0	0	0	1	1	0	0	0	0	0	0	0	0	0	0	0	0
1010_1011	TACTTACAGTACTTGC-15	0	0	0	0	0	0	0	0	0	0	0	0	0	0	0	0	0	0	0	0
1010_1011	TCGCGTTAGCCCGAAA-15	0	0	0	0	0	0	0	0	0	0	0	0	0	0	0	0	0	0	0	0
1010_1011	TCTCATAGTGTGACCC-15	0	0	0	0	0	0	0	0	0	0	0	0	0	0	0	0	0	0	0	0
1010_1011	GGGAATGTCCTATGTT-15	0	0	0	0	0	1	0	0	0	0	0	0	0	0	0	0	0	0	0	0
1010_1011	TCTCTAACACACATGT-15	0	0	0	0	0	0	0	0	0	0	0	0	0	0	0	0	0	0	0	0
1010_1011	TGGCCAGTCGGAGGTA-15	0	0	0	0	0	0	0	0	0	0	0	0	0	0	0	0	0	1	0	0
1010_1011	GTAGGCCTCACTTATC-15	0	0	0	0	0	0	2	0	0	0	0	0	0	0	0	0	0	0	0	0
1010_1011	TTTGGTTCAGGACGTA-15	0	0	0	0	0	0	0	0	0	0	1	0	0	0	0	0	0	1	0	0
1010_1011	TGCACCTAGAGTACAT-15	0	0	0	0	0	0	0	0	0	0	0	0	0	0	0	0	0	0	0	1
1010_1011	GTGAAGGGTTCGCTAA-15	1	0	0	0	0	0	0	0	0	0	1	0	0	0	0	0	0	0	0	0
1010_1011	GTAACTGAGTACGTTC-15	0	0	0	0	0	0	0	0	0	0	0	0	0	0	0	0	0	0	0	0
1010_1011	GTCACAACACCGCTAG-15	1	0	0	0	0	0	0	0	0	0	0	0	0	0	0	0	0	0	1	0
1010_1011	TCGAGGCCAGTGGGAT-15	0	0	0	0	0	0	0	0	0	0	0	0	0	0	0	0	0	1	0	0
1010_1011	GGTGAAGGTCGTTGTA-15	0	0	0	1	0	0	0	0	0	0	0	0	0	0	0	0	0	0	0	0
1010_1011	GGTGAAGCACGTAAGG-15	0	0	0	0	0	0	0	0	0	0	0	0	1	0	0	0	0	1	0	0
1010_1011	GTTCTCGCAGCCTTTC-15	0	0	0	0	0	0	0	0	0	0	0	0	0	0	0	0	0	0	0	0
1010_1011	GTCGTAAAGGCATGTG-15	0	0	0	0	0	0	0	0	0	0	1	0	1	1	0	0	0	1	0	0
1010_1011	GTTCATTTCCTCCTAG-15	0	0	0	0	0	0	0	0	0	0	0	0	0	0	0	0	0	0	0	0
1010_1011	TTCGGTCTCGGTGTTA-15	0	0	0	0	0	0	0	0	0	0	0	0	0	0	0	0	0	0	0	0
1010_1011	GTCGTAAAGACGCTTT-15	0	0	0	0	0	0	1	0	0	0	0	0	0	0	0	0	0	0	0	0
1010_1011	TCAGCTCGTTCCCGAG-15	0	0	0	0	0	0	0	0	0	0	0	0	0	0	0	0	0	0	0	0
1010_1011	GTGCATAGTGCGCTTG-15	0	0	0	0	0	0	0	0	0	0	0	0	0	0	0	0	0	0	0	0
1011_1012	CAGATCAGTTAAGACA-15	0	0	0	0	0	0	0	0	0	0	0	0	0	0	0	0	0	0	0	0
1011_1012	TCCACACTCTTCAACT-15	0	1	0	0	0	0	0	0	0	0	0	0	1	0	0	0	0	0	0	0
1011_1012	TCGCGAGCATGATCCA-15	0	0	0	0	0	0	0	0	1	0	2	0	0	0	0	0	0	0	0	0
1011_1012	TCGTAGAAGCCTATGT-15	0	0	0	0	0	1	0	0	0	0	0	0	0	0	0	0	0	0	0	0
1011_1012	CAGCTAACAAACAACA-15	0	0	1	0	0	0	1	0	0	0	0	0	0	0	0	0	0	1	0	0
1011_1012	CTCGTACAGGGTATCG-15	0	0	0	0	0	0	0	0	0	0	0	0	0	1	1	0	0	0	0	0
1011_1012	CAGCTGGAGTCAATAG-15	0	0	0	0	0	0	0	0	0	0	0	0	0	0	0	0	0	0	0	0
1011_1012	GCCTCTATCGTTACAG-15	0	0	0	0	0	0	0	0	0	0	0	0	1	0	0	0	0	1	1	0
1011_1012	GCCTCTATCAGTCCCT-15	0	0	0	0	0	1	0	0	0	0	1	0	0	0	0	0	0	0	0	0
1011_1012	CATATGGCAAGCCCAC-15	0	0	0	0	0	0	0	0	0	0	0	0	0	0	0	0	0	1	0	0
1011_1012	CATCAAGAGCACCGCT-15	0	0	0	0	0	0	0	0	0	0	0	0	0	0	0	0	0	0	0	0
1011_1012	CATCAAGCAGGTCCAC-15	0	0	0	0	0	0	0	0	0	0	0	0	0	0	0	0	0	0	0	0
1011_1012	CATCAGAGTGATGTCT-15	0	0	0	0	0	0	0	0	0	0	0	0	0	0	0	0	0	0	1	0
1011_1012	GCCAAATGTGATGATA-15	0	0	0	0	0	0	0	0	0	0	0	0	0	0	0	0	0	1	1	0
1011_1012	CATCGAAGTGTAACGG-15	0	0	0	0	0	0	0	0	0	0	0	0	1	0	0	0	0	1	0	0
1011_1012	GCCAAATCAATGCCAT-15	0	0	0	0	0	0	0	0	0	0	1	0	0	0	0	0	0	0	0	1
1011_1012	GCGAGAAGTCTTTCAT-15	0	0	0	0	0	0	0	0	0	0	0	0	0	0	0	0	0	0	0	0
1011_1012	CAGAATCTCCTTAATC-15	0	0	0	0	0	0	0	0	0	0	0	0	0	1	0	0	0	0	0	0
1011_1012	CACATAGTCCCAAGTA-15	0	0	0	0	0	0	0	0	0	0	0	0	0	0	0	0	0	0	0	0
1011_1012	CACCAGGTCAGCATGT-15	0	0	0	0	0	0	0	0	0	0	0	0	0	0	0	0	0	2	0	0
1011_1012	ATTATCCGTTTGGCGC-15	0	0	0	0	0	0	0	0	0	0	0	0	0	0	0	0	0	0	0	0
1011_1012	ATTATCCCACTTAACG-15	0	0	0	0	0	0	0	0	0	0	0	0	1	0	0	0	0	0	0	0
1011_1012	ATGTGTGAGTGACTCT-15	0	0	0	0	0	0	0	0	0	0	0	0	0	0	0	0	0	0	0	0
1011_1012	CTCTGGTCATCGGTTA-15	0	0	0	0	0	0	0	0	0	0	0	0	0	0	0	0	0	0	0	0
1011_1012	CTGAAGTCACGGCTAC-15	0	0	0	0	0	0	0	0	0	0	0	0	1	0	0	1	0	0	0	0
1011_1012	ATGGGAGGTCATTAGC-15	0	0	0	0	0	0	0	0	0	0	0	0	0	0	0	1	0	0	0	0
1011_1012	ATGGGAGCATACTACG-15	0	0	0	0	0	0	0	0	0	0	0	0	0	0	0	0	0	0	0	0
1011_1012	ATGCGATTCTGCAGTA-15	0	0	0	0	0	0	0	0	0	0	0	0	0	0	0	0	0	1	0	0
1011_1012	ATGCGATGTAGCTGCC-15	0	0	0	0	0	0	0	0	0	0	0	0	1	0	0	0	0	0	0	0
1011_1012	ATCTGCCTCGCGTTTC-15	0	0	0	0	0	0	0	0	0	0	0	0	0	0	0	0	0	0	0	0
1011_1012	TCACAAGGTATTCGTG-15	0	0	0	0	0	0	0	0	0	0	0	0	0	0	0	0	0	0	0	0
1011_1012	ATCTGCCAGAAGGACA-15	0	0	0	0	0	0	0	0	0	0	0	0	0	0	0	0	0	0	0	0
1011_1012	TCAACGAGTAGCTCCG-15	0	0	0	0	0	0	0	0	0	0	0	0	0	0	0	0	0	0	0	0
1011_1012	ATCCACCAGCCGGTAA-15	0	0	0	0	0	1	0	0	0	0	0	1	0	0	0	0	0	0	0	0
1011_1012	CTGATCCGTGACGCCT-15	0	0	0	0	0	1	0	0	0	0	0	0	0	0	0	0	0	0	0	0
1011_1012	GCGGGTTCAGCTTCGG-15	0	0	0	0	0	0	0	0	0	0	1	0	0	0	0	0	0	0	0	0
1011_1012	TCATTACGTGTTGGGA-15	0	0	0	0	0	0	1	0	0	0	0	0	1	0	0	0	0	1	0	0
1011_1012	ATTGGACTCCTCAACC-15	0	0	0	0	0	0	0	0	0	0	0	0	1	0	1	0	0	0	0	0
1011_1012	GCGCAGTTCAATCTCT-15	0	0	0	0	0	1	1	0	0	0	0	0	0	0	0	0	0	0	0	0
1011_1012	CACCAGGCAAGTTAAG-15	0	0	0	1	0	0	1	0	0	0	0	0	0	0	0	1	0	1	1	0
1011_1012	GACTAACGTGTATGGG-15	0	0	1	0	0	0	0	0	0	0	0	0	0	0	0	0	0	2	0	0
1011_1012	CACATTTGTGCTCTTC-15	0	0	0	0	0	0	0	0	0	0	1	0	0	0	0	0	0	0	0	0
1011_1012	CTCTAATCATCACAAC-15	0	0	0	0	0	0	0	0	0	0	0	0	1	0	1	0	0	1	1	0
1011_1012	TCTTTCCTCATCATTC-15	0	0	0	0	0	0	0	0	0	0	0	0	0	0	0	0	0	0	0	0
1011_1012	CACAGTATCACTATTC-15	0	0	0	0	0	0	0	0	0	0	1	0	0	0	0	0	0	0	0	0
1011_1012	TCAGGTATCGCAGGCT-15	0	0	0	0	0	0	0	0	0	0	0	0	0	0	0	0	0	0	0	0
1011_1012	TCAGGTAGTCCCTTGT-15	0	0	0	0	0	0	0	0	0	0	0	0	0	0	0	0	0	1	0	0
1011_1012	CACACTCTCGTAGGTT-15	0	0	0	0	0	0	0	0	0	0	0	0	0	0	0	0	0	1	0	0
1011_1012	TCAGGTAAGGACTGGT-15	0	0	0	0	0	0	0	0	0	0	0	0	2	0	0	1	0	0	0	0
1011_1012	CACACAACAAGCCGCT-15	0	0	0	0	0	0	0	0	0	0	0	0	0	0	0	0	0	1	0	0
1011_1012	CACAAACGTAACGACG-15	0	0	0	0	0	0	0	0	0	0	0	0	0	0	0	0	0	0	0	0
1011_1012	CAAGGCCTCGCGCCAA-15	0	0	0	0	0	0	0	0	0	0	0	0	0	0	0	0	0	0	0	0
1011_1012	CAACTAGCACGAAAGC-15	0	0	0	0	0	1	0	0	0	0	0	0	0	0	0	0	0	0	0	0
1011_1012	CAACTAGCAAACTGCT-15	0	0	0	0	0	0	0	0	0	0	0	0	0	1	0	0	0	0	0	0
1011_1012	CTAAGACCATCAGTAC-15	0	0	0	0	0	0	0	0	0	0	0	0	0	0	0	0	0	0	0	0
1011_1012	CATTATCTCATCGGAT-15	0	0	0	0	0	0	1	0	0	0	1	0	0	0	0	0	0	1	0	0
1011_1012	TGACTAGAGTACGATA-15	0	0	0	0	0	0	0	0	0	0	0	0	0	0	0	0	0	1	0	0
1011_1012	CATTCGCGTTGAACTC-15	0	0	0	0	0	0	0	0	0	0	1	0	0	0	0	0	0	0	1	0
1011_1012	TGGCGCAAGTAACCCT-15	0	0	0	0	0	0	0	0	0	0	0	0	0	0	0	0	0	0	0	0
1011_1012	GATGCTATCAAAGACA-15	0	0	0	0	0	0	0	0	0	1	0	0	0	0	0	0	0	0	1	0
1011_1012	GATGCTAGTATTAGCC-15	0	0	0	0	0	0	1	0	0	0	0	0	0	0	0	0	0	0	0	0
1011_1012	CGATGGCCATCTGGTA-15	0	0	0	0	0	0	0	0	0	0	0	0	0	0	0	0	0	1	0	0
1011_1012	CTAGAGTAGCCCAACC-15	0	0	1	0	0	0	0	0	0	0	0	0	0	0	0	0	0	0	0	0
1011_1012	CGATGTATCAGTGTTG-15	0	0	0	0	0	1	0	0	0	0	0	0	0	0	0	0	0	1	0	0
1011_1012	CGATTGACATTACCTT-15	0	0	0	0	0	0	0	0	0	0	0	0	0	0	0	0	0	1	0	0
1011_1012	TTCCCAGCATAAGACA-15	0	0	0	0	0	0	0	0	0	0	0	0	0	0	0	0	0	1	0	0
1011_1012	CGCGGTACATCTGGTA-15	0	0	0	0	0	0	0	0	0	0	0	0	0	0	0	0	0	0	0	0
1011_1012	CGCGTTTGTGGTCCGT-15	0	0	0	0	0	0	0	0	0	0	0	0	0	0	0	0	0	0	0	0
1011_1012	CGCTATCAGACGCACA-15	0	0	0	0	0	0	0	0	0	0	2	0	0	0	0	0	0	0	0	0
1011_1012	CGCTGGATCAGCAACT-15	0	0	0	0	0	0	0	0	0	0	0	0	0	0	0	0	0	0	0	0
1011_1012	GAGCAGACATGCCACG-15	0	0	0	0	0	0	0	0	0	0	0	0	0	0	0	0	0	0	0	0
1011_1012	CGCTTCAAGGACATTA-15	0	0	0	0	0	0	0	0	0	0	0	0	0	0	0	1	0	0	0	0
1011_1012	TGGTTAGGTCATATCG-15	0	0	0	0	0	0	0	0	0	0	0	0	0	1	0	0	0	0	0	0
1011_1012	CGGACGTAGTTCGATC-15	0	0	0	0	0	0	1	0	0	0	0	0	0	0	0	0	0	0	0	0
1011_1012	CGGACGTCAAGGTTTC-15	0	0	0	1	0	0	0	0	0	0	0	0	0	0	0	0	0	0	0	0
1011_1012	TGTGTTTCAGGTGGAT-15	0	0	0	0	0	0	0	0	0	0	0	0	0	0	0	0	0	0	0	0
1011_1012	TGTGTTTAGCAATATG-15	0	0	0	0	0	0	0	0	0	0	0	0	0	0	0	0	0	1	0	0
1011_1012	CGTGTCTTCATCTGTT-15	0	0	0	0	0	0	0	0	0	0	0	0	0	0	0	0	0	1	0	0
1011_1012	CGTGAGCGTTCAGGCC-15	0	0	0	0	0	0	0	0	0	0	0	0	0	0	0	1	0	1	0	0
1011_1012	CGTGAGCCATGAGCGA-15	0	0	0	0	0	0	0	0	0	0	0	0	0	1	0	0	0	0	0	0
1011_1012	TGTTCCGAGAGGGATA-15	0	0	0	0	0	0	0	0	0	0	0	0	1	0	0	0	0	0	0	0
1011_1012	CGAGCACCACCTGGTG-15	0	0	0	0	0	0	0	0	0	0	0	0	0	0	0	0	0	1	0	0
1011_1012	CGTCCATGTTTACTCT-15	0	0	0	0	0	0	1	0	0	0	0	0	0	0	0	0	0	1	0	0
1011_1012	TTAGTTCCAAGTACCT-15	0	0	0	0	0	0	0	0	0	0	0	0	0	0	0	0	0	0	0	0
1011_1012	CGGTTAAGTTGTGGAG-15	0	0	0	0	0	0	0	0	0	0	0	0	0	0	0	0	0	0	0	0
1011_1012	CGGGTCAAGGCTCAGA-15	0	0	0	0	0	0	0	0	0	1	0	0	0	0	0	1	0	0	0	0
1011_1012	GAGTCCGGTGCCTGCA-15	0	0	0	0	0	0	0	0	0	0	0	0	0	0	0	0	0	0	0	0
1011_1012	TGTCCCAGTACAGACG-15	0	0	0	0	0	0	0	0	0	0	0	0	0	0	0	0	0	0	0	0
1011_1012	CGGAGTCTCGCTTAGA-15	0	0	0	0	0	0	0	0	0	0	0	0	0	0	0	0	1	0	0	0
1011_1012	GAGTCCGCATTCCTCG-15	0	0	0	1	0	0	0	0	0	0	0	0	0	0	0	0	0	0	0	0
1011_1012	CGAGAAGAGACCCACC-15	0	0	0	0	0	0	1	0	0	0	0	0	0	0	0	0	0	1	0	0
1011_1012	CGACCTTCACGGTTTA-15	0	0	0	0	0	1	0	0	0	0	0	0	0	0	0	0	0	0	0	0
1011_1012	GCAAACTGTCTCTCTG-15	0	0	0	0	0	0	0	0	0	0	0	0	0	0	0	0	0	0	0	0
1011_1012	CCCATACGTGCCTTGG-15	0	0	0	0	0	0	1	0	0	0	0	0	0	0	0	0	0	1	0	0
1011_1012	CCCATACCATCCAACA-15	1	0	0	0	0	0	0	0	0	0	0	0	0	0	0	0	0	1	0	0
1011_1012	TGCACCTAGTCGTACT-15	0	0	0	0	0	0	0	0	0	0	0	0	0	0	0	0	0	0	1	0
1011_1012	CCCAGTTCACGCTTTC-15	0	0	0	0	0	0	0	0	0	1	0	0	0	0	0	0	0	0	0	0
1011_1012	CCCAATCTCGAATGGG-15	0	0	0	0	0	0	0	0	0	0	0	0	0	0	0	0	0	0	0	0
1011_1012	CCCAATCAGACAAAGG-15	0	0	0	0	0	0	0	0	0	0	0	0	0	0	0	0	0	0	0	0
1011_1012	CCCATACTCCTGCCAT-15	0	0	0	0	0	0	0	0	0	0	0	0	0	0	0	0	0	0	0	0
1011_1012	TGACTTTGTGACTACT-15	0	0	0	0	0	1	0	0	0	0	0	0	0	0	0	0	0	0	0	0
1011_1012	TATCAGGTCTGCGGCA-15	1	0	0	1	0	0	0	0	0	0	0	0	0	0	0	0	1	0	0	0
1011_1012	GCATACAGTTATGTGC-15	0	0	0	0	0	0	0	0	0	0	0	0	0	0	0	0	0	1	0	0
1011_1012	TTCGAAGGTCAAAGCG-15	0	0	0	0	0	0	0	0	0	0	0	0	1	0	0	0	0	0	0	0
1011_1012	CCACGGAGTGTGCGTC-15	0	0	0	0	0	0	0	0	0	0	0	0	0	0	0	0	0	0	0	0
1011_1012	CCACGGAGTGGTTTCA-15	0	0	0	0	0	0	0	0	0	0	0	0	0	0	0	0	0	1	0	0
1011_1012	TGACGGCTCTGTTTGT-15	0	0	0	0	0	0	0	0	0	0	0	0	0	0	0	0	0	0	0	0
1011_1012	CCATTCGCAGACGCTC-15	0	0	0	0	0	0	0	0	0	0	0	0	0	0	0	0	0	0	0	0
1011_1012	CATTCGCCACAGCGTC-15	0	0	0	0	0	0	1	0	0	0	0	0	0	0	0	0	0	0	0	0
1011_1012	CCCTCCTAGATATACG-15	1	0	0	0	0	0	0	0	0	0	0	0	0	0	0	0	0	1	0	0
1011_1012	CCCTCCTGTAGGGACT-15	0	0	0	0	0	0	0	0	0	0	0	0	0	0	0	0	0	0	0	0
1011_1012	CGAATGTAGCCAGGAT-15	0	0	0	0	0	0	0	0	0	0	0	0	0	0	0	0	0	0	0	1
1011_1012	GACTGCGCAAGTCATC-15	0	0	0	0	0	0	1	0	0	0	0	0	0	0	0	0	0	0	0	0
1011_1012	CCTTCGACAGCTGTGC-15	0	0	0	0	0	0	1	0	0	0	0	0	1	0	0	0	0	0	0	0
1011_1012	CCTTCCCGTGGCGAAT-15	0	0	0	0	0	0	0	0	0	0	0	0	0	0	0	0	0	2	0	0
1011_1012	TGCGGGTAGTTGTCGT-15	0	0	0	0	0	0	0	0	0	0	1	0	0	0	0	0	0	0	0	0
1011_1012	GCACTCTGTTAGAACA-15	0	0	0	0	1	0	0	0	0	0	0	0	0	0	0	0	0	0	0	0
1011_1012	GCACTCTTCATGCAAC-15	0	0	0	0	0	1	0	0	0	0	0	0	1	0	0	0	0	0	0	0
1011_1012	TGCGCAGCACACCGCA-15	0	0	0	0	0	0	0	0	0	0	1	0	0	0	0	0	0	1	0	0
1011_1012	TGCCCATTCTCTGTCG-15	0	0	0	0	0	0	0	0	0	0	0	0	0	0	0	0	0	0	0	0
1011_1012	TGCCAAATCCACGTGG-15	0	0	0	0	0	1	0	0	0	0	0	0	1	1	0	0	0	0	1	0
1011_1012	CCGTACTGTTAGTGGG-15	0	0	0	0	0	0	0	0	0	0	0	0	0	1	0	0	0	0	0	0
1011_1012	CCGGTAGCAGCTTAAC-15	0	0	0	0	0	0	0	0	0	0	0	0	0	0	0	0	0	0	0	0
1011_1012	CCGGGATTCTGCAAGT-15	0	0	0	0	0	0	0	0	0	0	1	0	0	0	0	0	0	0	0	0
1011_1012	TGCACCTTCCGCTGTT-15	0	0	0	0	0	0	0	0	0	0	0	0	0	0	0	0	0	0	0	0
1011_1012	TGCCCTATCTGAGGGA-15	0	0	0	0	0	0	0	0	0	0	0	0	0	0	1	0	0	0	0	0
1011_1012	TTCTTAGGTGCGATAG-15	0	0	0	0	0	0	1	0	0	0	0	0	0	0	0	0	0	1	0	0
1011_1012	ATTTCTGTCATACGGT-15	0	0	0	0	0	0	0	0	0	0	0	0	0	0	0	0	0	0	0	0
1011_1012	CTAAGACTCAGGCCCA-15	0	0	0	0	0	1	0	0	0	0	0	0	0	0	0	0	0	0	0	0
1011_1012	ACGGGCTAGCGCCTCA-15	0	0	0	0	0	0	5	0	0	0	0	0	0	0	0	0	0	0	0	0
1011_1012	GTTCTCGGTGAGGGTT-15	0	0	0	0	0	0	0	0	0	0	0	0	0	0	0	0	0	1	0	0
1011_1012	CTTAGGATCCCTCAGT-15	0	0	0	0	0	0	0	0	0	0	0	0	0	0	0	0	0	1	0	0
1011_1012	AACGTTGGTCATACTG-15	0	0	0	0	0	1	0	0	0	0	0	0	0	0	0	0	0	0	0	0
1011_1012	AACCATGTCTACCAGA-15	0	0	0	0	0	0	0	0	0	0	0	0	0	1	0	0	0	1	0	0
1011_1012	ACGGGTCCACACCGAC-15	0	0	0	0	0	0	0	0	0	0	0	0	0	0	0	0	0	0	0	0
1011_1012	CTGTGCTTCTGGTGTA-15	0	0	0	0	0	0	1	0	0	0	1	0	0	0	1	0	0	0	1	0
1011_1012	AAATGCCCAGCTGTAT-15	0	0	0	0	0	0	0	0	0	0	0	0	0	0	0	1	0	1	0	0
1011_1012	TAAGTGCAGTTACCCA-15	0	0	0	0	0	0	0	0	0	0	0	0	0	0	0	0	1	1	0	0
1011_1012	GGCGTGTCAATCTGCA-15	0	0	0	0	0	0	0	0	0	0	0	0	0	0	1	1	0	0	1	0
1011_1012	ACTGAACCAAGGCTCC-15	0	0	0	0	0	0	0	0	0	0	0	0	0	0	0	0	0	0	0	0
1011_1012	GTCAAGTGTGTTTGTG-15	0	0	0	0	0	0	0	0	0	0	0	0	0	0	0	0	0	1	0	0
1011_1012	ACTGAGTCATTGGCGC-15	0	0	0	0	1	0	0	0	0	0	0	0	0	0	0	0	0	0	0	0
1011_1012	AAAGTAGTCCTTAATC-15	0	0	0	1	0	0	0	0	0	0	0	0	0	0	0	0	0	0	0	0
1011_1012	AAAGCAATCCGTTGTC-15	0	0	0	0	0	0	0	0	0	0	0	0	0	0	0	0	0	0	0	0
1011_1012	AAAGATGCAGTGACAG-15	0	0	0	0	0	0	1	0	0	0	0	0	0	0	0	1	0	0	0	0
1011_1012	ACTTGTTTCTGACCTC-15	0	0	0	0	0	0	0	0	0	0	0	0	0	0	0	0	0	0	0	0
1011_1012	ACTTTCAGTCCAGTAT-15	0	0	0	0	0	0	0	0	0	0	0	0	0	0	0	0	1	0	0	0
1011_1012	TACCTATAGAACTCGG-15	0	0	0	0	0	0	0	0	0	0	0	0	0	0	0	0	0	1	0	0
1011_1012	AGACGTTAGTTGTCGT-15	0	0	0	0	0	0	0	0	0	0	0	0	0	0	0	0	0	0	0	0
1011_1012	TTGCGTCTCCCTAACC-15	0	0	0	0	0	0	0	0	0	0	0	0	0	0	0	0	0	0	0	0
1011_1012	AGAGTGGCATGTCCTC-15	0	0	0	0	0	0	0	0	0	0	1	0	0	0	0	0	0	1	0	0
1011_1012	CTGGTCTCACACATGT-15	0	0	0	0	0	0	0	0	0	0	0	0	0	0	0	0	0	0	0	0
1011_1012	ACGGCCATCGTCCGTT-15	0	0	0	0	0	0	0	0	0	0	0	0	0	0	0	0	0	0	0	0
1011_1012	GACCAATCAGGGAGAG-15	0	0	0	0	0	0	0	0	0	0	0	0	0	0	0	0	0	0	0	0
1011_1012	GTCACAAAGTACGCGA-15	0	0	0	0	0	0	0	0	0	0	1	0	0	0	0	0	0	0	0	0
1011_1012	GTTCGGGAGTATTGGA-15	0	0	0	0	0	0	0	0	0	0	0	0	0	0	0	0	0	0	0	0
1011_1012	CTTTGCGTCCCATTTA-15	0	0	0	0	0	0	0	0	0	0	0	0	0	0	0	0	0	0	0	0
1011_1012	ACACCAATCTGCCAGG-15	0	0	0	0	1	0	0	0	1	0	0	0	0	0	0	0	0	0	0	0
1011_1012	GTGCAGCCATACGCTA-15	0	0	0	0	0	0	1	1	0	1	0	0	0	0	0	0	0	0	0	0
1011_1012	GTGCATAAGATCTGAA-15	0	0	0	0	0	0	0	0	0	0	0	0	1	0	0	0	0	3	0	0
1011_1012	GTCTTCGCACAACGCC-15	0	0	0	0	0	0	0	0	0	0	0	0	0	0	0	0	0	0	0	0
1011_1012	GTGCATATCTGTCCGT-15	0	0	0	0	0	1	0	0	0	0	0	0	0	0	0	0	0	0	0	0
1011_1012	ACCAGTACAGACGCTC-15	0	0	0	0	0	0	0	0	0	0	0	0	0	0	0	0	0	0	0	0
1011_1012	GTGCGGTAGCTGCCCA-15	0	0	0	0	0	0	1	0	0	0	0	0	0	0	0	0	0	0	0	0
1011_1012	TTGGCAAGTACCGGCT-15	0	0	0	0	0	0	1	0	0	0	0	0	0	0	0	0	0	0	0	0
1011_1012	TTGGAACAGCTACCGC-15	0	0	0	0	0	1	1	0	0	0	0	0	0	0	0	0	0	1	0	0
1011_1012	TTGCGTCTCCTTAATC-15	0	0	0	0	0	0	0	0	0	0	1	0	0	0	0	0	0	1	0	0
1011_1012	AGAGTGGTCTGTTTGT-15	0	0	0	0	0	0	0	0	0	0	0	0	0	0	0	0	0	0	0	0
1011_1012	GGATTACGTCACCCAG-15	0	0	0	0	0	0	0	0	0	0	0	0	0	0	0	0	0	0	0	0
1011_1012	GACGTTACACCATCCT-15	0	0	0	0	0	0	2	0	0	0	0	0	0	1	0	0	0	0	0	0
1011_1012	ATAAGAGAGAGCTGCA-15	0	0	0	0	0	0	0	0	0	0	0	0	0	0	0	0	0	0	0	0
1011_1012	GTCACGGGTCACCTAA-15	0	0	0	0	0	0	0	0	0	0	0	0	0	0	0	0	0	0	0	0
1011_1012	ACGATGTCACCAGCAC-15	0	0	0	0	0	0	0	0	0	0	0	0	0	0	0	0	0	0	0	0
1011_1012	GGATTACTCAGTTGAC-15	1	0	0	0	0	0	0	0	0	0	0	0	0	0	0	1	0	0	0	0
1011_1012	ACGCAGCCATCGATTG-15	0	0	0	0	0	0	0	0	0	0	0	0	0	0	0	0	0	0	0	0
1011_1012	ACGCCAGAGATCGATA-15	0	0	0	0	0	0	0	0	0	0	0	0	0	0	0	0	0	0	0	0
1011_1012	GTCACAAAGTTGCAGG-15	0	0	0	0	0	0	0	0	0	0	0	0	0	0	0	0	0	0	0	0
1011_1012	ACGCCAGTCCAGAGGA-15	0	0	0	0	0	0	0	0	0	0	0	0	0	0	0	0	0	0	0	0
1011_1012	ACGCCAGTCCAGATCA-15	0	0	0	0	0	0	0	0	0	0	0	0	0	0	0	0	0	0	0	0
1011_1012	AACTCTTTCCGTTGTC-15	0	0	0	0	0	0	0	0	0	0	0	0	0	0	0	0	0	0	0	0
1011_1012	GTTAAGCGTCTGATCA-15	1	0	0	0	0	0	0	0	0	0	1	0	1	0	0	2	0	2	0	0
1011_1012	CTGGTCTAGTGGGCTA-15	0	0	0	0	0	0	0	0	0	0	0	0	1	0	0	0	0	0	0	0
1011_1012	ACACCCTGTCTTCTCG-15	0	0	0	0	0	0	0	0	0	0	0	0	1	0	0	0	0	0	1	0
1011_1012	GGTGTTAAGTGGAGAA-15	0	0	0	0	0	0	0	0	0	0	0	0	0	0	0	0	0	0	0	0
1011_1012	AGCTCCTGTGATGTCT-15	0	0	0	0	0	1	0	0	0	0	0	0	0	0	0	0	0	0	0	0
1011_1012	AGCTCTCGTCATTAGC-15	0	0	0	0	0	1	1	0	0	0	0	0	0	0	0	0	0	1	0	0
1011_1012	AGCTCTCGTCGATTGT-15	0	0	0	0	0	0	0	0	0	0	0	0	0	0	1	0	0	0	0	1
1011_1012	TACTCGCTCGGTTCGG-15	0	0	0	0	0	0	0	0	0	0	0	0	0	0	0	0	0	0	0	0
1011_1012	AGTGAGGCATGCGCAC-15	0	0	0	0	0	0	1	0	0	0	0	0	0	0	0	1	0	0	0	1
1011_1012	AGCTTGATCCATGAAC-15	0	0	0	0	0	0	0	0	0	0	0	0	1	0	0	0	0	0	0	0
1011_1012	TAGTTGGTCAATAAGG-15	0	0	0	0	0	0	0	0	0	0	0	0	0	1	0	0	0	1	0	0
1011_1012	GAACCTATCCTTTCTC-15	0	0	0	0	0	0	0	0	0	1	1	0	0	0	0	0	0	0	1	0
1011_1012	GTACTCCAGAGACGAA-15	0	0	0	0	0	0	0	0	0	0	0	0	0	0	0	0	0	0	0	0
1011_1012	GTAACTGAGTGTACTC-15	0	0	0	0	0	0	0	0	0	0	0	0	1	0	0	0	0	0	0	0
1011_1012	AGGCCGTTCATTGCGA-15	0	0	0	0	0	0	0	0	0	0	1	0	0	0	0	0	0	0	0	0
1011_1012	AGGGAGTGTGATAAGT-15	0	0	0	0	0	0	1	0	0	0	0	0	2	0	0	0	0	0	0	0
1011_1012	TACTTACGTACCAGTT-15	0	0	0	0	0	0	0	0	0	0	0	0	0	0	0	0	0	0	0	0
1011_1012	AGGGTGATCGTAGGTT-15	0	0	0	0	0	1	0	0	0	0	0	0	0	0	0	0	0	1	0	0
1011_1012	GCTGCTTCACGTGAGA-15	0	0	0	0	0	0	0	0	0	0	0	0	0	0	0	0	0	0	1	0
1011_1012	GGTGTTACAGTTTACG-15	0	0	0	1	0	0	0	0	0	0	0	0	0	0	0	0	0	0	0	0
1011_1012	TACGGGCAGTGTTAGA-15	0	0	0	0	0	0	0	0	0	0	0	0	0	0	0	0	0	2	0	0
1011_1012	TTGAACGGTTGATTGC-15	0	1	0	0	0	1	0	0	0	0	0	0	1	0	0	0	0	0	0	0
1011_1012	TTTGTCACAACACGCC-15	0	0	0	0	0	0	1	0	0	0	1	0	0	0	0	0	0	0	0	0
1011_1012	GGGATGACACCACGTG-15	0	0	0	0	0	1	0	0	0	0	0	0	0	0	0	1	0	1	0	0
1011_1012	TTGCCGTCATCTCCCA-15	0	0	0	0	1	0	1	0	0	0	0	0	1	0	0	0	0	2	0	0
1011_1012	AGCAGCCCACATTCGA-15	0	0	0	0	0	0	0	0	0	0	0	0	0	0	0	0	0	0	0	0
1011_1012	ATAACGCTCCCAAGAT-15	0	0	0	0	0	0	0	0	0	0	0	0	0	0	0	0	0	0	0	0
1011_1012	AGCAGCCGTACCATCA-15	0	0	0	0	0	0	3	0	0	0	0	0	0	0	1	0	0	0	0	1
1011_1012	AGCATACTCTGCTGCT-15	0	0	0	0	0	1	0	0	0	0	1	0	0	1	0	0	0	1	0	0
1011_1012	ATAACGCGTGTTGGGA-15	0	0	0	0	0	0	0	0	0	0	0	0	0	0	0	0	0	1	0	0
1011_1012	GCTGCTTAGCTATGCT-15	0	0	0	0	0	0	0	0	0	0	1	0	0	0	0	0	0	0	0	1
1011_1012	TTTGCGCTCAGCCTAA-15	0	0	0	0	0	1	0	0	1	0	0	0	0	0	0	1	0	0	0	0
1011_1012	AGTAGTCGTTTGGCGC-15	0	0	0	0	0	0	0	0	0	0	0	0	0	0	0	0	0	0	0	0
1011_1012	GGGCATCGTCGGCACT-15	0	0	0	0	0	0	0	0	0	0	0	0	0	0	0	0	0	0	0	0
1011_1012	TACGGTACACCCATTC-15	0	0	0	0	0	0	0	0	0	0	0	0	1	0	0	0	0	1	0	0
1011_1012	AGCGTATTCACGATGT-15	0	0	0	0	0	1	1	0	0	0	1	0	0	0	0	0	0	1	0	0
1011_1012	GGTGCGTGTTGTACAC-15	0	0	0	0	0	0	0	0	0	0	0	0	0	0	0	0	0	0	0	0
1011_1012	AGTAGTCGTTCAGCGC-15	0	0	0	0	0	0	1	0	0	0	0	0	0	0	0	0	0	0	0	0
1011_1012	GGGAGATTCAGCTGGC-15	0	0	0	0	0	0	0	0	0	0	0	0	0	0	0	0	0	0	0	0
1011_1012	TTTGCGCGTAGCAAAT-15	0	0	0	0	0	0	0	0	0	0	0	0	0	0	0	0	0	0	0	0
1011_1012	GCTTCCACACATCTTT-15	0	0	0	0	0	1	0	0	0	0	0	0	0	0	0	0	0	0	0	0
1011_1012	TTGCCGTAGGAGCGTT-15	0	0	0	0	0	1	0	0	0	0	0	0	0	0	0	0	0	0	0	0
1011_1012	AGCGGTCCAATGACCT-15	0	0	0	0	0	0	0	0	0	0	0	0	0	0	0	0	0	1	0	1
1012_1013	CGAACATAGGTGACCA-15	0	0	0	0	0	0	0	0	1	0	0	0	0	0	0	0	0	0	0	0
1012_1013	AAGGAGCTCCATTCTA-15	0	0	0	0	0	0	0	0	0	0	0	0	0	0	0	0	0	0	0	0
1012_1013	CCTTCGACAAACGCGA-15	0	0	0	0	0	1	0	0	0	0	1	0	0	0	0	0	0	0	0	0
1012_1013	CCTTCGACATTCACTT-15	0	0	0	0	0	0	0	0	0	0	0	0	0	0	0	0	0	0	0	0
1012_1013	CTACATTTCACCGTAA-15	0	0	0	0	0	0	0	0	0	0	0	0	0	0	0	0	0	1	1	0
1012_1013	TTTGCGCAGAGTACAT-15	0	0	0	0	0	1	0	0	0	0	0	0	0	0	0	0	0	0	0	0
1012_1013	TGCGCAGTCACGACTA-15	0	0	0	0	0	0	0	0	0	0	0	0	0	0	0	0	0	1	0	0
1012_1013	AAGGCAGTCTTTAGTC-15	0	0	0	0	0	1	0	0	0	0	0	0	0	0	0	0	0	1	0	0
1012_1013	CGTTCTGAGCTAGGCA-15	0	0	0	0	0	0	0	0	0	0	0	0	1	0	0	0	0	0	0	0
1012_1013	GCACTCTGTTCAGCGC-15	0	0	0	0	0	1	0	0	0	0	1	0	1	1	0	0	0	0	0	0
1012_1013	CCTACCAGTGCACGAA-15	0	0	0	0	0	0	0	0	0	0	0	0	0	0	0	0	0	0	0	0
1012_1013	CCTACCAAGGCGCTCT-15	0	0	0	0	0	0	0	0	0	0	0	0	0	0	0	0	0	1	0	0
1012_1013	TGTGTTTGTCTAGTCA-15	0	0	0	0	0	0	0	0	1	0	0	0	0	0	0	0	0	1	0	0
1012_1013	CTAACTTGTATAAACG-15	0	0	0	0	1	0	0	0	0	0	0	0	0	0	0	0	0	0	0	0
1012_1013	GTCACGGTCCGTCATC-15	0	0	0	0	0	0	0	0	0	0	0	0	0	0	0	0	0	0	0	0
1012_1013	GGGCATCAGAAAGTGG-15	0	0	0	0	0	0	0	0	0	0	0	0	0	0	0	0	0	1	0	0
1012_1013	AACTGGTAGATCTGAA-15	0	0	0	0	0	0	2	0	0	0	0	0	0	0	0	0	1	0	0	0
1012_1013	CGTCCATCATACGCTA-15	0	0	0	0	0	0	0	0	0	0	0	0	0	0	0	0	0	1	0	0
1012_1013	AAACCTGCATTGCGGC-15	0	0	0	0	0	0	0	0	0	0	0	0	0	0	0	0	0	0	0	0
1012_1013	CGGAGCTAGGATGTAT-15	0	0	0	0	0	0	0	0	0	0	0	1	0	1	0	1	0	0	0	0
1012_1013	GGGAATGCAGACAAAT-15	0	0	0	0	0	0	0	0	0	0	0	0	0	0	0	0	0	0	0	0
1012_1013	GAACATCCAACTGCTA-15	0	0	0	0	0	0	0	0	0	0	0	0	0	0	0	0	0	0	0	0
1012_1013	TGGTTAGTCTCACATT-15	0	0	0	0	0	0	0	0	0	0	0	0	0	1	0	0	0	0	0	0
1012_1013	TGCCCTAAGTCGAGTG-15	0	0	0	0	0	0	0	0	0	0	0	0	0	0	0	0	0	0	0	0
1012_1013	GAGCAGATCCAGTAGT-15	0	0	0	0	0	1	0	0	0	0	0	0	1	0	0	0	0	1	1	0
1012_1013	GTCAAGTGTCGCCATG-15	0	0	0	0	0	0	0	0	0	0	0	0	1	0	0	0	0	0	1	0
1012_1013	CGCGTTTTCAACGAAA-15	0	0	0	0	0	0	0	0	0	0	0	0	0	0	0	0	0	0	0	1
1012_1013	CGGCTAGGTAAATGTG-15	0	0	0	0	0	0	0	0	0	0	0	0	0	0	0	0	0	1	0	0
1012_1013	AACACGTGTCGTTGTA-15	0	0	0	0	0	0	0	0	0	0	1	0	0	0	0	0	0	0	0	0
1012_1013	TGGGAAGCATGTAAGA-15	0	0	0	0	0	0	0	0	0	0	0	0	0	1	0	0	0	0	0	0
1012_1013	CGGTTAATCCTAGGGC-15	0	0	0	0	0	0	0	0	0	0	0	0	0	0	0	0	0	0	0	0
1012_1013	CGTAGCGGTGCCTTGG-15	0	0	0	0	0	0	0	0	0	0	0	0	0	0	0	0	0	0	0	0
1012_1013	CTACACCCAGCGATCC-15	0	0	0	0	0	0	0	0	0	0	0	0	1	0	0	0	0	2	1	0
1012_1013	CGTCACTTCTGCGGCA-15	0	0	0	0	0	1	0	0	0	0	0	0	0	1	0	0	0	0	0	0
1012_1013	CGTCAGGGTTGGACCC-15	0	0	0	0	1	0	2	0	0	0	0	0	0	0	0	0	0	0	0	1
1012_1013	CGAGAAGCATGCTAGT-15	0	0	0	0	0	0	0	0	0	0	1	0	0	0	0	0	0	4	0	0
1012_1013	AAGACCTTCTATCCTA-15	0	0	0	0	0	0	0	0	0	0	0	0	0	1	0	1	0	0	0	0
1012_1013	GTCACGGAGACCACGA-15	0	0	0	0	0	0	0	0	0	0	0	0	0	0	0	0	0	2	0	0
1012_1013	GCAAACTGTAACGCGA-15	0	0	0	0	0	0	0	0	0	0	0	0	0	0	0	0	0	0	0	0
1012_1013	CGAATGTTCACCGGGT-15	0	0	0	0	0	0	0	0	0	0	0	0	0	0	0	0	0	0	0	0
1012_1013	CGTCAGGTCTGCCAGG-15	0	0	0	0	0	1	0	0	0	0	0	1	0	0	0	0	0	0	0	0
1012_1013	CGAACATCAGTCGATT-15	0	0	0	0	0	0	0	0	0	0	0	0	0	0	0	0	0	1	1	0
1012_1013	GATCGTAAGTATTGGA-15	0	0	0	0	0	0	1	0	0	0	0	0	0	0	0	1	0	0	0	0
1012_1013	TAGTTGGTCACGAAGG-15	0	0	0	0	0	0	0	0	0	0	0	0	0	0	0	0	0	0	0	1
1012_1013	CCGTTCATCGAGAGCA-15	0	0	0	0	0	0	0	0	0	0	0	0	1	0	0	0	0	0	0	0
1012_1013	CACAAACAGAGGTTAT-15	0	0	0	0	0	0	0	0	0	0	2	0	0	1	0	0	0	0	0	0
1012_1013	CACACAAGTCCCTTGT-15	0	0	0	0	0	0	1	0	0	0	0	0	0	0	0	0	0	0	0	0
1012_1013	AGCGGTCAGGTTACCT-15	0	0	0	0	1	0	0	0	0	0	0	0	0	0	0	0	0	1	0	0
1012_1013	CACATAGGTTTGTTTC-15	0	0	0	0	0	0	1	0	0	0	0	0	0	0	0	0	0	0	1	0
1012_1013	TACGGATAGCCACCTG-15	0	0	0	0	0	0	0	0	0	0	0	0	0	1	0	0	0	2	0	0
1012_1013	GCGCAACGTACATCCA-15	0	0	0	0	0	1	0	0	0	0	0	0	0	0	0	0	0	0	0	1
1012_1013	GGAAAGCGTATGAATG-15	0	0	0	0	1	0	0	0	0	0	0	0	1	0	0	0	0	1	0	0
1012_1013	TCCCGATCACGTTGGC-15	0	0	0	0	0	0	0	0	0	0	0	0	0	0	0	0	0	0	0	0
1012_1013	TAAGTGCTCCATGCTC-15	0	0	0	0	0	0	0	0	0	0	1	0	0	0	0	0	0	0	0	0
1012_1013	CAGCGACGTTTAGGAA-15	0	0	0	0	0	0	0	0	0	0	0	0	0	0	0	0	0	0	1	0
1012_1013	TCGTAGATCAACACAC-15	0	0	0	0	0	0	2	0	0	0	0	0	0	0	0	0	1	0	0	0
1012_1013	ACTGTCCTCAGAGGTG-15	0	0	0	0	0	0	0	0	0	0	0	0	0	0	0	0	0	1	0	0
1012_1013	ACTGATGAGAATAGGG-15	0	0	0	0	0	0	0	0	0	0	0	0	0	0	0	0	0	1	0	0
1012_1013	ACACCGGTCAAACCGT-15	0	0	0	0	0	0	0	0	0	0	1	0	0	0	0	0	0	0	0	0
1012_1013	ACTGAGTCATCGTCGG-15	0	0	0	0	0	0	0	0	0	0	0	0	0	0	0	0	0	0	0	0
1012_1013	TCAGCAAGTTTACTCT-15	0	0	0	0	0	0	0	0	0	0	0	0	0	0	0	0	0	1	0	0
1012_1013	CAGGTGCCACCAGCAC-15	0	0	0	0	0	0	0	0	0	0	0	0	0	0	0	0	1	0	0	0
1012_1013	CAACCAATCGAACTGT-15	0	0	0	0	0	0	0	0	0	0	0	0	0	0	0	0	0	0	0	0
1012_1013	GACTAACGTCCGAGTC-15	0	0	0	0	0	0	0	0	0	0	0	0	0	0	0	0	0	0	0	0
1012_1013	ATAGACCCAAGCCGTC-15	0	0	0	0	0	0	0	0	0	0	0	0	0	0	0	0	0	0	0	0
1012_1013	ATCACGAAGGTACTCT-15	0	0	0	0	0	0	0	0	0	0	0	0	0	0	0	0	0	1	0	0
1012_1013	ATAACGCCACAGCCCA-15	0	0	0	0	0	0	0	0	0	0	0	0	0	0	0	0	0	1	0	0
1012_1013	CTGATCCAGGTAGCCA-15	0	0	0	0	0	0	0	0	0	0	0	0	1	0	0	0	0	0	0	0
1012_1013	ATCCACCAGACGACGT-15	0	0	0	0	0	0	0	0	0	0	0	0	0	0	0	0	0	0	0	0
1012_1013	TAGTGGTTCAGCTGGC-15	0	0	0	0	0	0	0	0	0	0	0	0	0	0	0	0	0	0	0	0
1012_1013	TTCTCCTTCACGCGGT-15	0	0	0	0	0	0	0	0	0	0	0	0	0	0	0	1	0	0	0	0
1012_1013	TTGAACGGTTACGCGC-15	0	0	0	0	0	0	1	0	0	0	0	0	0	0	0	0	0	0	0	0
1012_1013	ATGCGATCACGGCCAT-15	0	0	0	0	0	0	0	0	0	0	0	0	0	0	0	0	0	0	0	0
1012_1013	AGTGAGGCACGCTTTC-15	0	0	0	0	0	0	0	0	0	0	0	0	0	0	0	0	0	1	0	0
1012_1013	CTGCGGACAGTGACAG-15	0	0	0	1	0	0	1	0	0	0	0	0	0	0	0	0	0	0	0	0
1012_1013	TACTTGTAGAAAGTGG-15	0	0	0	0	0	0	0	0	0	0	0	0	0	0	0	0	0	0	0	0
1012_1013	TACTTACTCCTGTACC-15	0	0	0	0	1	1	0	0	0	0	0	0	0	0	0	0	0	0	0	0
1012_1013	TCAGATGCAAGTAATG-15	0	0	0	0	0	0	0	0	0	0	0	0	0	0	0	1	0	1	0	0
1012_1013	GCTGCTTCAGCTGTAT-15	0	0	0	0	0	0	0	0	0	0	0	0	0	0	0	0	0	0	0	0
1012_1013	GCTGGGTAGCTCCCAG-15	0	0	0	0	0	0	1	0	0	0	0	0	0	0	0	0	0	0	0	0
1012_1013	TCTGGAAAGCGATCCC-15	0	0	0	0	0	0	0	0	0	0	0	0	1	0	0	0	0	0	0	0
1012_1013	CAGCTAATCTACTCAT-15	0	0	0	0	0	0	0	0	0	0	0	0	0	0	0	0	0	0	0	0
1012_1013	CATATTCCAGTAACGG-15	0	0	0	0	0	0	0	0	0	0	0	0	0	0	0	0	0	0	0	0
1012_1013	GCCAAATTCTGCCAGG-15	0	0	0	0	0	0	0	0	0	0	0	0	0	0	0	0	0	0	0	0
1012_1013	CTTGGCTGTAGTAGTA-15	0	0	0	0	0	0	0	0	0	0	0	0	0	0	0	0	0	0	1	0
1012_1013	CTCCTAGCATACGCCG-15	0	0	0	0	0	0	0	0	0	0	1	0	1	0	0	0	0	0	0	0
1012_1013	GGACAGACAGGGAGAG-15	0	0	0	0	0	0	0	0	0	0	0	0	0	0	0	0	0	0	0	0
1012_1013	TGAGCATCAAGCGATG-15	0	0	0	0	0	0	0	0	0	0	0	1	0	0	0	0	0	0	0	1
1012_1013	ACCTTTAGTGTTCTTT-15	0	0	0	0	0	0	0	0	0	0	0	0	0	0	0	0	0	1	0	0
1012_1013	ACCGTAACAACAACCT-15	0	0	0	0	0	0	0	0	0	0	0	0	0	0	0	0	0	1	0	0
1012_1013	GTGTTAGTCCCTGACT-15	0	0	0	0	0	0	1	0	0	0	0	0	0	0	0	0	0	1	0	0
1012_1013	GCAGTTAAGAAGATTC-15	0	0	0	0	0	1	0	0	0	0	0	0	0	0	0	0	0	0	1	0
1012_1013	CTTTGCGCACATAACC-15	0	0	0	0	0	0	1	0	0	0	0	0	0	0	0	0	0	0	0	0
1012_1013	ACCAGTAAGATGCCAG-15	0	0	0	0	0	0	0	0	0	0	0	0	0	0	0	1	0	0	0	0
1012_1013	CCCTCCTTCATTCACT-15	0	0	0	0	0	0	1	0	0	0	0	0	0	0	0	0	0	0	0	0
1012_1013	GTGCATACAAGTTGTC-15	0	0	0	0	0	0	0	0	0	0	0	0	0	0	0	1	0	2	1	0
1012_1013	TGCCAAAGTGCAGACA-15	0	0	0	0	0	0	0	0	0	0	0	0	0	0	0	1	0	0	0	0
1012_1013	CCGTTCATCAGGATCT-15	0	0	0	0	0	0	0	0	0	0	0	0	0	0	0	0	0	1	0	0
1012_1013	CCAGCGAGTTCAGCGC-15	0	0	0	0	0	0	0	0	0	0	2	0	0	0	0	0	0	0	0	0
1012_1013	ACGATGTGTACTTGAC-15	0	0	0	0	0	0	0	0	0	0	0	0	0	0	0	0	0	0	0	0
1012_1013	GACGTTACAGACGCTC-15	0	0	0	1	0	0	0	0	1	0	0	0	1	0	0	0	0	0	1	0
1012_1013	CATGGCGAGGGAGTAA-15	0	0	0	0	0	0	1	0	0	0	0	0	0	0	0	0	1	0	0	0
1012_1013	TCTGGAAGTTGGGACA-15	0	0	0	0	0	0	0	0	0	0	0	0	0	0	0	0	0	0	0	0
1012_1013	GCCAAATGTGCAGACA-15	0	0	0	1	0	0	0	0	0	0	0	0	0	0	0	0	0	0	0	0
1012_1013	CTCGGGAGTGGTCCGT-15	1	0	0	0	0	1	0	0	0	0	0	0	1	0	0	0	0	0	0	0
1012_1013	CATCCACAGGTTCCTA-15	0	0	0	0	0	0	0	0	0	0	0	0	0	0	0	1	0	0	0	0
1012_1013	ACGCCGAGTCTCGTTC-15	0	0	0	0	0	1	1	0	1	4	0	0	1	0	0	1	0	0	0	0
1012_1013	GACTACAGTATAAACG-15	0	0	0	0	1	0	0	0	1	0	0	0	0	0	0	0	0	0	1	0
1012_1013	ACGCCAGCAACGATGG-15	0	0	0	0	0	0	0	0	0	0	0	0	0	0	0	0	0	0	0	0
1012_1013	GTTACAGGTGTTGGGA-15	0	0	0	0	0	0	0	0	0	0	2	0	0	0	0	1	0	0	0	0
1012_1013	ACGCAGCGTCCATGAT-15	0	0	0	0	0	0	0	0	0	0	0	0	0	0	1	1	0	0	0	0
1012_1013	TTCGAAGTCTTGCAAG-15	0	0	0	0	0	0	0	0	0	0	0	0	1	0	0	0	0	0	0	0
1014_1015	TTCCCAGTCATTGCCC-15	0	0	0	0	0	0	0	0	0	0	0	0	0	0	0	0	0	0	0	0
1014_1015	TTTGGTTTCGACGGAA-15	0	0	0	0	0	0	0	0	0	0	0	0	0	0	0	0	0	0	0	0
1014_1015	TTTGCGCCAGGGTTAG-15	0	0	0	0	0	0	0	0	0	0	0	0	0	0	0	0	0	1	0	0
1014_1015	TTCGAAGTCATGCAAC-15	0	0	0	0	0	0	0	0	0	0	0	0	0	0	0	0	0	0	0	0
1014_1015	TTCTCCTGTGTAATGA-15	0	0	0	0	0	0	1	0	0	0	0	0	1	0	0	0	0	0	0	0
1014_1015	TTCTACAAGAAGGACA-15	0	0	0	0	0	0	0	0	0	0	0	0	0	0	0	0	0	0	0	0
1014_1015	TTCCCAGTCTAGCACA-15	0	0	0	0	0	1	0	0	0	0	0	0	0	0	0	0	0	0	1	0
1014_1015	TTCGGTCAGACCCACC-15	0	0	0	0	0	0	0	0	0	0	0	0	0	0	0	0	0	0	0	0
1014_1015	TTATGCTGTTCCCTTG-15	0	0	0	0	0	0	1	0	0	0	0	0	0	0	0	0	0	0	0	0
1014_1015	TTTATGCCATCCTTGC-15	0	0	0	0	0	0	0	0	0	0	1	0	0	0	0	0	0	1	0	0
1014_1015	GACTGCGTCTCCCTGA-15	0	0	0	0	0	0	0	0	0	0	0	0	0	0	0	0	0	0	0	0
1014_1015	GACTAACCATATGGTC-15	0	0	0	0	0	0	0	0	0	0	0	0	1	0	0	0	0	0	0	0
1014_1015	TTCCCAGAGTGAACAT-15	0	0	0	0	0	0	0	0	0	0	2	0	1	0	0	0	0	0	0	1
1014_1015	TTCTCCTGTAGGCATG-15	0	0	0	0	0	0	0	0	0	0	0	0	0	0	0	1	0	0	0	0
1014_1015	GGGACCTCACGGTTTA-15	0	0	0	0	0	0	0	0	0	0	0	0	0	0	0	0	0	0	0	0
1014_1015	TGTCCCAGTGTTGGGA-15	0	0	0	0	0	0	0	0	0	0	0	0	0	0	0	0	0	0	0	0
1014_1015	TAGGCATGTGAGCGAT-15	0	0	0	0	0	0	2	0	0	0	0	0	0	0	0	0	0	2	0	0
1014_1015	TACTTGTCATAGGATA-15	0	0	0	0	0	0	1	0	0	0	0	0	1	0	0	0	0	0	0	0
1014_1015	TACTCGCGTCATGCCG-15	0	0	0	0	0	0	2	0	0	0	1	0	0	0	0	0	0	1	0	0
1014_1015	TACTCGCGTATAGTAG-15	0	0	0	0	0	0	0	0	0	0	0	0	0	0	0	0	1	1	0	0
1014_1015	TACGGGCGTAATCGTC-15	0	0	0	0	0	0	1	0	0	0	0	0	0	0	0	0	0	1	0	0
1014_1015	GCTTGAAAGCGAGAAA-15	0	0	0	0	0	0	0	0	0	0	1	0	0	0	0	0	0	1	0	1
1014_1015	GCTTGAACAAAGTCAA-15	0	0	0	0	0	0	0	0	0	0	0	0	0	0	0	0	0	0	0	0
1014_1015	TACCTATCATCTATGG-15	0	0	0	0	0	0	0	0	0	0	0	0	0	0	1	0	0	0	0	0
1014_1015	TAAGCGTTCCGCAAGC-15	0	0	0	0	0	0	0	0	0	0	0	0	0	1	0	0	0	0	0	0
1014_1015	GTTTCTAGTCACAAGG-15	0	0	0	0	0	0	1	0	0	0	0	0	0	0	0	0	0	1	0	0
1014_1015	GTTCATTAGACTCGGA-15	0	0	0	0	0	0	1	0	0	0	0	0	0	0	0	0	0	0	0	0
1014_1015	GGAATAATCAGAGACG-15	0	0	0	0	0	1	3	0	0	0	0	0	0	0	0	1	0	0	0	1
1014_1015	GTTAAGCGTCGGATCC-15	0	0	0	0	0	1	1	0	0	0	0	0	0	0	0	0	0	2	0	0
1014_1015	GGACAGATCAAGCCTA-15	0	0	0	0	0	1	0	0	0	0	0	0	0	0	0	0	0	0	0	0
1014_1015	GTTAAGCCATCTATGG-15	0	0	0	0	0	1	0	0	0	0	0	0	1	0	0	0	0	0	0	0
1014_1015	GGACATTGTTCCACAA-15	0	0	0	0	0	3	0	1	0	0	0	0	0	0	0	0	0	0	0	0
1014_1015	GTGCTTCAGATGTGTA-15	0	0	0	0	1	0	0	0	0	0	1	0	0	0	0	0	0	0	0	0
1014_1015	GGACGTCTCAGTCAGT-15	0	0	0	0	0	0	1	0	0	0	0	0	1	0	0	1	0	1	0	0
1014_1015	GGATGTTCAAGCCGCT-15	0	0	0	0	0	0	0	0	0	0	0	0	0	0	0	0	0	1	0	0
1014_1015	GTCATTTCACATTAGC-15	0	0	0	0	0	0	0	0	0	0	0	0	0	0	0	0	0	0	0	0
1014_1015	GTCACAACACCGATAT-15	0	0	0	0	0	0	0	0	0	0	0	0	0	0	0	0	0	0	0	0
1014_1015	GTCAAGTTCTGTGCAA-15	1	0	0	0	0	0	0	0	0	0	0	0	0	0	0	0	0	0	0	0
1014_1015	GTATCTTTCATGTGGT-15	0	0	0	0	0	0	0	0	0	0	1	0	0	0	0	0	0	2	0	0
1014_1015	GTAGTCATCGTCCAGG-15	0	0	0	0	0	1	0	0	0	0	1	0	0	0	0	0	0	0	0	0
1014_1015	GTAGTCAGTTTGACTG-15	1	0	0	0	0	0	0	0	0	0	0	0	0	1	0	0	0	1	1	1
1014_1015	GTAGGCCTCTAACCGA-15	0	0	0	0	0	0	0	0	0	0	0	0	1	0	0	0	0	1	0	0
1014_1015	GTACTCCTCACTTACT-15	0	0	0	0	0	0	1	0	0	0	0	0	0	1	0	0	0	0	0	0
1014_1015	GGTGTTACAAACTGCT-15	0	0	0	0	0	0	0	0	0	0	0	0	0	0	0	0	0	1	1	0
1014_1015	GGTATTGGTAAAGGAG-15	0	0	0	0	0	0	0	0	0	0	0	0	0	0	0	0	0	0	0	0
1014_1015	TAGTTGGTCCTCCTAG-15	0	0	0	0	0	0	0	0	0	0	0	0	0	0	0	0	0	0	0	1
1014_1015	GCTGCAGTCTTTCCTC-15	0	0	0	0	0	1	0	0	0	0	0	0	0	0	0	0	0	0	0	0
1014_1015	TATCTCACAGTTTACG-15	0	0	0	0	0	0	1	0	0	0	0	0	0	0	0	0	0	0	0	0
1014_1015	TATGCCCCACGCATCG-15	0	0	0	0	0	0	0	0	0	0	0	0	0	0	0	1	1	1	0	0
1014_1015	GAGTCCGGTGAGGGAG-15	0	0	0	0	0	0	0	0	0	0	0	0	0	0	0	0	0	1	0	0
1014_1015	GATCAGTAGCGATAGC-15	0	0	0	0	0	0	0	0	0	0	1	0	0	0	0	0	0	0	0	0
1014_1015	GATCAGTGTAGAGCTG-15	0	0	0	1	0	0	1	0	0	0	0	0	0	0	0	0	0	1	0	0
1014_1015	GATCGCGAGCTAACTC-15	0	0	0	0	0	0	0	0	0	0	0	0	0	0	0	0	0	0	0	0
1014_1015	TGGTTAGCACCTTGTC-15	0	0	0	0	0	0	14	0	0	0	0	0	0	0	0	0	0	0	0	1
1014_1015	GATCGTAGTATATGAG-15	0	0	0	0	0	0	0	0	0	0	0	0	0	0	0	0	0	1	0	0
1014_1015	TGGGAAGTCTTAACCT-15	0	0	0	0	0	0	0	0	0	0	0	0	0	0	0	0	0	0	0	0
1014_1015	TGGCTGGGTCATACTG-15	0	0	0	0	0	0	0	0	0	0	0	0	0	0	0	1	0	1	0	0
1014_1015	TGCTGCTGTCATATGC-15	0	0	0	0	0	0	0	0	0	0	0	0	0	0	0	0	0	0	1	0
1014_1015	TGCTGCTCAGATAATG-15	0	0	0	0	1	0	0	0	0	0	0	0	1	0	0	0	0	0	0	0
1014_1015	TGCTACCAGGCTAGCA-15	0	0	0	0	1	0	0	0	0	0	0	0	0	0	0	1	0	0	1	0
1014_1015	TGCGTGGTCAGTTAGC-15	0	0	0	0	0	0	0	0	0	0	0	0	0	0	0	0	0	1	0	0
1014_1015	TGAGAGGGTGGTGTAG-15	0	0	0	0	0	0	0	0	0	0	0	0	0	0	0	0	0	0	0	0
1014_1015	GCATACATCTACCTGC-15	0	0	0	0	0	0	0	0	0	0	0	0	0	0	0	0	0	0	1	0
1014_1015	GAGGTGACATGAAGTA-15	0	0	0	0	0	0	0	0	0	0	0	0	0	0	0	0	0	0	0	0
1014_1015	GCATGTACACGAAAGC-15	0	0	0	0	0	0	0	0	0	0	0	0	0	0	0	0	0	0	0	0
1014_1015	TCTTTCCTCCTATTCA-15	0	0	0	0	0	1	0	0	0	0	0	0	0	0	0	0	0	0	0	0
1014_1015	TCTTTCCGTGGCTCCA-15	0	0	0	0	0	0	0	0	0	0	1	0	1	0	0	0	0	1	0	0
1014_1015	TCTTCGGCACTAAGTC-15	0	0	0	0	0	0	0	0	0	0	0	0	0	0	0	0	0	0	0	0
1014_1015	TCTTCGGCACGGCCAT-15	0	0	0	0	0	0	0	0	0	0	0	0	0	0	0	0	0	0	0	0
1014_1015	TCGTAGATCTCGCATC-15	0	0	0	0	0	0	1	0	0	0	0	0	0	0	0	0	0	0	0	0
1014_1015	TCGTAGACAATCCAAC-15	0	0	0	0	0	1	1	0	0	0	1	0	0	1	0	0	0	1	0	0
1014_1015	GCGCAACTCTTTCCTC-15	0	0	0	0	0	1	0	0	0	0	0	0	0	0	0	0	0	0	0	0
1014_1015	TCATTACGTCTTTCAT-15	0	0	0	0	0	0	0	0	0	0	0	0	0	0	0	0	0	0	0	0
1014_1015	GCGCAGTAGTACGCCC-15	0	0	0	0	0	0	0	0	0	0	0	0	0	0	0	0	0	0	0	0
1014_1015	GCGCCAAGTGGTAACG-15	0	0	0	0	0	0	0	0	0	0	0	0	0	0	0	0	0	0	0	0
1014_1015	TCAGATGCAACGATCT-15	0	0	0	0	0	0	2	0	0	0	0	0	0	1	0	0	0	0	0	0
1014_1015	TCAGATGAGGCTCAGA-15	0	0	0	0	0	0	0	0	0	0	0	0	0	0	0	0	0	0	0	0
1014_1015	TCACGAAGTAAAGTCA-15	0	0	0	0	0	0	0	0	0	0	0	0	0	0	0	0	0	1	0	0
1014_1015	TCACAAGCACGAAACG-15	0	0	0	0	0	0	1	0	0	0	0	0	0	0	0	0	0	1	0	0
1014_1015	TGACAACTCTTGTATC-15	0	0	0	0	0	0	1	0	0	0	1	0	0	0	0	0	0	0	0	0
1014_1015	GGAGCAAGTGTAACGG-15	0	0	0	0	0	0	0	0	0	0	0	0	0	0	0	0	0	0	0	0
1014_1015	CTGCTGTAGTAGCCGA-15	0	0	0	1	0	0	3	0	0	1	1	0	0	0	0	0	0	2	1	0
1014_1015	GAATGAAGTACAGTTC-15	0	0	0	0	0	0	0	0	0	0	0	0	0	0	0	0	0	0	0	0
1014_1015	AGATTGCAGGGTGTTG-15	0	0	0	0	0	1	0	0	0	0	1	0	0	0	0	1	0	0	0	1
1014_1015	AGCGGTCTCACCGGGT-15	1	0	0	0	0	0	1	0	0	0	0	0	0	0	0	2	0	0	0	0
1014_1015	AGCGTCGGTTTACTCT-15	0	0	0	0	0	0	0	0	1	0	0	0	0	0	0	0	0	1	0	0
1014_1015	AGGCCGTCAGTGGAGT-15	0	0	0	0	0	0	2	0	0	0	0	0	0	0	0	0	0	0	0	0
1014_1015	AGGTCATGTAATCGTC-15	0	0	0	0	0	1	0	0	0	0	0	0	0	0	0	0	0	0	0	0
1014_1015	AGTAGTCCAGGGCATA-15	0	0	0	0	0	0	0	0	0	0	0	0	0	0	0	0	0	1	0	0
1014_1015	AGTGAGGGTGATGCCC-15	0	0	0	0	0	0	0	0	0	0	0	0	0	0	0	0	0	2	0	0
1014_1015	AGTGAGGTCCGAACGC-15	0	0	0	0	0	0	0	0	0	0	0	0	0	0	0	0	0	0	0	0
1014_1015	AGTTGGTTCATGTAGC-15	0	0	0	0	0	0	0	0	0	0	0	0	1	0	0	0	0	0	0	0
1014_1015	AGATCTGAGCCCAACC-15	0	0	0	0	0	0	1	0	0	0	0	0	0	0	0	0	0	0	2	0
1014_1015	ATAGACCGTACCGGCT-15	0	0	0	0	0	0	0	0	0	0	0	0	0	0	0	0	0	0	0	0
1014_1015	ATCTGCCTCTAGAGTC-15	0	0	0	0	0	0	1	0	0	0	0	0	0	0	0	0	0	0	0	0
1014_1015	ATTCTACGTACCGTTA-15	1	0	0	0	0	0	0	0	0	0	1	0	1	0	0	0	0	0	0	0
1014_1015	ATTGGACGTCCGAATT-15	0	0	0	0	0	0	0	0	0	0	0	0	0	0	1	0	0	1	0	0
1014_1015	CAACCTCTCGACAGCC-15	0	0	0	0	0	0	0	0	0	0	0	0	0	0	0	1	0	1	0	0
1014_1015	CAAGTTGTCGGCGCAT-15	0	0	0	0	0	0	0	0	0	0	0	0	1	0	0	0	0	0	0	0
1014_1015	CACCACTGTTAAGGGC-15	0	0	0	0	0	0	0	0	0	0	0	0	0	0	0	0	0	0	0	0
1014_1015	CACTCCATCACAATGC-15	0	0	0	0	0	0	0	0	0	0	0	0	0	0	0	1	0	1	0	0
1014_1015	CAGCCGAAGTTCCACA-15	0	0	0	0	0	0	1	0	0	0	0	0	1	0	0	1	0	1	0	0
1014_1015	CAGCCGAGTGTGAAAT-15	0	0	0	0	0	0	0	0	0	0	0	0	0	0	0	0	0	0	0	0
1014_1015	ATCGAGTAGTGTCCCG-15	0	0	0	0	0	0	0	0	0	0	0	0	0	0	0	0	0	0	0	0
1014_1015	AGAGTGGGTTACAGAA-15	0	0	0	0	0	0	0	0	0	0	0	0	0	0	0	0	0	0	0	0
1014_1015	AGAGCTTCATAACCTG-15	0	0	0	0	0	0	0	0	0	0	0	0	0	1	0	0	0	0	0	0
1014_1015	ACGGGCTCATTAGCCA-15	0	0	0	0	0	0	1	0	0	0	0	0	0	0	0	0	0	1	0	0
1014_1015	GACAGAGCATTGTGCA-15	0	0	0	0	0	0	0	0	0	0	0	0	0	0	0	0	0	0	0	0
1014_1015	AAACGGGAGTTAACGA-15	0	0	0	0	0	0	0	0	0	0	0	0	0	0	0	0	0	0	0	0
1014_1015	AAATGCCAGCCATCGC-15	0	0	0	0	0	0	0	0	0	0	0	0	0	0	0	0	0	0	0	0
1014_1015	AACTCTTCACTTAACG-15	0	0	0	0	0	0	0	0	0	0	0	0	0	0	0	0	0	0	0	0
1014_1015	AACTTTCAGAGACGAA-15	0	0	0	0	0	0	0	0	0	0	1	0	0	0	0	0	0	0	0	0
1014_1015	AAGACCTAGATCTGCT-15	0	0	0	0	0	0	1	0	0	0	1	0	0	0	0	0	0	1	0	0
1014_1015	AAGACCTGTATAGGTA-15	0	0	0	0	0	0	0	0	0	0	0	0	0	0	0	0	0	0	0	0
1014_1015	AAGCCGCGTGATAAAC-15	0	0	0	0	0	0	0	0	0	0	1	0	1	0	0	0	0	2	0	0
1014_1015	AAGGAGCTCAACACAC-15	0	0	0	0	0	1	0	0	0	0	0	0	0	0	0	0	0	1	0	0
1014_1015	AAGGTTCTCGATGAGG-15	0	0	0	0	0	0	0	0	0	0	0	0	0	0	0	0	0	0	0	0
1014_1015	AAGTCTGGTATCAGTC-15	0	0	0	0	0	1	2	0	0	0	0	0	0	0	0	0	0	0	0	0
1014_1015	ACACTGAAGGGATCTG-15	0	0	0	0	0	1	0	0	0	0	0	0	0	0	0	0	0	2	0	0
1014_1015	ACATACGCAGTATCTG-15	0	0	0	0	0	0	1	0	0	0	0	0	0	0	0	0	0	0	0	0
1014_1015	ACATGGTTCCGCATCT-15	0	0	0	0	0	1	0	0	0	0	0	0	1	0	0	0	0	0	0	1
1014_1015	ACCCACTAGCCAGTTT-15	0	0	0	0	0	0	0	0	0	0	0	0	0	1	0	0	0	0	0	0
1014_1015	ACCCACTCATATGCTG-15	0	0	0	0	0	0	0	0	0	0	0	0	0	0	0	0	0	0	0	0
1014_1015	ACGAGCCAGGCTAGGT-15	0	0	0	0	0	0	0	0	0	0	0	0	0	0	0	0	0	0	0	0
1014_1015	ACGAGGAAGCCATCGC-15	0	0	0	0	0	0	0	0	0	0	0	0	0	0	0	0	0	0	0	1
1014_1015	ACGAGGAGTTTACTCT-15	0	0	0	0	0	0	0	0	0	0	0	0	0	0	0	0	0	0	0	0
1014_1015	ACGATGTAGAGCTTCT-15	0	0	0	0	0	0	0	0	0	0	0	0	0	0	0	0	0	0	0	0
1014_1015	ACGGCCATCAGCTCTC-15	1	0	0	0	1	0	1	1	0	0	0	0	0	0	0	0	0	0	0	1
1014_1015	CAGCGACCAAGTTAAG-15	0	0	0	0	1	1	0	0	0	0	0	0	0	0	0	0	0	0	0	0
1014_1015	CAGCGACGTTCCACAA-15	0	0	0	0	0	0	0	0	0	0	0	0	0	0	0	0	0	0	0	1
1014_1015	ACCTTTAGTGACGCCT-15	0	0	0	0	0	0	0	0	0	0	0	0	1	0	0	0	0	2	0	0
1014_1015	CAGTCCTTCGCATGAT-15	0	0	0	0	1	0	0	0	0	0	0	0	0	0	0	0	0	1	0	0
1014_1015	CGGCTAGGTACCTACA-15	0	0	0	0	0	2	0	0	0	0	0	0	0	1	0	0	0	1	0	1
1014_1015	CGTAGGCAGTGCGATG-15	0	0	0	0	0	0	0	0	0	0	1	0	0	0	0	0	0	0	0	0
1014_1015	CGTAGGCTCGAACGGA-15	0	0	0	0	0	0	0	0	0	0	0	0	0	0	0	1	0	0	0	0
1014_1015	CGTCCATTCAGAAATG-15	0	0	0	0	0	0	0	0	0	0	1	0	0	0	0	0	0	0	0	0
1014_1015	CGTTGGGAGAGTTGGC-15	1	0	0	0	0	1	0	0	0	0	0	0	0	1	0	0	0	1	0	0
1014_1015	CTACCCAAGAGCTATA-15	0	0	0	0	0	0	1	0	0	0	0	0	0	0	0	0	0	0	0	0
1014_1015	CTACCCAGTTGTGGCC-15	0	0	0	0	0	0	0	0	0	0	0	0	1	0	0	0	0	0	0	0
1014_1015	CTACGTCCACGACTCG-15	0	0	0	0	0	1	2	0	0	0	0	0	0	0	0	0	0	2	0	0
1014_1015	CTAGTGATCAGTGCAT-15	0	0	0	0	0	0	0	0	0	0	0	0	0	0	0	0	0	0	0	0
1014_1015	CGGACTGGTCACCTAA-15	0	0	0	0	0	0	0	0	0	0	0	0	0	0	0	0	0	0	0	1
1014_1015	CTCACACTCATACGGT-15	0	0	0	0	0	0	0	0	0	0	0	0	0	0	0	0	0	1	0	0
1014_1015	CTCGGAGGTGAACCTT-15	0	0	0	0	0	0	1	0	0	0	0	0	0	0	0	0	0	0	0	0
1014_1015	CTCTACGGTTAAGACA-15	0	0	0	0	0	0	0	0	0	0	0	0	0	0	0	0	0	0	0	0
1014_1015	CTGAAGTGTCTCCATC-15	0	0	0	0	0	0	0	0	0	0	0	0	0	0	0	0	0	0	0	0
1014_1015	CTGCCTATCAGGTTCA-15	0	0	0	0	0	0	0	0	0	0	0	0	0	0	0	0	0	0	0	0
1014_1015	CTTAGGATCTAACGGT-15	0	0	0	0	0	0	0	0	0	0	1	0	0	0	0	0	0	0	0	0
1014_1015	CTTCTCTTCCATGCTC-15	0	0	0	0	0	0	0	0	0	0	0	0	0	0	0	0	0	1	0	0
1014_1015	CTTTGCGCACGAAAGC-15	0	0	0	0	0	1	0	0	0	0	0	0	0	0	0	0	0	0	0	0
1014_1015	GAAATGAGTACTTAGC-15	0	0	0	0	0	0	0	0	0	0	0	0	0	0	0	0	0	0	0	0
1014_1015	CAGCTGGGTTATCGGT-15	0	0	0	0	0	0	1	0	0	0	0	0	0	0	0	0	0	1	0	0
1014_1015	CTCGAGGAGCTAACTC-15	0	0	0	0	0	0	0	0	0	0	0	0	0	0	0	0	0	0	0	0
1014_1015	CGGACGTTCCTCTAGC-15	0	0	0	0	0	0	0	0	0	0	0	0	0	0	0	0	0	0	0	0
1014_1015	CTCGTCAGTCTCTCGT-15	0	0	0	0	0	0	0	0	0	0	1	0	0	0	0	0	0	1	0	0
1014_1015	CGCTTCACAAGTTCTG-15	0	0	0	0	0	0	2	0	0	0	0	0	0	0	0	0	0	0	0	0
1014_1015	CATATGGCAACCGCCA-15	0	0	0	0	0	0	0	0	0	0	0	0	0	0	0	0	0	0	0	0
1014_1015	CATCAAGAGATCGATA-15	0	0	0	0	0	0	1	0	0	0	0	0	1	0	0	0	0	0	0	0
1014_1015	CGGACGTCACAGACAG-15	0	0	0	0	0	0	0	0	0	0	0	0	0	0	0	0	0	0	0	0
1014_1015	CATCAGATCAGATAAG-15	0	0	0	0	0	0	0	0	0	1	0	0	0	0	0	0	0	0	0	0
1014_1015	CATGACACAGCTGTAT-15	0	0	0	0	0	0	0	0	0	0	0	0	0	0	0	0	0	1	0	0
1014_1015	CCACCTAGTAATCACC-15	0	0	0	0	0	0	0	0	0	0	0	0	0	0	0	0	0	0	0	0
1014_1015	CCATGTCCATCATCCC-15	0	0	0	0	0	0	0	0	0	0	0	0	0	0	0	0	0	0	0	0
1014_1015	CCCAATCTCTTGCATT-15	0	0	0	0	0	0	0	0	0	0	0	0	1	0	0	0	0	0	0	0
1014_1015	CCCATACCATTTGCTT-15	0	0	0	0	0	0	0	0	0	0	0	0	0	0	0	0	2	0	0	0
1014_1015	CCCTCCTGTAAATACG-15	0	0	0	0	0	1	0	0	0	0	1	0	1	0	0	0	0	1	0	1
1014_1015	CCGTACTAGTCATGCT-15	0	0	0	0	0	0	0	0	0	0	0	0	0	0	0	0	0	0	0	0
1014_1015	CCATGTCAGCTGTCTA-15	0	0	0	0	0	0	0	0	0	0	0	0	0	0	0	0	0	1	0	0
1014_1015	CCTCAGTAGTGGGTTG-15	0	0	0	0	0	0	0	0	0	0	0	0	0	0	0	0	0	0	0	0
1014_1015	CCTTCGAGTCTTCTCG-15	1	0	0	0	0	1	0	0	0	0	0	0	1	0	0	0	0	1	0	0
1014_1015	CGAATGTCAGTAAGAT-15	0	0	0	0	0	2	1	0	0	0	0	0	0	0	0	0	0	0	0	0
1014_1015	CGCTTCACAAGGACTG-15	0	0	0	0	0	0	1	0	0	0	0	0	0	0	0	0	0	0	0	0
1014_1015	CGAATGTTCTGGTGTA-15	0	0	0	0	0	0	0	0	0	0	0	0	0	0	0	0	0	1	0	0
1014_1015	CGATCGGCACAGAGGT-15	0	0	0	0	0	0	0	0	0	0	0	0	0	0	0	0	0	0	0	0
1014_1015	CGATGGCCAAGACACG-15	0	0	0	1	0	1	0	0	0	0	0	0	0	0	0	0	0	0	0	0
1014_1015	CGCTGGATCGGTTCGG-15	0	0	0	0	0	0	0	0	0	0	0	0	0	0	0	0	0	0	0	0
1014_1015	CCTACCATCCTCATTA-15	0	0	0	0	0	0	0	0	0	0	0	0	0	0	0	0	0	0	0	0
1014_1015	CGATGTACAGGAATCG-15	0	0	0	0	0	0	1	0	0	0	0	0	0	0	0	0	0	0	0	0
1016_1017	GCCTCTAAGGATTCGG-16	0	0	0	0	0	0	0	0	0	0	0	0	0	1	0	0	0	1	0	0
1016_1017	AGCCTAAGTCACACGC-16	0	0	0	0	0	0	0	0	0	0	0	0	0	0	0	0	0	0	0	0
1016_1017	AGCGTATCAATCTGCA-16	0	0	0	0	0	0	0	0	0	0	0	0	0	0	0	0	0	0	0	0
1016_1017	CATGGCGCATCGGAAG-16	0	0	0	0	0	0	0	0	0	0	0	0	0	0	0	0	1	0	0	1
1016_1017	AGCGTCGTCCTCAATT-16	0	0	0	0	0	0	0	0	0	0	1	0	0	0	0	0	0	0	0	0
1016_1017	CAGCATAAGAAGGACA-16	0	0	0	0	0	0	0	0	0	0	0	0	1	0	0	0	0	0	0	0
1016_1017	GGCGTGTCACCGCTAG-16	0	0	0	0	0	0	1	0	0	0	0	0	0	0	0	0	0	0	0	0
1016_1017	GGCTCGACAATTGCTG-16	0	0	0	0	0	0	0	0	0	0	0	0	0	0	0	0	0	1	0	1
1016_1017	TCGCGTTCAGCTGGCT-16	0	0	0	0	0	0	0	0	0	0	0	0	0	0	0	0	0	0	0	0
1016_1017	AGGTCATTCGGAGCAA-16	0	0	0	0	0	0	0	0	0	0	0	0	0	0	0	0	0	0	0	0
1016_1017	TTTGTCATCCCATTAT-16	0	0	0	0	0	1	0	0	0	0	1	0	0	0	0	0	0	0	0	1
1016_1017	GGGCACTCATTCTTAC-16	0	0	0	0	1	0	1	0	0	0	0	0	0	0	0	0	1	0	0	1
1016_1017	CAGCATAGTCGCGTGT-16	1	0	0	1	0	0	0	0	0	0	0	0	0	0	0	0	0	0	0	0
1016_1017	CCAATCCAGCCACTAT-16	0	0	0	0	0	0	0	0	0	1	0	0	0	0	0	0	0	0	0	0
1016_1017	GTGCAGCGTTGCGCAC-16	0	0	0	0	0	0	0	0	0	0	0	0	0	0	0	0	0	3	2	0
1016_1017	GTAGTCACACCTCGTT-16	0	0	0	0	0	0	0	0	0	0	0	0	1	1	0	1	0	0	0	0
1016_1017	CAGCTAATCAACGGGA-16	0	0	0	0	0	0	0	0	0	0	0	0	0	0	0	0	0	1	0	0
1016_1017	CACATTTAGCTGATAA-16	0	0	0	0	0	0	0	0	0	0	0	0	0	0	0	0	0	0	0	0
1016_1017	CATGGCGAGGGCTTCC-16	0	0	0	0	0	1	0	0	0	0	0	0	0	0	0	1	0	0	0	0
1016_1017	CAGTAACCATCATCCC-16	0	0	0	0	0	0	0	0	0	0	0	0	1	0	0	0	0	0	0	0
1016_1017	ATTTCTGAGGGTGTTG-16	0	1	0	0	0	0	0	0	0	0	0	0	0	0	0	0	0	1	0	0
1016_1017	CACACCTAGATCCCGC-16	0	0	0	0	0	0	0	0	0	0	1	0	0	0	0	0	0	0	0	0
1016_1017	ATGTGTGCAAACAACA-16	0	0	0	0	0	0	0	0	0	0	0	0	0	0	0	0	0	0	0	1
1016_1017	ATGTGTGGTCCGAATT-16	0	0	0	0	0	0	0	0	0	0	0	0	0	0	0	0	0	1	0	0
1016_1017	CCTCTGACAATGACCT-16	0	0	0	0	0	0	0	0	0	0	0	0	1	0	0	0	0	0	0	0
1016_1017	GTCGTAATCCTGTACC-16	0	0	0	0	0	0	1	0	0	0	1	0	0	0	0	0	0	2	0	1
1016_1017	CAAGGCCAGTCCCACG-16	1	0	0	0	0	0	2	0	0	0	0	0	0	0	0	0	1	1	0	0
1016_1017	CTAAGACTCCTTGCCA-16	0	0	0	0	0	0	0	0	0	0	0	0	0	0	0	0	0	0	0	0
1016_1017	GTAGGCCTCTATGTGG-16	0	0	0	0	0	0	0	0	0	0	0	0	0	0	0	0	0	0	0	0
1016_1017	CCGTTCAAGCACCGCT-16	0	0	0	0	0	0	0	0	1	0	0	0	0	0	0	0	0	0	0	0
1016_1017	TCAGCAAAGAGAACAG-16	0	0	0	0	1	0	1	0	0	0	0	1	0	1	0	0	0	0	0	0
1016_1017	CACCACTAGCCGATTT-16	0	0	0	0	0	0	0	0	0	0	0	0	0	0	0	0	0	1	0	0
1016_1017	GTACTCCAGCCATCGC-16	0	0	0	0	0	0	0	0	0	0	0	1	0	0	0	0	0	0	0	0
1016_1017	CGTGAGCTCTACGAGT-16	0	0	0	0	0	0	0	0	0	0	1	0	0	0	0	0	0	0	0	1
1016_1017	GGAACTTTCCGTACAA-16	0	0	0	0	0	0	0	0	0	0	0	0	0	0	0	0	0	0	0	0
1016_1017	ACGCCAGCAGACGCAA-16	0	0	0	0	0	0	0	0	0	0	0	0	0	0	0	0	0	1	0	0
1016_1017	TTCTTAGCATGCGCAC-16	0	0	0	0	0	0	0	0	0	0	0	0	0	0	0	1	0	0	0	0
1016_1017	GCTTGAATCTCGATGA-16	1	0	0	0	0	0	0	0	0	0	0	0	0	0	0	0	0	1	0	0
1016_1017	AACACGTAGTATGACA-16	0	0	0	0	0	0	0	0	0	0	1	0	0	0	0	0	0	0	0	0
1016_1017	AACCGCGAGGCATGTG-16	0	0	0	0	0	0	0	0	0	0	0	0	2	1	0	0	0	1	1	0
1016_1017	GACAGAGTCTTTCCTC-16	0	0	0	0	0	1	0	0	0	0	0	0	0	0	0	0	0	0	0	0
1016_1017	GACGCGTCAGCAGTTT-16	0	0	0	0	0	0	0	0	0	0	0	0	0	0	0	0	0	0	0	0
1016_1017	AACTCAGTCATGCTCC-16	0	0	0	0	0	0	0	0	0	0	0	0	0	1	0	0	1	1	0	0
1016_1017	GACGTGCAGATAGGAG-16	0	0	0	0	0	0	0	0	0	0	0	0	0	0	0	1	0	0	0	0
1016_1017	TGCTGCTAGGCAGGTT-16	0	0	0	0	0	1	0	0	0	0	0	0	1	0	0	0	0	1	0	1
1016_1017	TACTTACAGTGACTCT-16	1	0	0	0	0	0	0	0	0	0	0	0	0	0	0	0	0	0	0	0
1016_1017	TGCGTGGAGCCCTAAT-16	0	0	0	0	0	0	0	0	0	0	0	0	0	0	0	0	0	0	0	0
1016_1017	GATGAAAGTGTCCTCT-16	0	0	0	0	0	0	0	0	0	0	0	0	0	0	0	0	0	0	0	0
1016_1017	TGCGCAGCAGACGCCT-16	0	0	0	0	0	0	0	0	0	0	0	0	0	0	0	0	0	1	0	0
1016_1017	TACTTACTCAGCTCTC-16	0	0	0	0	0	0	0	0	0	0	0	0	0	0	0	0	0	1	0	0
1016_1017	GCGAGAACATTTCACT-16	0	0	0	0	0	0	0	0	0	0	0	0	0	0	0	0	0	0	0	0
1016_1017	TGCCCATGTGTATGGG-16	0	0	0	0	0	0	0	0	0	0	0	0	0	0	0	0	0	1	0	0
1016_1017	GATTCAGAGGCGTACA-16	0	0	0	0	0	0	0	0	0	0	0	0	0	0	0	0	0	1	0	0
1016_1017	TGAGCCGCACAAGACG-16	0	0	0	0	0	0	0	0	0	0	0	0	0	0	0	0	0	0	0	0
1016_1017	GGACATTGTAGCTTGT-16	0	0	0	0	0	0	0	0	0	0	0	0	0	0	0	0	0	0	0	0
1016_1017	ACTGATGGTACCGGCT-16	0	0	0	0	0	0	0	0	0	0	0	0	0	0	0	0	0	0	0	0
1016_1017	CACTCCAGTGCACTTA-16	0	0	0	0	0	0	0	0	0	0	0	0	0	0	0	0	0	0	0	0
1016_1017	TTAACTCGTGTGGCTC-16	0	0	0	0	0	1	0	0	0	0	0	0	1	0	0	0	0	1	0	0
1016_1017	AGACGTTAGCAGGTCA-16	0	0	0	0	0	0	0	1	0	0	0	0	0	0	0	0	0	1	0	0
1016_1017	TCTATTGCAGCGAACA-16	0	0	0	0	0	3	0	0	0	0	0	0	0	0	0	0	0	2	0	0
1016_1017	TTAGGCACATGCGCAC-16	0	0	0	0	0	0	0	0	0	1	0	0	0	0	0	0	0	1	0	0
1016_1017	TTCCCAGCAGCTCGCA-16	0	0	0	0	0	0	0	0	0	0	0	0	0	0	0	0	0	2	0	0
1018_1019	ACTTACTGTTGTCGCG-16	0	0	0	0	0	2	1	0	0	0	1	0	0	0	0	0	0	0	0	0
1018_1019	GTCTCGTGTACATCCA-16	0	0	0	0	0	0	0	0	0	0	0	0	0	0	0	1	0	0	0	0
1018_1019	AGGGAGTCATGCAACT-16	0	0	0	0	0	0	0	0	0	0	0	0	0	0	0	0	0	0	0	0
1018_1019	TAAGAGAAGAAAGTGG-16	0	0	1	0	0	0	0	0	0	0	0	0	0	0	0	0	0	1	0	0
1018_1019	ACAGCCGTCAAAGTAG-16	0	0	0	0	0	0	0	0	0	0	0	0	0	0	0	0	0	0	0	0
1018_1019	ACTTTCAAGTCACGCC-16	0	0	0	0	0	0	0	0	0	0	0	0	0	0	0	0	0	0	0	0
1018_1019	CACAAACCAACCGCCA-16	0	0	0	0	0	2	0	0	0	0	0	0	0	0	0	1	0	0	0	0
1018_1019	ATAGACCAGGACTGGT-16	0	0	0	0	0	0	0	0	0	0	0	0	0	0	0	0	0	0	0	0
1018_1019	AGAATAGAGTAATCCC-16	0	0	0	0	0	0	0	0	0	0	0	0	0	0	0	0	0	0	0	0
1018_1019	CACACTCAGCCCAGCT-16	0	0	0	0	1	1	0	0	0	0	0	0	0	0	0	0	0	1	0	0
1018_1019	AGCTCTCAGGTGCACA-16	0	0	0	0	0	0	0	0	0	0	2	0	0	0	0	0	0	0	0	0
1018_1019	AGCTCCTTCAAAGACA-16	0	0	0	0	0	0	0	0	0	0	0	0	0	0	0	0	0	1	0	0
1018_1019	AGAATAGCACCAACCG-16	0	0	0	1	0	0	0	0	0	0	0	0	0	0	0	0	0	0	0	0
1018_1019	AGAATAGTCAAACAAG-16	0	0	0	0	0	1	0	0	0	0	0	0	0	0	0	0	0	0	0	0
1018_1019	AGATTGCAGTCGCCGT-16	0	0	0	0	0	0	0	0	0	0	0	0	0	0	0	0	0	0	1	0
1018_1019	ACACCGGGTTTGTTGG-16	0	0	0	0	0	0	0	0	0	0	0	0	1	0	0	1	0	1	0	0
1018_1019	CAAGATCTCAGTTTGG-16	0	0	0	0	0	0	0	0	0	0	0	0	0	0	0	0	0	1	0	0
1018_1019	AGGCCGTAGTCAATAG-16	0	0	0	0	0	0	0	1	0	0	0	0	0	0	0	0	0	0	0	0
1018_1019	AGGTCCGAGCCACGTC-16	0	0	0	0	0	1	0	0	0	0	0	0	1	0	0	0	0	0	0	0
1018_1019	GTGCAGCTCCAGTAGT-16	0	0	0	0	0	0	1	0	0	0	0	0	1	0	0	0	0	0	0	0
1018_1019	ATCACGAAGGACCACA-16	0	0	0	0	0	0	0	0	0	0	0	0	0	0	0	0	0	1	0	0
1018_1019	ATCGAGTAGAGGGCTT-16	0	0	0	0	0	0	0	0	0	0	0	0	0	0	0	0	0	0	0	0
1018_1019	ATAACGCAGTCGATAA-16	0	0	0	0	0	0	0	0	0	0	0	0	0	0	0	0	0	0	0	0
1018_1019	ACTGAACTCAAAGACA-16	0	0	0	0	0	0	0	0	0	0	0	0	0	0	0	0	0	0	0	0
1018_1019	ACTATCTAGCCTATGT-16	0	0	0	0	0	0	0	0	0	0	0	0	0	0	0	0	0	0	0	0
1018_1019	AGTTGGTCAAGAAAGG-16	0	0	0	0	0	0	0	0	1	0	0	0	0	0	0	0	0	1	0	0
1018_1019	GTTCGGGTCAACCAAC-16	1	0	0	0	0	0	0	0	0	0	2	0	0	0	0	0	0	2	0	0
1018_1019	ACGAGCCAGCTAGCCC-16	1	0	0	0	0	0	0	0	0	0	0	1	0	0	0	0	0	0	0	0
1018_1019	GTGAAGGAGGTGATTA-16	0	0	0	0	0	0	0	0	0	0	0	0	0	0	0	0	0	0	0	0
1018_1019	AGTGGGAAGCTAGGCA-16	0	0	0	0	0	0	0	0	0	0	1	0	0	0	0	0	0	0	0	0
1018_1019	ACCTTTAGTACCGTAT-16	0	0	0	0	0	1	0	0	0	0	0	0	0	0	0	0	0	0	2	0
1018_1019	ACTGATGTCCGAACGC-16	0	0	0	0	0	0	0	0	0	0	0	0	0	0	0	0	0	0	0	0
1018_1019	GTTTCTATCCTACAGA-16	0	0	0	0	0	0	0	0	0	0	0	0	0	0	0	0	0	2	0	0
1018_1019	ACCAGTAGTGTTGGGA-16	0	0	0	0	0	1	0	0	0	0	0	0	0	0	0	0	0	0	0	1
1018_1019	GTGCATATCCTTTCGG-16	0	0	0	0	0	0	0	0	0	0	1	0	0	0	0	0	0	0	0	0
1018_1019	GTGCATAAGATAGCAT-16	0	0	0	0	0	0	0	0	0	0	0	0	0	0	0	0	0	0	0	0
1018_1019	GTTAAGCCAGATGAGC-16	1	0	0	0	0	0	0	0	0	0	0	0	0	0	0	0	0	0	0	0
1018_1019	CAACTAGTCAACCAAC-16	0	0	0	0	0	0	0	0	0	0	0	0	1	0	0	0	0	0	0	0
1018_1019	ATTATCCAGGCATTGG-16	0	0	0	0	0	0	0	0	0	0	0	0	0	0	0	0	0	0	0	0
1018_1019	AGCATACGTTCCCTTG-16	0	0	0	0	0	0	0	0	0	0	0	0	0	0	0	0	0	0	0	0
1018_1019	GCATGTAGTCTCGTTC-16	0	0	0	0	0	0	0	0	0	0	0	0	0	0	0	0	0	0	0	0
1018_1019	CAGCTGGCATACAGCT-16	0	0	0	0	0	0	0	0	0	0	0	0	0	0	0	0	0	0	0	0
1018_1019	CGTTAGATCTCCCTGA-16	0	0	0	0	0	0	0	0	0	0	0	0	0	0	0	1	0	0	0	0
1018_1019	GGCCGATCAGTACACT-16	0	0	0	0	0	0	0	0	0	0	0	0	1	0	0	0	0	1	0	0
1018_1019	CTACATTGTGCGATAG-16	0	0	0	0	0	0	0	0	0	0	0	0	1	0	0	0	0	1	0	0
1018_1019	CTACCCATCATTTGGG-16	0	0	0	0	0	0	1	0	0	0	0	0	0	0	0	0	0	0	0	0
1018_1019	CTACGTCGTAACGTTC-16	0	0	0	0	0	0	0	0	0	0	1	0	0	0	0	0	0	0	0	0
1018_1019	GGATTACGTTCGCGAC-16	0	0	0	0	0	0	0	0	0	0	0	0	0	0	0	0	0	0	0	0
1018_1019	GGATTACAGGCCGAAT-16	0	0	0	0	0	0	0	0	0	0	0	0	0	0	0	0	0	0	0	0
1018_1019	CTCAGAAAGGGAAACA-16	0	0	0	0	0	0	0	0	0	0	0	0	0	0	0	0	0	0	1	0
1018_1019	GGATGTTAGGCTCATT-16	0	0	0	0	0	0	0	0	0	0	0	0	0	0	0	1	0	0	0	0
1018_1019	CTCGAAAAGATCTGCT-16	0	0	0	0	0	0	0	0	0	0	0	0	0	1	0	1	0	0	0	0
1018_1019	CTCGAGGAGTGAAGTT-16	0	0	0	0	0	0	0	0	0	0	0	0	0	0	0	0	0	1	0	0
1018_1019	GGAGCAATCTGCTGTC-16	0	0	0	1	0	0	1	0	0	0	0	0	0	0	0	0	0	0	0	0
1018_1019	CTCGGGACATTCTTAC-16	0	0	0	0	0	0	0	0	0	0	1	0	0	0	1	0	0	1	0	0
1018_1019	CTCGTCAAGATGTTAG-16	0	0	0	0	0	0	0	0	0	0	0	0	1	0	0	0	0	0	0	0
1018_1019	CTCGTCATCGGAAATA-16	0	0	0	0	0	0	0	0	0	0	0	0	0	0	0	0	0	0	0	0
1018_1019	CTCTAATGTTTCCACC-16	0	0	0	0	0	1	0	0	0	0	1	0	1	0	0	0	2	0	0	0
1018_1019	CTTAGGAAGACTGGGT-16	0	0	0	0	0	0	0	0	0	0	0	0	0	0	0	0	1	0	0	0
1018_1019	GCATGATTCTTCTGGC-16	0	0	0	0	0	0	0	0	0	0	0	0	0	0	0	0	0	1	0	0
1018_1019	GCATACATCGGCTACG-16	0	0	0	0	0	1	1	0	0	0	0	0	0	0	0	0	0	0	0	0
1018_1019	GATGCTATCGCTAGCG-16	0	0	0	0	0	0	1	0	0	0	0	0	0	0	0	1	0	0	0	0
1018_1019	GATCGCGGTCTTGTCC-16	0	0	0	0	0	0	0	0	0	0	0	0	0	0	0	0	0	0	0	1
1018_1019	GATCAGTTCCGCATCT-16	0	0	0	0	0	0	0	0	0	0	0	0	0	0	0	0	0	0	0	0
1018_1019	GACGTTAGTACTTCTT-16	0	0	0	0	0	0	0	0	0	0	0	0	0	0	0	0	0	0	1	0
1018_1019	CGTGTCTCAGGTGGAT-16	0	0	0	0	0	0	0	0	0	0	0	0	0	0	0	1	0	1	0	0
1018_1019	GACGGCTCAATCGAAA-16	0	0	0	1	0	1	0	0	0	0	0	0	0	0	0	0	0	1	1	0
1018_1019	GAATGAACAGTATCTG-16	0	0	0	0	0	1	0	0	0	0	0	0	0	0	0	0	0	0	0	0
1018_1019	GCTGCTTGTGTCAATC-16	0	0	0	0	0	0	0	0	0	0	0	0	1	0	0	0	0	1	0	0
1018_1019	GAACCTAAGCCCAATT-16	0	0	0	0	0	0	0	0	0	0	0	0	0	0	0	0	0	0	0	0
1018_1019	GGAAAGCCATGTTCCC-16	0	0	0	0	0	0	0	0	0	0	0	1	0	0	0	0	0	0	0	0
1018_1019	GGACAAGTCAGGTTCA-16	0	0	0	0	0	0	0	0	0	0	0	0	0	0	0	0	0	0	0	0
1018_1019	CTTAGGAGTGACTACT-16	0	0	0	0	0	0	0	0	0	0	0	0	0	0	0	0	0	0	0	0
1018_1019	GACACGCGTACATGTC-16	0	0	0	0	0	1	0	0	0	0	0	0	0	0	0	0	0	0	0	0
1018_1019	CAGCAGCTCTCCAACC-16	0	0	0	0	0	0	0	0	0	0	0	0	0	0	0	0	0	1	0	0
1018_1019	CGTGTAAAGTTGAGAT-16	0	0	0	0	0	0	0	0	0	0	0	0	0	0	0	0	0	0	0	0
1018_1019	GGCGACTCAGTATAAG-16	0	0	0	0	0	1	0	0	0	0	1	0	0	0	0	0	0	0	1	0
1018_1019	GTCACGGTCTTGGGTA-16	0	0	0	0	0	0	1	0	0	0	0	0	0	0	0	0	0	0	0	0
1018_1019	CATATGGGTTCCACAA-16	0	0	0	0	0	0	0	0	0	0	0	0	0	0	0	0	0	0	0	0
1018_1019	CATCCACCATCACCCT-16	0	0	0	0	0	0	0	0	0	0	0	0	0	0	0	0	0	0	0	0
1018_1019	CATCGAATCAGAAATG-16	0	0	0	0	0	0	1	0	0	0	0	0	0	0	0	0	0	0	0	0
1018_1019	CATGCCTAGTGAACAT-16	0	0	0	0	0	0	0	0	0	0	0	0	0	0	0	0	0	1	0	0
1018_1019	CATGCCTAGTGACTCT-16	0	0	0	0	0	0	1	0	0	0	0	0	0	0	0	0	0	0	0	0
1018_1019	CATTCGCCAGCCTTGG-16	0	0	0	0	0	0	0	0	0	0	1	0	0	0	0	0	0	0	0	0
1018_1019	CCAATCCAGTTATCGC-16	0	0	0	0	0	0	0	0	0	0	1	0	0	0	0	0	0	0	0	0
1018_1019	CCAATCCCATCGGGTC-16	0	0	0	0	0	0	0	0	0	0	0	0	0	0	0	0	0	0	0	1
1018_1019	CCAGCGAAGTTAGGTA-16	0	0	0	0	0	0	0	0	0	0	0	0	0	0	0	0	0	1	0	0
1018_1019	CCATGTCGTATGCTTG-16	0	0	0	0	0	0	1	0	0	0	0	0	0	0	0	0	0	0	0	0
1018_1019	CCCAATCGTCGGCATC-16	0	0	0	0	0	0	1	0	0	0	0	0	0	0	0	0	0	0	0	0
1018_1019	CCCAGTTCACAGGCCT-16	0	0	0	0	0	2	0	0	0	0	2	0	0	1	1	0	0	0	0	0
1018_1019	GTAGTCAAGCTGTTCA-16	0	0	0	0	0	1	0	0	0	0	0	0	0	0	0	0	0	0	0	0
1018_1019	CCTATTACACCGCTAG-16	1	0	0	0	0	0	0	0	0	0	0	0	0	0	0	0	0	0	0	0
1018_1019	CCTCAGTGTAAACCTC-16	0	0	0	0	0	0	0	0	0	0	0	0	1	0	0	0	0	2	0	0
1018_1019	CCTTCCCCATTAACCG-16	0	0	0	0	0	0	0	0	0	0	0	0	1	0	0	0	0	0	0	0
1018_1019	CGTCCATAGTACGTTC-16	0	0	0	0	0	0	0	0	0	0	0	0	0	0	0	0	0	0	0	0
1018_1019	GGCTGGTAGGTGATTA-16	0	0	0	0	0	0	0	0	0	0	1	0	0	0	0	0	0	1	0	0
1018_1019	CGGTTAAGTAGCGTAG-16	0	0	0	0	0	0	0	0	0	0	0	0	0	0	0	1	0	0	1	0
1018_1019	GGGATGATCGCCGTGA-16	0	0	0	0	0	0	0	0	0	0	0	0	0	0	0	0	0	1	0	0
1018_1019	CGGGTCAAGTCGATAA-16	0	0	0	0	0	0	0	0	0	0	0	0	0	0	0	0	0	0	0	0
1018_1019	CGGAGTCTCGTAGGAG-16	0	0	0	0	0	0	0	0	0	0	0	0	0	1	0	0	0	0	0	0
1018_1019	GGCCGATCATACAGCT-16	0	0	0	0	0	0	0	0	0	0	0	0	0	0	0	0	0	1	0	1
1018_1019	CGCGTTTTCGCGGATC-16	0	0	0	0	0	0	0	0	0	0	0	0	0	0	0	0	0	0	0	0
1018_1019	CGCCAAGAGCCAGGAT-16	0	0	0	0	0	0	0	0	0	0	0	0	0	0	0	0	0	0	0	0
1018_1019	CGCCAAGAGACAGACC-16	0	0	0	0	0	0	0	0	0	0	0	0	0	0	0	0	0	0	0	0
1018_1019	GGTGTTAGTCGAGTTT-16	0	0	0	0	0	0	0	0	0	0	0	0	0	0	0	0	0	1	0	1
1018_1019	GTAACTGCATCGTCGG-16	0	0	0	0	0	0	0	0	0	0	0	0	0	0	0	1	0	1	0	0
1018_1019	CGAATGTAGCACCGCT-16	0	0	0	0	0	0	0	0	0	0	1	0	1	0	0	0	0	0	0	0
1018_1019	GTACGTAGTCCATCCT-16	0	0	0	0	0	0	0	0	0	0	0	0	0	0	0	0	0	1	0	0
1018_1019	CGCCAAGGTTGATTGC-16	0	0	0	0	0	0	0	0	0	0	0	0	0	0	0	0	1	0	0	0
1018_1019	CCGTGGAGTGTCTGAT-16	0	0	0	0	0	0	0	0	0	0	0	0	0	0	0	0	0	0	0	0
1018_1019	AGCCTAACATTCTTAC-16	0	0	0	0	0	0	0	0	0	0	0	0	1	0	0	0	0	0	0	0
1018_1019	TACTTGTTCCCAAGAT-16	0	0	0	0	0	0	0	0	0	0	0	0	0	0	0	0	0	1	0	0
1018_1019	TCCCGATCATCACAAC-16	0	0	0	0	0	0	0	0	0	0	0	0	0	0	1	0	0	2	0	0
1018_1019	TCGGGACGTACTTCTT-16	0	0	0	0	0	0	0	0	0	0	0	0	0	0	0	0	0	1	0	0
1018_1019	TCGGTAATCTGATTCT-16	0	0	0	0	0	0	1	0	0	0	1	0	0	0	0	0	0	0	0	0
1018_1019	TCTATTGCAGGTGCCT-16	0	0	0	0	0	1	0	0	0	0	0	0	0	0	0	0	0	0	1	0
1018_1019	TCTCATAAGTGAACGC-16	1	0	0	0	0	0	0	0	0	0	0	0	0	0	0	0	0	0	0	0
1018_1019	TCTCTAACATTGGCGC-16	0	0	0	0	0	0	0	0	0	0	0	0	0	0	0	0	0	0	1	0
1018_1019	TCTTCGGGTAAGAGAG-16	0	0	0	0	0	0	1	0	0	0	0	0	0	0	0	0	0	0	0	0
1018_1019	TGAAAGATCTAACTCT-16	0	0	0	0	0	0	0	0	0	0	0	0	0	0	0	0	0	1	0	0
1018_1019	TGCGCAGTCTGCGGCA-16	0	0	0	0	0	0	0	0	0	0	0	0	0	0	0	1	0	1	0	0
1018_1019	TGCTGCTGTTTGTTGG-16	0	0	0	0	0	0	0	0	0	0	0	0	0	0	0	0	0	0	0	0
1018_1019	TGGCGCACAGCATGAG-16	0	0	0	0	0	0	0	0	0	0	0	0	1	0	0	0	0	0	0	0
1018_1019	TGGGCGTTCCTTAATC-16	0	0	0	0	0	0	0	0	0	0	0	0	0	0	0	0	0	0	0	0
1018_1019	TGGTTCCAGTGCTGCC-16	0	0	0	0	0	0	0	0	0	0	0	0	0	0	0	0	0	1	0	0
1018_1019	TGTATTCAGAGATGAG-16	0	0	0	0	0	0	0	0	0	0	0	0	0	1	0	0	0	0	0	0
1018_1019	TGTCCCAGTGAGTGAC-16	0	0	0	0	0	0	0	0	0	0	0	0	0	0	0	1	0	0	0	0
1018_1019	TGTGTTTCACACTGCG-16	0	0	0	0	0	1	0	0	0	0	1	0	1	0	0	0	0	0	0	0
1018_1019	TGTGTTTCATTGAGCT-16	0	0	0	0	0	0	0	0	0	0	0	0	0	0	0	0	0	0	0	0
1018_1019	TGTTCCGTCCTGCAGG-16	0	0	0	0	0	0	0	0	0	0	0	0	0	0	0	0	0	0	0	0
1018_1019	TTGACTTCACGACGAA-16	0	0	0	0	0	0	0	0	0	0	0	0	0	0	0	0	0	0	0	0
1018_1019	TTGACTTCACGTAAGG-16	0	0	0	0	0	0	0	0	0	0	0	0	0	0	0	0	0	0	0	0
1018_1019	TTGCGTCTCTCGATGA-16	0	0	0	0	0	0	0	0	0	0	0	0	0	0	0	0	0	0	0	0
1018_1019	AAGCCGCAGCTTCGCG-16	0	0	0	0	0	0	0	0	0	0	0	0	0	0	0	0	0	0	1	0
1018_1019	TTTGCGCTCACTGGGC-16	0	0	0	0	0	0	0	0	0	0	0	0	0	0	0	0	0	0	0	0
1018_1019	TCATTACGTCTCATCC-16	0	0	0	0	0	0	0	0	0	0	0	0	0	0	0	1	0	0	0	0
1018_1019	TCATTACAGCTGTTCA-16	0	0	0	0	0	0	0	0	0	0	0	0	0	0	0	0	0	0	0	0
1018_1019	TGAGGGAGTGGACGAT-16	0	0	0	0	0	0	0	0	0	0	0	0	0	0	0	0	0	1	0	0
1018_1019	TCAGGTACATTATCTC-16	0	0	0	0	0	0	0	0	0	0	0	0	1	0	0	0	0	0	0	0
1018_1019	TCAATCTCATAAAGGT-16	0	0	0	0	0	0	0	0	0	0	0	0	2	0	0	0	0	0	0	0
1018_1019	AACTGGTAGTGTCCAT-16	0	0	0	0	0	0	0	0	0	0	0	0	0	0	0	0	0	0	0	0
1018_1019	AAATGCCTCATATCGG-16	0	0	0	0	0	0	0	0	0	0	0	0	0	0	0	0	0	0	0	0
1018_1019	TAGACCACAAAGGCGT-16	0	0	0	0	0	0	0	0	0	0	0	0	0	0	0	0	0	0	0	0
1018_1019	TATCAGGAGTGGACGT-16	0	0	0	0	0	0	0	0	0	0	0	0	0	0	0	0	0	0	0	0
1018_1019	AAGACCTAGTTAACGA-16	0	0	0	0	0	0	1	0	0	0	0	0	0	0	0	0	0	0	0	0
1018_1019	TCACAAGCAAGCCCAC-16	0	0	0	0	0	0	0	0	0	0	0	0	0	0	0	0	0	0	0	0
1018_1019	AAAGCAAAGCGATATA-16	0	0	0	0	0	0	0	0	0	0	0	0	1	0	0	0	0	0	0	0
1018_1019	TCAGCAACAGCGAACA-16	0	0	0	0	0	0	0	0	0	0	0	0	0	0	0	0	0	0	0	0
1018_1019	TCAGATGCAGTGAGTG-16	0	0	0	0	0	1	0	0	0	0	0	0	0	0	0	0	0	0	0	0
1019_1020	CGTCACTAGGTTCCTA-16	0	0	0	0	1	0	0	0	0	0	0	0	0	0	0	0	1	0	0	0
1019_1020	GTCATTTAGGTTACCT-16	0	0	0	0	0	0	3	0	0	0	0	0	0	0	0	0	0	1	0	0
1019_1020	CCTTCCCCAATACGCT-16	0	0	0	0	0	0	0	0	0	0	0	0	0	0	0	0	0	1	0	0
1019_1020	GTGCATAGTTGAGGTG-16	0	0	0	0	2	0	1	0	0	0	0	1	1	0	0	0	1	0	0	0
1019_1020	CACAGTAGTCGCATCG-16	1	0	0	0	0	1	0	0	0	0	1	0	0	0	0	1	0	1	0	0
1021_1022	TTCTCCTCAGTATCTG-16	0	0	0	1	0	0	0	0	0	0	0	0	0	0	0	0	0	0	0	1
1021_1022	TGGCCAGAGACGACGT-16	0	0	0	0	0	0	0	0	0	0	0	0	0	0	0	0	0	0	0	0
1021_1022	TGGCGCAAGATGTAAC-16	0	0	0	0	0	0	0	0	0	0	0	0	0	0	0	0	0	0	0	0
1021_1022	GACACGCTCAGCCTAA-16	0	0	0	0	0	0	0	0	0	0	0	0	0	0	0	0	0	0	0	0
1021_1022	GACACGCGTTACCAGT-16	0	0	0	0	0	0	0	0	0	0	0	0	0	0	0	0	0	0	0	0
1021_1022	TGGCTGGGTCGCGTGT-16	0	0	0	0	0	0	0	0	0	0	0	0	0	0	0	0	0	0	0	0
1021_1022	GAATAAGCAAAGTCAA-16	0	0	0	0	0	0	0	0	0	0	0	0	0	0	0	0	0	0	0	1
1021_1022	TTGTAGGCAAGCGCTC-16	0	0	0	0	0	0	0	0	0	0	0	0	0	0	0	0	0	0	0	0
1021_1022	ATCGAGTCACATAACC-16	0	0	0	0	0	0	0	0	0	0	1	0	0	0	0	0	0	0	1	0
1021_1022	TGTATTCGTGTCCTCT-16	0	0	0	0	0	0	0	0	0	0	0	0	0	0	0	0	0	0	0	0
1021_1022	CTAGTGACAAGCTGAG-16	0	0	0	0	0	0	0	0	0	0	0	0	0	0	0	0	0	0	0	0
1021_1022	TGTCCCAGTACGAAAT-16	0	0	0	0	0	0	0	0	0	0	0	0	0	0	0	0	0	0	0	0
1021_1022	TGTTCCGGTCCAGTGC-16	0	0	0	0	0	0	1	0	0	0	0	0	0	0	0	0	0	0	0	0
1021_1022	GAGCAGAGTCACCTAA-16	0	0	0	0	0	0	0	0	0	0	0	0	0	0	0	0	0	0	0	0
1021_1022	ATTATCCTCAGGCCCA-16	0	0	0	0	0	0	0	0	1	0	0	0	0	0	0	0	0	0	0	0
1021_1022	CTCGGGACAAGTTGTC-16	0	0	0	0	0	1	0	0	0	0	0	0	0	0	0	1	0	0	0	0
1021_1022	CTCGGGAAGGTGATAT-16	0	0	0	0	0	0	0	0	0	0	1	0	0	0	0	0	0	0	0	0
1021_1022	CAAGAAACACGGCCAT-16	0	0	0	0	0	0	0	0	0	0	0	0	0	0	0	0	0	0	0	0
1021_1022	CTACACCGTGTGCCTG-16	0	0	0	0	1	1	0	0	0	0	1	0	1	0	0	1	0	1	0	0
1021_1022	TGTATTCAGGCCCGTT-16	0	0	0	0	0	0	0	0	0	0	0	0	0	1	0	0	0	0	0	0
1021_1022	GATCGCGAGATAGTCA-16	0	0	0	0	0	0	1	0	0	0	0	0	1	0	0	0	1	0	0	0
1021_1022	GCTGGGTCATGTCGAT-16	2	0	0	0	0	0	0	0	0	0	1	0	0	0	0	0	0	0	0	0
1021_1022	TGCACCTGTAAACCTC-16	0	0	0	0	0	0	0	0	0	0	0	0	0	0	0	0	0	0	0	0
1021_1022	AACTTTCAGGTGACCA-16	0	0	0	0	0	0	0	0	0	0	0	0	0	0	0	0	0	0	0	0
1021_1022	GTTTCTATCGTATCAG-16	0	0	0	0	0	0	0	0	0	0	1	0	0	0	0	0	0	0	0	0
1021_1022	TAGGCATGTGCAGACA-16	0	0	0	0	0	0	0	0	0	0	0	0	0	0	0	0	0	0	0	0
1021_1022	GTTAAGCGTCCTGCTT-16	0	0	0	0	0	0	0	0	0	0	0	0	1	1	0	0	0	0	0	0
1021_1022	GTGTTAGCAGACGTAG-16	0	0	0	0	0	1	0	0	0	0	0	0	0	0	0	0	0	0	0	0
1021_1022	GTGCTTCAGATCTGAA-16	0	0	0	0	0	0	0	0	0	0	0	0	0	0	0	0	0	1	0	0
1021_1022	GTGCGGTCATGGTTGT-16	1	0	0	0	0	0	0	0	0	0	0	0	0	0	0	0	0	1	0	1
1021_1022	AACACGTGTTCGAATC-16	0	0	0	0	0	0	0	0	0	0	0	0	0	0	0	0	0	0	0	0
1021_1022	GTATCTTGTCCAAGTT-16	0	0	0	0	0	1	0	0	0	0	0	0	1	0	0	0	0	0	0	1
1021_1022	TCACGAATCTCGTATT-16	0	0	0	0	0	0	0	0	0	0	0	0	0	0	0	0	0	0	0	0
1021_1022	GTAGTCATCACGCGGT-16	0	0	0	0	0	0	0	0	0	0	1	0	0	0	0	0	0	0	0	0
1021_1022	ACGCAGCGTCCCTACT-16	0	0	0	0	0	0	0	0	0	0	0	0	0	0	0	0	0	0	0	0
1021_1022	ACGGCCATCTTCATGT-16	0	0	0	0	0	0	0	0	0	0	0	0	0	0	0	0	0	0	0	0
1021_1022	TCAGGATCAGTCGATT-16	0	0	0	0	0	0	0	0	0	0	0	0	0	0	0	1	0	1	0	0
1021_1022	GGGTCTGGTATTCGTG-16	0	0	0	0	0	0	0	0	0	0	0	0	0	0	0	0	0	0	0	0
1021_1022	TCCACACTCTGTGCAA-16	0	0	0	0	0	0	0	0	0	0	0	0	0	0	0	0	0	0	0	0
1021_1022	GGGACCTCAAGGACTG-16	0	0	0	0	0	0	0	0	0	0	1	0	0	0	0	0	0	0	0	0
1021_1022	GGCTGGTCATGACGGA-16	0	0	0	0	0	0	1	0	0	0	0	0	0	0	0	0	0	0	0	0
1021_1022	GGCCGATCAAGTCATC-16	0	0	0	0	0	1	0	0	0	0	0	0	1	0	0	0	0	1	0	0
1021_1022	TCTCATACACCAACCG-16	0	0	0	0	0	0	1	0	0	0	0	0	1	0	0	0	0	0	0	0
1021_1022	GGAATAACACAAGACG-16	0	0	0	0	0	0	0	0	0	0	0	0	0	0	0	0	0	1	1	0
1021_1022	CGGAGTCCAAGCTGTT-16	0	0	0	0	0	0	1	0	0	0	0	0	0	0	0	0	0	0	0	0
1021_1022	GCGACCAGTTCGCTAA-16	0	0	0	0	0	0	0	0	0	0	0	0	0	0	0	0	0	2	0	0
1021_1022	GCATGCGGTTTGACAC-16	0	0	0	0	0	0	0	0	1	0	0	0	0	0	0	0	0	0	0	0
1021_1022	GCAGCCACATTCCTGC-16	0	0	0	0	0	0	0	0	0	0	1	0	0	0	0	0	0	0	0	0
1021_1022	GATCGCGCATCCTTGC-16	0	0	0	0	0	0	0	0	0	0	0	0	1	0	0	0	0	0	0	0
1021_1022	CGATGGCAGAGGTACC-16	0	0	0	0	0	0	0	0	0	0	0	0	0	0	0	0	0	0	0	0
1021_1022	GAACATCGTCCGTTAA-16	0	0	0	0	0	0	0	0	0	0	0	0	0	0	0	1	0	0	1	0
1021_1022	CCGGGATAGGCAAAGA-16	0	0	0	0	0	0	1	0	0	0	0	0	0	0	0	0	0	0	0	0
1021_1022	CAGCCGAAGGAGTCTG-16	1	0	0	0	0	0	0	0	0	0	0	0	0	0	0	0	0	0	0	0
1021_1022	CATTCGCTCTTTAGTC-16	0	0	0	0	0	0	0	0	0	0	0	0	0	0	0	0	0	1	0	0
1021_1022	CAGGTGCAGATGTTAG-16	0	0	0	0	0	1	0	0	0	1	0	0	0	0	0	0	0	0	0	0
1021_1022	CCGGTAGGTCTTCGTC-16	0	0	0	0	0	0	1	0	0	0	0	0	0	0	0	1	0	0	0	0
1021_1022	CACCAGGTCTTTACAC-16	0	0	0	0	0	0	3	0	0	0	0	0	1	0	0	0	0	0	0	0
1021_1022	CATCAAGTCGCCTGTT-16	0	0	0	0	0	0	0	0	0	0	0	0	0	0	0	0	0	0	0	1
1021_1022	CAGTAACTCCGCATCT-16	0	0	0	0	0	1	0	0	0	0	0	0	0	0	0	0	0	1	0	0
1021_1022	CACATAGCATAACCTG-16	0	0	0	0	1	0	0	0	0	0	0	0	0	0	0	0	0	0	0	0
1021_1022	CAGAATCCAATGGTCT-16	0	0	0	0	0	0	0	0	0	0	0	0	0	0	0	0	0	1	0	0
1023_1024	TCTATTGCATAGGATA-16	0	0	0	0	0	0	0	0	0	0	0	0	0	0	0	0	0	0	0	0
1023_1024	GAGTCCGCAAGTCATC-16	0	0	0	0	0	1	0	0	0	0	1	0	0	0	0	1	0	0	0	0
1023_1024	TGCGTGGTCTCGATGA-16	0	0	0	0	0	0	0	0	0	0	0	0	0	0	0	0	0	0	0	0
1023_1024	GATCGATAGGATGGTC-16	0	0	0	0	0	0	0	0	0	0	0	0	0	0	0	0	0	0	0	0
1023_1024	GACTACACAGCCTTGG-16	0	0	0	0	0	0	1	0	0	0	0	0	0	0	0	0	0	0	0	0
1023_1024	TGCGTGGTCGTTACAG-16	0	0	0	0	0	0	0	0	0	0	0	0	0	0	0	0	0	0	0	0
1023_1024	CATTATCAGTGGACGT-16	0	0	0	0	0	0	0	0	0	0	0	0	0	0	0	0	0	0	0	0
1023_1024	TGCCCTACACTTCTGC-16	0	0	0	0	1	0	0	0	0	0	0	0	0	0	0	0	0	1	0	0
1023_1024	TCTCATATCTCTTGAT-16	0	0	0	0	0	0	0	0	0	0	0	0	0	0	0	2	0	0	0	0
1023_1024	GATGAGGTCATCGATG-16	0	0	0	0	0	0	0	0	0	0	0	0	0	0	0	0	0	0	0	0
1023_1024	GCAAACTGTCAATACC-16	0	0	0	0	0	0	0	0	0	0	0	0	1	0	0	0	0	0	0	0
1023_1024	TCTTCGGCATAGTAAG-16	0	0	0	0	0	0	1	0	0	0	0	0	0	0	0	1	0	0	0	0
1023_1024	TGAGGGAAGACGCACA-16	0	0	0	0	0	0	1	0	0	0	0	0	0	0	0	0	0	0	0	0
1023_1024	GCTTGAACAAAGCAAT-16	0	1	0	0	0	0	0	0	0	0	1	0	0	0	0	0	0	0	1	0
1023_1024	TCTTCGGGTCCGAACC-16	0	0	0	0	0	0	0	0	0	0	1	0	0	0	0	0	0	0	0	0
1023_1024	TGAGCCGCATATGCTG-16	0	0	0	0	0	1	0	0	0	0	0	0	0	1	0	0	0	0	1	0
1023_1024	AGCGTATAGTGAACGC-16	0	0	0	0	1	0	1	0	0	0	0	0	0	0	0	1	0	0	0	0
1023_1024	TGACTAGGTTGAGTTC-16	0	0	0	0	0	0	0	0	0	0	1	0	1	0	0	0	0	0	0	0
1023_1024	GCGGGTTAGTCCGGTC-16	1	0	0	0	0	0	0	0	0	0	0	0	0	0	0	1	0	2	0	0
1023_1024	AGGGAGTCATAGACTC-16	0	0	0	0	0	0	1	0	0	0	0	0	0	0	0	1	0	0	0	0
1023_1024	GCTGCAGTCGGAATCT-16	0	0	0	0	0	0	0	0	0	0	0	0	0	0	0	1	0	0	0	0
1023_1024	ACGGGTCCAGAGTGTG-16	0	0	0	0	0	0	0	0	0	0	1	0	0	0	0	0	0	0	0	0
1023_1024	TCGGGACTCATTATCC-16	0	0	0	0	0	0	1	0	0	0	0	0	0	0	0	0	0	0	0	0
1023_1024	ACCCACTAGACACGAC-16	1	0	0	0	0	1	1	0	0	0	0	0	0	0	0	0	0	1	0	0
1023_1024	TATCAGGTCCTTGACC-16	0	0	0	0	0	1	0	0	0	0	0	0	1	0	0	0	0	0	0	0
1023_1024	CAGCTGGTCGGCGCAT-16	0	0	0	0	0	0	0	0	0	0	0	0	1	0	0	0	0	0	0	0
1023_1024	GTGGGTCCATGAAGTA-16	0	0	0	0	0	0	0	0	0	0	0	0	1	0	0	1	0	1	0	0
1023_1024	GTGGGTCTCAGTGCAT-16	0	0	0	0	0	0	0	0	0	0	0	0	0	0	0	0	0	0	0	0
1023_1024	ACATCAGAGGCCGAAT-16	1	0	0	0	0	0	0	0	0	0	1	0	0	0	0	0	0	1	0	0
1023_1024	CAGCGACCAAGTTAAG-16	0	0	0	0	0	0	1	0	0	0	0	0	0	0	0	0	0	0	0	0
1023_1024	TAGGCATCAAGGACTG-16	0	0	0	0	0	0	0	0	0	0	0	0	0	2	0	0	0	0	0	0
1023_1024	ACCCACTCATGGTTGT-16	0	0	0	0	0	0	0	0	0	0	0	0	0	0	0	0	0	1	0	0
1023_1024	TAAACCGAGATCTGAA-16	0	0	0	0	0	0	1	1	1	0	0	0	0	0	0	0	0	0	0	0
1023_1024	TAAGAGAGTAGAAGGA-16	0	0	0	0	0	0	0	0	0	0	0	0	0	0	0	0	0	0	2	0
1023_1024	TAAGAGATCACAGTAC-16	0	0	0	0	0	0	0	0	0	0	0	0	0	0	0	0	0	0	0	1
1023_1024	TACAGTGCAAACCTAC-16	0	0	0	0	0	0	0	0	0	0	0	0	0	0	0	0	0	0	0	1
1023_1024	TACGGATAGTACGCCC-16	1	0	0	0	0	0	0	0	0	0	0	0	0	0	0	0	0	0	0	0
1023_1024	TACGGATCATGAACCT-16	0	0	0	0	0	0	0	0	0	0	0	0	0	0	0	0	0	0	0	0
1023_1024	ACACCAAGTGTAACGG-16	0	0	0	0	0	0	0	0	0	0	1	0	0	0	0	0	0	1	0	0
1023_1024	AACTTTCCACTATCTT-16	0	0	0	0	0	0	1	0	0	0	0	0	0	1	0	0	0	0	0	0
1023_1024	TAGACCAAGTAGGTGC-16	0	0	0	0	0	0	1	0	0	0	0	0	0	0	0	0	0	1	0	0
1023_1024	TAGCCGGTCTGCTTGC-16	0	0	0	0	0	0	2	0	0	0	1	0	0	0	0	0	0	1	0	0
1023_1024	GGACGTCGTAGCCTAT-16	0	0	0	0	0	1	0	0	0	0	0	0	0	0	0	0	0	0	0	1
1023_1024	GTCTTCGAGTGCGTGA-16	0	0	0	0	0	0	0	0	0	0	1	0	0	0	0	0	1	0	0	0
1023_1024	AAAGCAATCCTTGACC-16	0	0	0	0	0	0	0	0	0	0	1	0	0	0	0	0	0	0	0	0
1023_1024	GGCGACTGTAGCGCTC-16	0	0	0	0	0	0	0	0	0	0	0	0	1	0	0	0	0	0	0	0
1023_1024	ACTGTCCCACTGTGTA-16	0	0	0	0	0	0	0	0	0	0	0	0	0	0	1	0	0	0	0	0
1023_1024	CACCACTAGCTAGTGG-16	0	0	0	0	0	0	0	1	0	0	0	0	1	0	0	0	0	0	0	0
1023_1024	ACGTCAAAGCATGGCA-16	0	0	0	0	0	0	0	0	0	0	0	0	0	0	0	0	0	0	0	0
1023_1024	GACTACAAGGCGACAT-16	0	0	0	0	0	0	0	0	0	0	0	0	0	0	0	1	0	0	0	0
1023_1024	CATCGAACAGGGTACA-16	0	0	0	0	1	0	0	0	0	0	0	0	0	0	0	0	0	1	0	0
1023_1024	ACGGGCTAGCGATCCC-16	0	0	0	0	0	0	0	0	0	0	0	0	0	0	0	0	0	1	0	0
1023_1024	TCAGGTACAGTACACT-16	0	0	0	0	0	0	0	0	0	0	0	0	0	0	0	0	0	1	0	0
1023_1024	TCAATCTGTACCGTTA-16	0	0	0	0	0	0	0	0	0	0	0	0	0	0	0	0	0	0	0	0
1023_1024	GTACTCCTCGGCGCAT-16	0	0	0	0	0	2	0	0	0	0	0	0	0	0	0	0	0	0	0	0
1023_1024	GTATCTTAGAAGCCCA-16	0	0	0	0	0	1	0	0	0	0	0	0	0	0	0	0	0	0	0	0
1023_1024	GTATCTTCATCAGTCA-16	0	0	0	0	0	0	0	0	0	0	0	0	0	0	0	0	0	0	0	0
1023_1024	CAGTAACAGAGCTTCT-16	0	0	0	0	0	0	0	0	0	0	0	0	0	0	0	0	0	1	1	0
1023_1024	GTCAAGTGTCTTCAAG-16	0	0	0	0	0	0	0	0	0	0	0	0	1	0	0	0	0	0	0	1
1023_1024	GTCACAAGTGTTGGGA-16	0	0	0	0	0	0	0	0	0	0	0	0	1	0	0	0	0	0	0	0
1023_1024	TCACAAGGTGACTCAT-16	0	0	0	0	0	0	1	0	0	0	1	0	0	0	0	0	1	0	1	0
1023_1024	ACGATACGTGGCAAAC-16	1	0	0	0	0	0	0	0	0	0	1	0	0	0	0	0	0	0	0	0
1023_1024	TCACAAGAGTGTGGCA-16	0	0	0	0	0	1	0	0	0	0	0	0	0	0	0	0	0	1	0	0
1023_1024	CATCAGAAGCTAAGAT-16	0	0	0	0	0	0	0	0	0	0	0	0	0	0	0	0	0	0	0	0
1023_1024	TGGACGCAGTTGAGAT-16	0	0	0	0	0	0	1	0	0	0	0	0	0	0	0	0	0	0	0	0
1023_1024	AGGGTGAGTCATATGC-16	0	0	0	0	0	0	0	0	0	0	0	0	0	0	0	0	0	0	0	0
1023_1024	CTGGTCTAGTACCGGA-16	0	0	0	1	0	0	0	0	0	1	0	0	0	0	0	0	0	0	0	0
1023_1024	TGGTTCCTCAAAGTAG-16	0	0	0	0	0	0	0	0	0	0	0	0	0	0	0	0	0	0	0	0
1023_1024	ATCTGCCCATTAGCCA-16	0	0	0	0	0	0	0	0	0	0	1	0	0	0	0	0	0	0	0	0
1023_1024	CGCTGGAAGATGAGAG-16	0	0	0	0	0	0	0	0	0	0	0	0	0	0	0	0	0	0	0	0
1023_1024	CCCATACTCATAACCG-16	0	0	0	0	0	0	0	0	0	0	0	0	0	0	0	0	0	1	0	0
1023_1024	TTCTCAATCTACTCAT-16	0	0	0	0	0	0	0	0	0	0	1	0	1	0	0	0	0	0	0	0
1023_1024	CCCTCCTAGGTAGCCA-16	0	0	0	0	0	0	0	0	0	0	0	0	0	0	0	0	0	1	0	0
1023_1024	CGGAGCTAGACGCTTT-16	0	0	0	0	0	0	0	0	0	0	0	0	0	0	0	0	0	0	0	0
1023_1024	CTGCCTATCTCATTCA-16	0	0	0	0	0	0	0	0	0	0	0	0	0	0	0	0	0	1	0	0
1023_1024	CGGAGCTGTGTTCGAT-16	0	0	0	0	0	0	0	0	0	0	1	0	0	0	0	0	0	0	0	1
1023_1024	TTTGGTTTCAGTTGAC-16	0	0	0	0	0	0	0	0	0	0	0	0	0	0	0	0	0	0	0	1
1023_1024	CCGGTAGAGGAGTTTA-16	0	0	0	0	0	0	0	0	0	0	0	0	0	0	0	0	0	0	0	0
1023_1024	CGTAGCGCACGAAGCA-16	0	0	0	0	0	0	1	0	0	0	0	0	0	1	0	1	0	1	1	0
1023_1024	TTTACTGAGCCACCTG-16	0	0	0	0	0	0	0	0	0	0	0	0	0	0	0	0	0	0	0	0
1023_1024	CTTTGCGTCCTCAATT-16	0	0	0	0	0	0	1	0	0	0	0	0	0	0	0	0	0	0	0	0
1023_1024	TTGACTTGTGAAAGAG-16	1	0	0	0	0	0	0	0	0	0	0	0	1	0	0	0	0	0	0	0
1023_1024	CCGTTCAAGGCATGTG-16	0	0	0	0	0	0	0	0	0	0	0	0	0	0	0	0	0	0	0	0
1023_1024	TTATGCTTCGGTCTAA-16	0	0	0	0	0	0	0	0	0	0	0	0	0	0	0	0	0	2	0	0
1023_1024	TTCGAAGCATTAACCG-16	0	0	0	0	0	0	0	0	1	0	0	0	1	0	0	0	0	0	0	0
1023_1024	TTCGAAGTCGCCTGAG-16	0	0	0	0	0	0	0	0	0	0	0	0	0	1	0	0	0	1	0	0
1023_1024	TTCGGTCTCAACACCA-16	0	0	0	0	0	0	1	0	1	0	0	0	0	0	0	0	0	0	0	0
1023_1024	TTCTACAAGACACTAA-16	0	0	0	0	0	0	0	0	1	0	0	0	0	0	0	0	0	0	0	0
1023_1024	TTCTTAGTCGGACAAG-16	0	0	0	0	0	0	0	0	0	0	1	0	0	0	0	1	0	1	0	0
1023_1024	TTCTACAAGGGCACTA-16	0	0	0	0	0	1	0	0	0	0	0	0	0	0	0	0	0	0	0	0
1023_1024	CTAATGGAGAGTACCG-16	0	0	0	0	0	0	0	0	0	0	0	0	0	0	0	0	0	0	0	0
1023_1024	CTCACACTCTTATCTG-16	0	0	0	0	0	0	0	0	0	0	0	0	0	0	0	0	0	2	1	0
1023_1024	CTACATTAGGCCCTCA-16	0	0	0	0	0	1	0	0	0	0	0	0	0	0	0	0	0	1	1	0
1023_1024	CAACCTCGTGATGATA-16	0	0	0	0	0	0	0	0	0	0	0	0	0	0	0	0	0	0	0	0
1023_1024	CACACAAAGTCATCCA-16	0	0	0	0	0	0	0	0	0	0	0	0	0	0	0	1	0	1	1	0
1023_1024	CTCGGAGTCCCTCTTT-16	0	0	0	0	0	0	0	0	0	0	1	0	1	0	0	0	0	0	0	0
1023_1024	CGATGTAAGATGTAAC-16	0	0	0	0	0	1	1	0	0	0	0	0	0	0	0	0	0	0	0	0
1023_1024	CTACGTCCAGACAAAT-16	0	0	0	0	0	0	0	0	0	0	1	0	0	0	0	0	0	0	0	0
1023_1024	CCTTTCTTCGCCGTGA-16	0	0	0	0	0	0	0	0	0	0	0	0	0	0	0	0	0	0	0	0
1023_1024	TGGCGCAAGCTGAACG-16	0	0	0	0	0	0	0	0	0	0	0	0	2	0	0	0	0	0	0	0
1023_1024	TGGCTGGTCTTATCTG-16	0	0	0	0	0	0	0	0	0	0	0	0	0	0	0	0	0	1	1	0
1023_1024	CACTCCAAGTCGCCGT-16	0	0	0	0	0	0	0	0	0	0	0	0	0	0	0	0	0	0	0	0
1023_1024	ATAAGAGTCCTGCAGG-16	0	0	0	0	0	0	0	0	0	0	0	0	0	1	0	0	0	1	0	0
1023_1024	ATCATGGAGTTATCGC-16	0	0	0	0	0	0	0	0	0	0	0	0	0	0	0	0	0	0	0	0
1023_1024	GACGCGTCAAGACACG-16	0	0	0	0	0	0	1	0	0	0	0	0	0	0	0	0	0	0	0	0
1023_1024	GAATAAGTCAACGGGA-16	0	0	0	0	0	0	0	0	0	0	1	0	0	0	0	0	0	0	0	0
1023_1024	GAAATGATCTGCCCTA-16	0	0	0	0	0	0	0	0	0	0	0	0	0	0	0	0	1	0	0	0
1023_1024	CGACCTTCACTGAAGG-16	0	0	0	0	0	0	0	0	0	0	0	0	0	0	0	1	0	0	0	0
1023_1024	CCCAATCAGCCGGTAA-16	0	0	0	0	0	0	0	0	0	0	0	0	0	0	0	0	0	0	0	0
1023_1024	CACAAACCATGCTAGT-16	1	0	0	0	0	0	0	0	0	0	0	0	0	0	0	0	0	0	0	0
1023_1024	CGATGGCCACGGTGTC-16	0	0	0	0	0	0	1	0	0	0	0	0	0	0	0	0	0	1	0	0
1023_1024	CGACTTCAGACAAGCC-16	0	0	0	0	0	0	0	0	0	0	1	0	0	0	0	0	0	0	0	1
1023_1024	CCTTTCTCAGCTCGAC-16	0	0	0	0	0	0	0	0	0	0	0	0	0	0	0	0	0	0	0	1
1023_1024	TGGCGCAGTTGGTAAA-16	0	0	0	0	0	0	0	0	0	0	0	0	0	0	0	0	0	0	0	0
